DROP DATABASE IF EXISTS `football`;
CREATE DATABASE `football`;
USE `football`;

CREATE TABLE `league`
(
    `idleague` int(11)     NOT NULL AUTO_INCREMENT,
    `country`  varchar(45) NOT NULL,
    `name`     varchar(45) NOT NULL,
    PRIMARY KEY (`idleague`)
) DEFAULT CHARSET = utf8;

INSERT INTO `league`
VALUES (1, 'England', 'Premier League'),
       (2, 'Spain', 'La Liga');

CREATE TABLE `referee`
(
    `idreferee`   int(11)     NOT NULL AUTO_INCREMENT,
    `name`        varchar(45) NOT NULL,
    `nationality` varchar(45) NOT NULL,
    PRIMARY KEY (`idreferee`)
) DEFAULT CHARSET = utf8;

INSERT INTO `referee`
VALUES (1, 'Martin Atkinson', 'England'),
       (2, 'Kevin Blom', 'Netherlands'),
       (3, 'Felix Brych', 'Germany'),
       (4, 'Mark Clattenburg', 'England'),
       (5, 'Jonas Eriksson', 'Sweden'),
       (6, 'Howard Webb', 'England'),
       (7, 'Viktor Kassai', 'Hungary'),
       (8, 'Björn Kuipers', 'Netherlands'),
       (9, 'Stéphane Lannoy', 'France'),
       (10, 'Florian Meyer', 'Germany'),
       (11, 'Svein Oddvar Moen', 'Norway'),
       (12, 'Pedro Proença', 'Portugal'),
       (13, 'Nicola Rizzoli', 'Italy'),
       (14, 'Gianluca Rocchi', 'Italy'),
       (15, 'Damir Skomina', 'Slovenia'),
       (16, 'Wolfgang Stark', 'Germany'),
       (17, 'Paolo Tagliavento', 'Italy'),
       (18, 'Craig Thomson', 'Scotland'),
       (19, 'Alberto Undiano Mallenco', 'Spain'),
       (20, 'Carlos Velasco Carballo', 'Spain');

CREATE TABLE `season`
(
    `idseason` int(11)     NOT NULL AUTO_INCREMENT,
    `name`     varchar(45) NOT NULL,
    PRIMARY KEY (`idseason`)
) DEFAULT CHARSET = utf8;

INSERT INTO `season`
VALUES (1, '2011–12'),
       (2, '2012–13');

CREATE TABLE `stadium`
(
    `idstadium` int(11)     NOT NULL AUTO_INCREMENT,
    `name`      varchar(45) NOT NULL,
    `capacity`  int(11)     NOT NULL,
    PRIMARY KEY (`idstadium`)
) DEFAULT CHARSET = utf8;

INSERT INTO `stadium`
VALUES (1, 'Emirates Stadium', 60361),
       (2, 'Villa Park', 42788),
       (3, 'Ewood Park', 31154),
       (4, 'Reebok Stadium', 28723),
       (5, 'Stamford Bridge', 41837),
       (6, 'Goodison Park', 40157),
       (7, 'Craven Cottage', 25700),
       (8, 'Anfield', 45276),
       (9, 'Etihad Stadium', 47805),
       (10, 'Old Trafford', 75811),
       (11, 'Sports Direct Arena', 52387),
       (12, 'Carrow Road', 27033),
       (13, 'Loftus Road', 18360),
       (14, 'Britannia Stadium', 27598),
       (15, 'Stadium of Light', 49000),
       (16, 'Liberty Stadium', 20532),
       (17, 'White Hart Lane', 36230),
       (18, 'The Hawthorns', 26272),
       (19, 'DW Stadium', 25133),
       (20, 'Molineux Stadium', 27828),
       (21, 'San Mamés', 40000),
       (22, 'Vicente Calderón', 54960),
       (23, 'Camp Nou', 99787),
       (24, 'Benito Villamarín', 52745),
       (25, 'Estadi Cornellà-El Prat', 40500),
       (26, 'Coliseum Alfonso Pérez', 17700),
       (27, 'Nuevo Los Cármenes', 22524),
       (28, 'Estadi Ciutat de València', 25354),
       (29, 'Iberostar Estadio', 23142),
       (30, 'La Rosaleda', 28963),
       (31, 'Estadio Reyno de Navarra', 19553),
       (32, 'El Sardinero', 22271),
       (33, 'Estadio de Vallecas', 15489),
       (34, 'Santiago Bernabéu', 85454),
       (35, 'Estadio Anoeta', 32076),
       (36, 'Ramón Sánchez Pizjuán', 45500),
       (37, 'El Molinón', 29800),
       (38, 'Mestalla', 55000),
       (39, 'El Madrigal', 25000),
       (40, 'La Romareda', 34596);

CREATE TABLE `club`
(
    `idclub`     int(11)     NOT NULL AUTO_INCREMENT,
    `league_id`  int(11)     NOT NULL,
    `stadium_id` int(11)     NOT NULL,
    `name`       varchar(45) NOT NULL,
    `founded`    int(11)     NOT NULL,
    `manager`    varchar(45) NOT NULL,
    `city`       varchar(45) NOT NULL,
    PRIMARY KEY (`idclub`),
    KEY `club_has_league` (`league_id`),
    KEY `club_has_stadium` (`stadium_id`),
    CONSTRAINT `club_has_league` FOREIGN KEY (`league_id`) REFERENCES `league` (`idleague`) ON DELETE NO ACTION ON UPDATE NO ACTION,
    CONSTRAINT `club_has_stadium` FOREIGN KEY (`stadium_id`) REFERENCES `stadium` (`idstadium`) ON DELETE NO ACTION ON UPDATE NO ACTION
) DEFAULT CHARSET = utf8;

INSERT INTO `club`
VALUES (1, 1, 1, 'Arsenal', 1886, 'Arsène Wenger', 'London'),
       (2, 1, 2, 'Aston Villa', 1874, 'Alex McLeish', 'Birmingham'),
       (3, 1, 3, 'Blackburn Rovers', 1875, 'Steve Kean', 'Blackburn'),
       (4, 1, 4, 'Bolton Wanderers', 1874, 'Owen Coyle', 'Manchester'),
       (5, 1, 5, 'Chelsea', 1905, 'Roberto Di Matteo', 'London'),
       (6, 1, 6, 'Everton', 1878, 'David Moyes', 'Liverpool'),
       (7, 1, 7, 'Fulham', 1879, 'Martin Jol', 'London'),
       (8, 1, 8, 'Liverpool', 1892, 'Kenny Dalglish', 'Liverpool'),
       (9, 1, 9, 'Manchester City', 1880, 'Roberto Mancini', 'Manchester'),
       (10, 1, 10, 'Manchester United', 1878, 'Sir Alex Ferguson', 'Manchester'),
       (11, 1, 11, 'Newcastle United', 1892, 'Alan Pardew', 'Newcastle upon Tyne'),
       (12, 1, 12, 'Norwich City', 1902, 'Paul Lambert', 'Norwich'),
       (13, 1, 13, 'Queens Park Rangers', 1882, 'Mark Hughes', 'London'),
       (14, 1, 14, 'Stoke City', 1863, 'Tony Pulis', 'Stoke on Trent'),
       (15, 1, 15, 'Sunderland', 1879, 'Martin O´Neill', 'Sunderland'),
       (16, 1, 16, 'Swansea City', 1912, 'Brendan Rodgers', 'Swansea'),
       (17, 1, 17, 'Tottenham Hotspur', 1882, 'Harry Redknapp', 'London'),
       (18, 1, 18, 'West Bromwich Albion', 1878, 'Roy Hodgson', 'Birmingham'),
       (19, 1, 19, 'Wigan Athletic', 1932, 'Roberto Martinez', 'Manchester'),
       (20, 1, 20, 'Wolverhampton Wanderers', 1877, 'Terry Connor', 'Wolverhampton'),
       (21, 2, 21, 'Athletic Bilbao', 1898, 'Marcelo Bielsa', 'Bilbao'),
       (22, 2, 22, 'Atlético Madrid', 1903, 'Diego Simeone', 'Madrid'),
       (23, 2, 23, 'Barcelona', 1899, 'Josep Guardiola', 'Barcelona'),
       (24, 2, 24, 'Real Betis', 1907, 'Pepe Mel', 'Seville'),
       (25, 2, 25, 'Espanyol', 1900, 'Mauricio Pochettino', 'Barcelona'),
       (26, 2, 26, 'Getafe', 1983, 'Luis García Plaza', 'Madrid'),
       (27, 2, 27, 'Granada', 1931, 'Abel Resino', 'Granada'),
       (28, 2, 28, 'Levante', 1909, 'Juan Ignacio Martínez', 'Valencia'),
       (29, 2, 29, 'Mallorca', 1916, 'Joaquín Caparrós', 'Palma'),
       (30, 2, 30, 'Málaga', 1948, 'Manuel Pellegrini', 'Málaga'),
       (31, 2, 31, 'Osasuna', 1920, 'José Luis Mendilibar', 'Pamplona'),
       (32, 2, 32, 'Racing de Santander', 1913, 'Álvaro Cervera', 'Santander'),
       (33, 2, 33, 'Rayo Vallecano', 1924, 'José Ramón Sandoval', 'Madrid'),
       (34, 2, 34, 'Real Madrid', 1902, 'José Mourinho', 'Madrid'),
       (35, 2, 35, 'Real Sociedad', 1909, 'Philippe Montanier', 'San Sebastián'),
       (36, 2, 36, 'Sevilla', 1905, 'Míchel González', 'Seville'),
       (37, 2, 37, 'Sporting Gijón', 1905, 'Javier Clemente', 'Gijón'),
       (38, 2, 38, 'Valencia', 1919, 'Unai Emery', 'Valencia'),
       (39, 2, 39, 'Villarreal', 1923, 'Miguel Ángel Lotina', 'Villarreal'),
       (40, 2, 40, 'Real Zaragoza', 1932, 'Manolo Jiménez', 'Zaragoza');

CREATE TABLE `position`
(
    `idposition` int(11)     NOT NULL AUTO_INCREMENT,
    `name`       varchar(45) NOT NULL,
    PRIMARY KEY (`idposition`)
) DEFAULT CHARSET = utf8;

INSERT INTO `position`
VALUES (1, 'Goalkeeper'),
       (2, 'Defender'),
       (3, 'Midfielder'),
       (4, 'Forward');

CREATE TABLE `player`
(
    `idplayer`    int(11)     NOT NULL AUTO_INCREMENT,
    `position_id` int(11)     NOT NULL,
    `name`        varchar(45) NOT NULL,
    `nationality` varchar(45) NOT NULL,
    PRIMARY KEY (`idplayer`),
    KEY `player_has_position` (`position_id`),
    CONSTRAINT `player_has_position` FOREIGN KEY (`position_id`) REFERENCES `position` (`idposition`) ON DELETE NO ACTION ON UPDATE NO ACTION
) DEFAULT CHARSET = utf8;

INSERT INTO `player`
VALUES (1, 1, 'Wojciech Szczęsny', 'Poland'),
       (2, 2, 'Bacary Sagna', 'France'),
       (3, 2, 'Per Mertesacker', 'Germany'),
       (4, 2, 'Laurent Koscielny', 'France'),
       (5, 2, 'Thomas Vermaelen', 'Belgium'),
       (6, 3, 'Alex Song', 'Cameroon'),
       (7, 3, 'Mikel Arteta', 'Spain'),
       (8, 3, 'Aaron Ramsey', 'Wales'),
       (9, 4, 'Theo Walcott', 'England'),
       (10, 4, 'Robin van Persie', 'Netherlands'),
       (11, 4, 'Gervinho', 'Ivory Coast'),
       (12, 1, 'Shay Given', 'Ireland'),
       (13, 2, 'Alan Hutton', 'Scotland'),
       (14, 2, 'James Collins', 'Wales'),
       (15, 2, 'Richard Dunne', 'Ireland'),
       (16, 2, 'Stephen Warnock', 'England'),
       (17, 3, 'Stephen Ireland', 'Ireland'),
       (18, 3, 'Stiliyan Petrov', 'Bulgaria'),
       (19, 3, 'Ciaran Clark', 'Ireland'),
       (20, 4, 'Gabriel Agbonlahor', 'England'),
       (21, 4, 'Emile Heskey', 'England'),
       (22, 4, 'Darren Bent', 'England'),
       (23, 1, 'Paul Robinson', 'England'),
       (24, 2, 'Jason Lowe', 'England'),
       (25, 2, 'Scott Dann', 'England'),
       (26, 2, 'Gaël Givet', 'France'),
       (27, 2, 'Martin Olsson', 'Sweden'),
       (28, 3, 'Morten Gamst Pedersen', 'Norway'),
       (29, 3, 'Steven N`Zonzi', 'France'),
       (30, 3, 'Radosav Petrović', 'Serbia'),
       (31, 3, 'Junior Hoilett', 'Canada'),
       (32, 3, 'David Dunn', 'England'),
       (33, 4, 'Yakubu', 'Nigeria'),
       (34, 1, 'Jussi Jääskeläinen', 'Finland'),
       (35, 2, 'Tyrone Mears', 'England'),
       (36, 2, 'David Wheater', 'England'),
       (37, 2, 'Zat Knight', 'England'),
       (38, 2, 'Sam Ricketts', 'Wales'),
       (39, 3, 'Nigel Reo Coker', 'England'),
       (40, 3, 'Fabrice Muamba', 'England'),
       (41, 3, 'Chris Eagles', 'England'),
       (42, 3, 'Martin Petrov', 'Bulgaria'),
       (43, 3, 'Mark Davies', 'England'),
       (44, 4, 'David N`Gog', 'France'),
       (45, 1, 'Petr Čech', 'Czech Republic'),
       (46, 2, 'Branislav Ivanović', 'Serbia'),
       (47, 2, 'David Luiz', 'Brazil'),
       (48, 2, 'John Terry', 'England'),
       (49, 2, 'Ashley Cole', 'England'),
       (50, 3, 'Michael Essien', 'Ghana'),
       (51, 3, 'Raul Meireles', 'Portugal'),
       (52, 3, 'Frank Lampard', 'England'),
       (53, 4, 'Fernando Torres', 'Spain'),
       (54, 4, 'Didier Drogba', 'Ivory Coast'),
       (55, 4, 'Juan Mata', 'Spain'),
       (56, 1, 'Tim Howard', 'United States'),
       (57, 2, 'Tony Hibbert', 'England'),
       (58, 2, 'Phil Jagielka', 'England'),
       (59, 2, 'Sylvain Distin', 'France'),
       (60, 2, 'Leighton Baines', 'England'),
       (61, 3, 'Séamus Coleman', 'Ireland'),
       (62, 3, 'Darron Gibson', 'Ireland'),
       (63, 3, 'Marouane Fellaini', 'Belgium'),
       (64, 3, 'Steven Pienaar', 'South Africa'),
       (65, 3, 'Tim Cahill', 'Australia'),
       (66, 4, 'Nikica Jelavić', 'Croatia'),
       (67, 1, 'Mark Schwarzer', 'Australia'),
       (68, 2, 'Stephen Kelly', 'Ireland'),
       (69, 2, 'Phillipe Senderos', 'Switzerland'),
       (70, 2, 'Brede Hangeland', 'Norway'),
       (71, 2, 'John Arne Riise', 'Norway'),
       (72, 3, 'Damien Duff', 'Ireland'),
       (73, 3, 'Danny Murphy', 'England'),
       (74, 3, 'Moussa Dembele', 'Belgium'),
       (75, 3, 'Bryan Ruiz', 'Costa Rica'),
       (76, 4, 'Clint Dempsey', 'United States'),
       (77, 4, 'Pavel Pogrebnyak', 'Russia'),
       (78, 1, 'Pepe Reina', 'Spain'),
       (79, 2, 'Glen Johnson', 'England'),
       (80, 2, 'Daniel Agger', 'Denmark'),
       (81, 2, 'Martin Skrtel', 'Slovakia'),
       (82, 2, 'José Enrique', 'Spain'),
       (83, 3, 'Jay Spearing', 'England'),
       (84, 3, 'Charlie Adam', 'Scotland'),
       (85, 4, 'Jordan Henderson', 'England'),
       (86, 4, 'Luis Suárez', 'Uruguay'),
       (87, 4, 'Stewart Downing', 'England'),
       (88, 4, 'Andy Carroll', 'England'),
       (89, 1, 'Joe Hart', 'England'),
       (90, 2, 'Micah Richards', 'England'),
       (91, 2, 'Vincent Kompany', 'Belgium'),
       (92, 2, 'Joleon Lescott', 'England'),
       (93, 2, 'Gaël Clichy', 'France'),
       (94, 3, 'Gareth Barry', 'Spain'),
       (95, 3, 'Yaya Toure', 'France'),
       (96, 3, 'Samir Nasri', 'England'),
       (97, 3, 'David Silva', 'Uruguay'),
       (98, 4, 'Carlos Tevez', 'Argentina'),
       (99, 4, 'Sergio Agüero', 'Argentina'),
       (100, 1, 'David de Gea', 'Spain'),
       (101, 2, 'Patrice Evra', 'France'),
       (102, 2, 'Rio Ferdinand', 'England'),
       (103, 2, 'Nemanja Vidić', 'Serbia'),
       (104, 2, 'Phil Jones', 'England'),
       (105, 3, 'Ryan Giggs', 'England'),
       (106, 3, 'Paul Scholes', 'England'),
       (107, 3, 'Antonio Valencia', 'England'),
       (108, 3, 'Nani', 'England'),
       (109, 4, 'Javier Hernández', 'Mexico'),
       (110, 4, 'Wayne Rooney', 'England'),
       (111, 1, 'Tim Krul', 'France'),
       (112, 2, 'Danny Simpson', 'England'),
       (113, 2, 'Fabricio Coloccini', 'Argentina'),
       (114, 2, 'Mike Williamson', 'England'),
       (115, 2, 'Ryan Taylor', 'England'),
       (116, 3, 'Gabriel Obertan', 'France'),
       (117, 3, 'Yohan Cabaye', 'France'),
       (118, 3, 'Cheick Tioté', 'Ivory Coast'),
       (119, 3, 'Jonás Gutiérrez', 'Argentina'),
       (120, 4, 'Papiss Cissé', 'Senegal'),
       (121, 4, 'Demba Ba', 'Senegal'),
       (122, 1, 'John Ruddy', 'France'),
       (123, 2, 'Kyle Naughton', 'England'),
       (124, 2, 'Russell Martin', 'Argentina'),
       (125, 2, 'Bradley Johnson', 'England'),
       (126, 2, 'Marc Tierney', 'England'),
       (127, 3, 'David Fox', 'France'),
       (128, 3, 'Anthony Pilkington', 'England'),
       (129, 3, 'Wes Hoolahan', 'Ireland'),
       (130, 3, 'Andrew Surman', 'England'),
       (131, 4, 'Steve Morison', 'Wales'),
       (132, 4, 'Grant Holt', 'England'),
       (133, 1, 'Paddy Kenny', 'Ireland'),
       (134, 2, 'Luke Young', 'England'),
       (135, 2, 'Nedum Onuoha', 'England'),
       (136, 2, 'Anton Ferdinand', 'England'),
       (137, 2, 'Taye Taiwo', 'Nigeria'),
       (138, 3, 'Shaun Wright Phillips', 'England'),
       (139, 3, 'Shaun Derry', 'Mali'),
       (140, 3, 'Joey Barton', 'England'),
       (141, 3, 'Adel Taarabt', 'Scotland'),
       (142, 4, 'Bobby Zamora', 'England'),
       (143, 4, 'Djibril Cissé', 'Scotland'),
       (144, 1, 'Thomas Sørensen', 'Bosnia'),
       (145, 2, 'Andy Wilkinson', 'England'),
       (146, 2, 'Ryan Shawcross', 'England'),
       (147, 2, 'Robert Huth', 'Germany'),
       (148, 2, 'Marc Wilson', 'Ireland'),
       (149, 3, 'Jermaine Pennant', 'England'),
       (150, 3, 'Tom Soares', 'Ireland'),
       (151, 3, 'Rory Delap', 'England'),
       (152, 3, 'Matthew Etherington', 'England'),
       (153, 4, 'Jonathan Walters', 'Ireland'),
       (154, 4, 'Peter Crouch', 'England'),
       (155, 1, 'Simon Mignolet', 'Belgium'),
       (156, 2, 'Phil Bardsley', 'Scotland'),
       (157, 2, 'John O`Shea', 'Ireland'),
       (158, 2, 'Michael Turner', 'England'),
       (159, 2, 'Kieran Richardson', 'England'),
       (160, 3, 'Sebastian Larsson', 'Sweden'),
       (161, 3, 'Lee Cattermole', 'England'),
       (162, 3, 'Craig Gardner', 'England'),
       (163, 3, 'Jack Colback', 'England'),
       (164, 4, 'Stéphane Sessègnon', 'Benin'),
       (165, 4, 'Nicklas Bendtner', 'Denmark'),
       (166, 1, 'Michel Vorm', 'Netherlands'),
       (167, 2, 'Àngel Rangel', 'Spain'),
       (168, 2, 'Ashley Williams', 'Wales'),
       (169, 2, 'Steven Caulker', 'England'),
       (170, 2, 'Neil Taylor', 'Wales'),
       (171, 3, 'Leon Britton', 'England'),
       (172, 3, 'Joe Allen', 'Wales'),
       (173, 3, 'Nathan Dyer', 'England'),
       (174, 3, 'Gylfi Sigurðsson', 'Iceland'),
       (175, 4, 'Scott Sinclair', 'England'),
       (176, 4, 'Danny Graham', 'England'),
       (177, 1, 'Brad Friedel', 'United States'),
       (178, 2, 'Kyle Walker', 'England'),
       (179, 2, 'Younes Kaboul', 'France'),
       (180, 2, 'Ledley King', 'England'),
       (181, 2, 'Benoît Assou Ekotto', 'Cameroon'),
       (182, 3, 'Aaron Lennon', 'England'),
       (183, 3, 'Scott Parker', 'England'),
       (184, 3, 'Luka Modrić', 'Croatia'),
       (185, 3, 'Gareth Bale', 'Wales'),
       (186, 4, 'Rafael van der Vaart', 'Netherlands'),
       (187, 4, 'Emmanuel Adebayor', 'Togo'),
       (188, 1, 'Ben Foster', 'England'),
       (189, 2, 'Steven Reid', 'Ireland'),
       (190, 2, 'Gareth McAuley', 'Ireland'),
       (191, 2, 'Jonas Olsson', 'Sweden'),
       (192, 2, 'Nicky Shorey', 'England'),
       (193, 3, 'Jerome Thomas', 'England'),
       (194, 3, 'James Morrison', 'Scotland'),
       (195, 3, 'Youssuf Mulumbu', 'Congo'),
       (196, 3, 'Graham Dorrans', 'Scotland'),
       (197, 4, 'Shane Long', 'Ireland'),
       (198, 4, 'Peter Odemwingie', 'Nigeria'),
       (199, 1, 'Ali Al-Habsi', 'Oman'),
       (200, 2, 'Ronnie Stam', 'Netherlands'),
       (201, 2, 'Antolín Alcaraz', 'Paraguay'),
       (202, 2, 'Gary Caldwell', 'Scotland'),
       (203, 2, 'Maynor Figueroa', 'Honduras'),
       (204, 3, 'Jean Beausejour', 'Chile'),
       (205, 3, 'James McCarthy', 'Ireland'),
       (206, 3, 'Mohamed Diamé', 'Senegal'),
       (207, 3, 'Jordi Gómez', 'Spain'),
       (208, 4, 'Victor Moses', 'Nigeria'),
       (209, 4, 'Franco Di Santo', 'Argentina'),
       (210, 1, 'Wayne Hennessey', 'Wales'),
       (211, 2, 'Richard Stearman', 'England'),
       (212, 2, 'Roger Johnson', 'England'),
       (213, 2, 'Sébastien Bassong', 'Cameroon'),
       (214, 2, 'Stephen Ward', 'Ireland'),
       (215, 3, 'Michael Kightly', 'England'),
       (216, 3, 'Karl Henry', 'England'),
       (217, 3, 'Jamie O`Hara', 'England'),
       (218, 3, 'Matt Jarvis', 'England'),
       (219, 4, 'David Edwards', 'Wales'),
       (220, 4, 'Steven Fletcher', 'Scotland'),
       (221, 1, 'Gorka Iraizoz', 'Spain'),
       (222, 2, 'Andoni Iraola', 'Spain'),
       (223, 2, 'Javi Martinez', 'Spain'),
       (224, 2, 'Fernando Amorebieta', 'Venezuela'),
       (225, 2, 'Koikili', 'Spain'),
       (226, 3, 'Ander Iturraspe', 'Spain'),
       (227, 3, 'Ander Herrera', 'Spain'),
       (228, 3, 'Óscar de Marcos', 'Spain'),
       (229, 3, 'Markel Susaeta', 'Spain'),
       (230, 4, 'Fernando Llorente', 'Spain'),
       (231, 4, 'Iker Muniain', 'Spain'),
       (232, 1, 'Thibaut Courtois', 'Belgium'),
       (233, 2, 'Juanfran', 'Spain'),
       (234, 2, 'Miranda', 'Brazil'),
       (235, 2, 'Diego Godín', 'Uruguay'),
       (236, 2, 'Filipe Luís', 'Brazil'),
       (237, 3, 'Diego', 'Brazil'),
       (238, 3, 'Gabi', 'Spain'),
       (239, 3, 'Tiago', 'Portugal'),
       (240, 3, 'Arda Turan', 'Turkey'),
       (241, 4, 'Falcao', 'Colombia'),
       (242, 4, 'Adrián', 'Spain'),
       (243, 1, 'Víctor Valdés', 'Spain'),
       (244, 2, 'Daniel Alves', 'Brazil'),
       (245, 2, 'Carles Puyol', 'Spain'),
       (246, 2, 'Gerard Piqué', 'Spain'),
       (247, 2, 'Éric Abidal', 'France'),
       (248, 3, 'Sergio Busquets', 'Spain'),
       (249, 3, 'Xavi Hernández', 'Spain'),
       (250, 3, 'Cesc Fàbregas', 'Spain'),
       (251, 4, 'Andrés Iniesta', 'Spain'),
       (252, 4, 'Lionel Messi', 'Argentina'),
       (253, 4, 'Alexis Sánchez', 'Chile'),
       (254, 1, 'Casto', 'Spain'),
       (255, 2, 'Isidoro', 'Spain'),
       (256, 2, 'Mario', 'Spain'),
       (257, 2, 'Dorado', 'Spain'),
       (258, 2, 'Nacho', 'Spain'),
       (259, 3, 'Iriney', 'Brazil'),
       (260, 3, 'Salva Sevilla', 'Spain'),
       (261, 3, 'Beñat', 'Spain'),
       (262, 4, 'Pozuelo', 'Spain'),
       (263, 4, 'Roque Santa Cruz', 'Paraguay'),
       (264, 4, 'Rubén Castro', 'Spain'),
       (265, 1, 'Cristian Álvarez', 'Argentina'),
       (266, 2, 'Ernesto Galán', 'Spain'),
       (267, 2, 'Juan Forlín', 'Spain'),
       (268, 2, 'Héctor Moreno', 'Mexico'),
       (269, 2, 'Dídac Vilà', 'Spain'),
       (270, 3, 'Vladimír Weiss', 'Slovakia'),
       (271, 3, 'Raúl Baena', 'Spain'),
       (272, 3, 'Romaric', 'Ivory Coast'),
       (273, 3, 'Thievy Bifouma', 'France'),
       (274, 4, 'Joan Verdú', 'Spain'),
       (275, 4, 'Sergio García', 'Spain'),
       (276, 1, 'Moyà', 'Spain'),
       (277, 2, 'Valera', 'Spain'),
       (278, 2, 'Daniel Díaz', 'Argentina'),
       (279, 2, 'Rafa López', 'Spain'),
       (280, 2, 'Tsepo Masilela', 'South Africa'),
       (281, 3, 'Pedro Ríos', 'Spain'),
       (282, 3, 'Míchel', 'Spain'),
       (283, 3, 'Javier Casquero', 'Spain'),
       (284, 3, 'Abdelaziz Barrada', 'Spain'),
       (285, 4, 'Daniel Güiza', 'Spain'),
       (286, 4, 'Miku', 'Venezuela'),
       (287, 1, 'Júlio César', 'Brazil'),
       (288, 2, 'Allan Nyom', 'Cameroon'),
       (289, 2, 'Íñigo López', 'Spain'),
       (290, 2, 'Yohan Mollo', 'France'),
       (291, 2, 'Guilherme Siqueira', 'Brazil'),
       (292, 3, 'Franco Jara', 'Argentina'),
       (293, 3, 'Mikel Rico', 'Spain'),
       (294, 3, 'Hassan Yebda', 'Algeria'),
       (295, 3, 'Dani Benítez', 'Spain'),
       (296, 4, 'Carlos Martins', 'Portugal'),
       (297, 4, 'Odion Ighalo', 'Nigeria'),
       (298, 1, 'Gustavo Munúa', 'Uruguay'),
       (299, 2, 'Javi Venta', 'Spain'),
       (300, 2, 'Sergio Ballesteros', 'Spain'),
       (301, 2, 'Asier del Horno', 'Spain'),
       (302, 2, 'Juanfran', 'Spain'),
       (303, 3, 'Valdo', 'Cape Verde'),
       (304, 3, 'Xavi Torres', 'Spain'),
       (305, 3, 'Javier Farinós', 'Spain'),
       (306, 3, 'José Barkero', 'Spain'),
       (307, 3, 'Rubén Suárez', 'Spain'),
       (308, 4, 'Arouna Koné', 'Ivory Coast'),
       (309, 1, 'Dudu Aouate', 'Israel'),
       (310, 2, 'Pau Cendrós', 'Spain'),
       (311, 2, 'Chico', 'Spain'),
       (312, 2, 'Iván Ramis', 'Spain'),
       (313, 2, 'Pablo Cáceres', 'Uruguay'),
       (314, 3, '	Michael Pereira', 'France'),
       (315, 3, 'Fernando Tissone', 'Argentina'),
       (316, 3, 'Tomás Pina', 'Spain'),
       (317, 3, 'Chori Castro', 'Uruguay'),
       (318, 4, 'Víctor Casadesús', 'Spain'),
       (319, 4, 'Tomer Hemed', 'Israel'),
       (320, 1, 'Willy Caballero', 'Argentina'),
       (321, 2, 'Jesús Gámez ', 'Spain'),
       (322, 2, 'Martín Demichelis', 'Argentina'),
       (323, 2, 'Joris Mathijsen', 'Netherlands'),
       (324, 2, 'Nacho Monreal', 'Spain'),
       (325, 3, 'Joaquín Sánchez', 'Spain'),
       (326, 3, 'Jérémy Toulalan', 'France'),
       (327, 3, 'Santi Cazorla', 'Spain'),
       (328, 3, 'Diego Buonanotte', 'Spain'),
       (329, 4, 'Isco', 'Spain'),
       (330, 4, 'Ruud van Nistelrooy', 'Netherlands'),
       (331, 1, 'Andrés Fernández', 'Spain'),
       (332, 2, 'Marc Bertrán', 'Spain'),
       (333, 2, 'Miguel Flaño', 'Spain'),
       (334, 2, 'Sergio', 'Spain'),
       (335, 2, 'Eneko Satrústegui', 'Spain'),
       (336, 3, 'Ibrahima Baldé', 'Senegal'),
       (337, 3, 'Francisco Puñal', 'Spain'),
       (338, 3, 'Raúl García', 'Spain'),
       (339, 3, 'Roland Lamah', 'Belgium'),
       (340, 4, 'Javad Nekounam', 'Iran'),
       (341, 4, 'Nino', 'Spain'),
       (342, 1, 'Toño', 'Spain'),
       (343, 2, 'Álvaro', 'Spain'),
       (344, 2, 'Marc Torrejón', 'Spain'),
       (345, 2, 'Bernardo', 'Colombia'),
       (346, 2, 'Domingo Cisma', 'Spain'),
       (347, 3, 'Papakouli Diop', 'Spain'),
       (348, 3, 'Gonzalo Colsa', 'Spain'),
       (349, 3, 'Kennedy Bakircioglü', 'Sweden'),
       (350, 3, 'Pedro Munitis', 'Spain'),
       (351, 4, 'Adrián González', 'Spain'),
       (352, 4, 'Christian Stuani', 'Spain'),
       (353, 1, 'Dani Giménez', 'Spain'),
       (354, 2, 'Tito', 'Spain'),
       (355, 2, 'Alejandro Arribas', 'Spain'),
       (356, 2, 'Antonio Amaya', 'Spain'),
       (357, 2, 'José Manuel Casado', 'Spain'),
       (358, 3, 'José Movilla', 'Spain'),
       (359, 3, 'Javi Fuego', 'Spain'),
       (360, 3, 'Lass', 'Ghana'),
       (361, 3, 'Piti', 'Spain'),
       (362, 4, 'Michu', 'Spain'),
       (363, 4, 'Tamudo', 'Spain'),
       (364, 1, 'Iker Casillas ', 'Spain'),
       (365, 2, 'Álvaro Arbeloa', 'Spain'),
       (366, 2, 'Pepe', 'Portugal'),
       (367, 2, 'Sergio Ramos ', 'Spain'),
       (368, 2, 'Marcelo', 'Spain'),
       (369, 3, 'Sami Khedira', 'Germany'),
       (370, 3, 'Xabi Alonso', 'Spain'),
       (371, 3, 'Ángel di María', 'Argentina'),
       (372, 3, 'Cristiano Ronaldo', 'Portugal'),
       (373, 4, 'Mesut Özil', 'Germany'),
       (374, 4, 'Karim Benzema', 'France'),
       (375, 1, 'Claudio Bravo', 'Chile'),
       (376, 2, 'Carlos Martínez', 'Spain'),
       (377, 2, 'Vadim Demidov', 'Norway'),
       (378, 2, 'Iñigo Martínez', 'Spain'),
       (379, 2, 'Alberto de la Bella', 'Spain'),
       (380, 3, 'Mikel Aranburu', 'Spain'),
       (381, 3, 'Gorka Elustondo', 'Spain'),
       (382, 3, 'David Zurutuza', 'France'),
       (383, 3, 'Carlos Vela', 'Mexico'),
       (384, 4, 'Imanol Agirretxe', 'Spain'),
       (385, 4, 'Antoine Griezmann', 'France'),
       (386, 1, 'Javi Varas', 'Spain'),
       (387, 2, 'Coke', 'Spain'),
       (388, 2, 'Emir Spahić', 'Bosnia'),
       (389, 2, 'Federico Fazio', 'Argentina'),
       (390, 2, 'Fernando Navarro', 'Spain'),
       (391, 3, 'Jesús Navas', 'Spain'),
       (392, 3, 'Gary Medel', 'Chile'),
       (393, 3, 'Ivan Rakitić', 'Croatia'),
       (394, 3, 'Manu del Moral', 'Spain'),
       (395, 4, 'José Antonio Reyes', 'Spain'),
       (396, 4, 'Álvaro Negredo', 'Spain'),
       (397, 1, 'Juan Pablo', 'Spain'),
       (398, 2, 'Alberto Lora', 'Spain'),
       (399, 2, 'Grégory Arnolin', 'France'),
       (400, 2, 'Alberto Botía', 'Spain'),
       (401, 2, 'Roberto Canella', 'Spain'),
       (402, 3, 'Óscar Trejo', 'Argentina'),
       (403, 3, 'Alberto Rivera', 'Spain'),
       (404, 3, 'Nacho Cases', 'Spain'),
       (405, 3, 'Miguel de las Cuevas', 'Spain'),
       (406, 4, 'André Castro', 'Portugal'),
       (407, 4, 'David Barral', 'Spain'),
       (408, 1, 'Diego Alves', 'Spain'),
       (409, 2, 'Miguel Monteiro', 'Spain'),
       (410, 2, 'Adil Rami', 'Spain'),
       (411, 2, 'Víctor Ruiz', 'Spain'),
       (412, 2, 'Jérémy Mathieu', 'France'),
       (413, 3, 'Sofiane Feghouli', 'Algeria'),
       (414, 3, 'David Albelda', 'Spain'),
       (415, 3, 'Éver Banega', 'Argentina'),
       (416, 3, 'Jordi Alba', 'Spain'),
       (417, 4, 'Jonas', 'Brazil'),
       (418, 4, 'Roberto Soldado', 'Spain'),
       (419, 1, 'Diego López', 'Spain'),
       (420, 2, 'Ángel López', 'Spain'),
       (421, 2, 'Gonzalo Rodríguez', 'Argentina'),
       (422, 2, 'Mateo Musacchio', 'Argentina'),
       (423, 2, 'Joan Oriol', 'Spain'),
       (424, 3, 'Cani', 'Spain'),
       (425, 3, 'Marcos Senna', 'Spain'),
       (426, 3, 'Bruno Soriano', 'Spain'),
       (427, 3, 'Borja Valero', 'Spain'),
       (428, 4, 'Marco Ruben', 'Argentina'),
       (429, 4, 'Joselú', 'Spain'),
       (430, 1, 'Roberto Jiménez', 'Spain'),
       (431, 2, 'Maurizio Lanzaro', 'Italy'),
       (432, 2, 'Paulo da Silva', 'Paraguay'),
       (433, 2, 'Javier Paredes', 'Spain'),
       (434, 2, 'Ivan Obradović', 'Serbia'),
       (435, 3, 'Tomislav Dujmović', 'Croatia'),
       (436, 3, 'Luis García', 'Spain'),
       (437, 3, 'Rúben Micael', 'Protugal'),
       (438, 3, 'Apoño', 'Spain'),
       (439, 4, 'Ángel Lafita', 'Spain'),
       (440, 4, 'Hélder Postiga', 'Portugal');

CREATE TABLE `squad`
(
    `idsquad`   int(11)    NOT NULL AUTO_INCREMENT,
    `player_id` int(11)    NOT NULL,
    `club_id`   int(11)    NOT NULL,
    `season_id` int(11)    NOT NULL,
    `loan`      tinyint(1) NOT NULL,
    PRIMARY KEY (`idsquad`),
    KEY `squad_has_club` (`club_id`),
    KEY `squad_has_player` (`player_id`),
    KEY `squad_has_season` (`season_id`),
    CONSTRAINT `squad_has_club` FOREIGN KEY (`club_id`) REFERENCES `club` (`idclub`) ON DELETE NO ACTION ON UPDATE NO ACTION,
    CONSTRAINT `squad_has_player` FOREIGN KEY (`player_id`) REFERENCES `player` (`idplayer`) ON DELETE NO ACTION ON UPDATE NO ACTION,
    CONSTRAINT `squad_has_season` FOREIGN KEY (`season_id`) REFERENCES `season` (`idseason`) ON DELETE NO ACTION ON UPDATE NO ACTION
) DEFAULT CHARSET = utf8;

INSERT INTO `squad`
VALUES (1, 1, 1, 1, 0),
       (2, 2, 1, 1, 0),
       (3, 3, 1, 1, 1),
       (4, 4, 1, 1, 0),
       (5, 5, 1, 1, 0),
       (6, 6, 1, 1, 0),
       (7, 7, 1, 1, 0),
       (8, 8, 1, 1, 0),
       (9, 9, 1, 1, 1),
       (10, 10, 1, 1, 0),
       (11, 11, 1, 1, 0),
       (12, 12, 2, 1, 0),
       (13, 13, 2, 1, 0),
       (14, 14, 2, 1, 0),
       (15, 15, 2, 1, 0),
       (16, 16, 2, 1, 0),
       (17, 17, 2, 1, 1),
       (18, 18, 2, 1, 0),
       (19, 19, 2, 1, 0),
       (20, 20, 2, 1, 0),
       (21, 21, 2, 1, 0),
       (22, 22, 2, 1, 0),
       (23, 23, 3, 1, 0),
       (24, 24, 3, 1, 0),
       (25, 25, 3, 1, 0),
       (26, 26, 3, 1, 0),
       (27, 27, 3, 1, 0),
       (28, 28, 3, 1, 1),
       (29, 29, 3, 1, 0),
       (30, 30, 3, 1, 0),
       (31, 31, 3, 1, 0),
       (32, 32, 3, 1, 0),
       (33, 33, 3, 1, 0),
       (34, 34, 4, 1, 0),
       (35, 35, 4, 1, 0),
       (36, 36, 4, 1, 1),
       (37, 37, 4, 1, 0),
       (38, 38, 4, 1, 0),
       (39, 39, 4, 1, 0),
       (40, 40, 4, 1, 0),
       (41, 41, 4, 1, 0),
       (42, 42, 4, 1, 0),
       (43, 43, 4, 1, 0),
       (44, 44, 4, 1, 0),
       (45, 45, 5, 1, 0),
       (46, 46, 5, 1, 1),
       (47, 47, 5, 1, 0),
       (48, 48, 5, 1, 0),
       (49, 49, 5, 1, 0),
       (50, 50, 5, 1, 0),
       (51, 51, 5, 1, 0),
       (52, 52, 5, 1, 0),
       (53, 53, 5, 1, 0),
       (54, 54, 5, 1, 0),
       (55, 55, 5, 1, 0),
       (56, 56, 6, 1, 0),
       (57, 57, 6, 1, 0),
       (58, 58, 6, 1, 0),
       (59, 59, 6, 1, 0),
       (60, 60, 6, 1, 0),
       (61, 61, 6, 1, 1),
       (62, 62, 6, 1, 0),
       (63, 63, 6, 1, 0),
       (64, 64, 6, 1, 0),
       (65, 65, 6, 1, 0),
       (66, 66, 6, 1, 0),
       (67, 67, 7, 1, 0),
       (68, 68, 7, 1, 0),
       (69, 69, 7, 1, 0),
       (70, 70, 7, 1, 0),
       (71, 71, 7, 1, 0),
       (72, 72, 7, 1, 0),
       (73, 73, 7, 1, 0),
       (74, 74, 7, 1, 0),
       (75, 75, 7, 1, 0),
       (76, 76, 7, 1, 1),
       (77, 77, 7, 1, 0),
       (78, 78, 8, 1, 0),
       (79, 79, 8, 1, 0),
       (80, 80, 8, 1, 0),
       (81, 81, 8, 1, 0),
       (82, 82, 8, 1, 0),
       (83, 83, 8, 1, 0),
       (84, 84, 8, 1, 0),
       (85, 85, 8, 1, 0),
       (86, 86, 8, 1, 0),
       (87, 87, 8, 1, 1),
       (88, 88, 8, 1, 0),
       (89, 89, 9, 1, 0),
       (90, 90, 9, 1, 0),
       (91, 91, 9, 1, 0),
       (92, 92, 9, 1, 0),
       (93, 93, 9, 1, 0),
       (94, 94, 9, 1, 0),
       (95, 95, 9, 1, 0),
       (96, 96, 9, 1, 1),
       (97, 97, 9, 1, 0),
       (98, 98, 9, 1, 0),
       (99, 99, 9, 1, 0),
       (100, 100, 10, 1, 0),
       (101, 101, 10, 1, 0),
       (102, 102, 10, 1, 0),
       (103, 103, 10, 1, 0),
       (104, 104, 10, 1, 0),
       (105, 105, 10, 1, 0),
       (106, 106, 10, 1, 0),
       (107, 107, 10, 1, 0),
       (108, 108, 10, 1, 1),
       (109, 109, 10, 1, 0),
       (110, 110, 10, 1, 0),
       (111, 111, 11, 1, 0),
       (112, 112, 11, 1, 0),
       (113, 113, 11, 1, 0),
       (114, 114, 11, 1, 0),
       (115, 115, 11, 1, 0),
       (116, 116, 11, 1, 0),
       (117, 117, 11, 1, 0),
       (118, 118, 11, 1, 0),
       (119, 119, 11, 1, 0),
       (120, 120, 11, 1, 1),
       (121, 121, 11, 1, 0),
       (122, 122, 12, 1, 0),
       (123, 123, 12, 1, 0),
       (124, 124, 12, 1, 0),
       (125, 125, 12, 1, 0),
       (126, 126, 12, 1, 0),
       (127, 127, 12, 1, 0),
       (128, 128, 12, 1, 0),
       (129, 129, 12, 1, 0),
       (130, 130, 12, 1, 0),
       (131, 131, 12, 1, 1),
       (132, 132, 12, 1, 0),
       (133, 133, 13, 1, 0),
       (134, 134, 13, 1, 0),
       (135, 135, 13, 1, 0),
       (136, 136, 13, 1, 0),
       (137, 137, 13, 1, 0),
       (138, 138, 13, 1, 0),
       (139, 139, 13, 1, 1),
       (140, 140, 13, 1, 0),
       (141, 141, 13, 1, 0),
       (142, 142, 13, 1, 0),
       (143, 143, 13, 1, 0),
       (144, 144, 14, 1, 0),
       (145, 145, 14, 1, 0),
       (146, 146, 14, 1, 0),
       (147, 147, 14, 1, 0),
       (148, 148, 14, 1, 1),
       (149, 149, 14, 1, 0),
       (150, 150, 14, 1, 0),
       (151, 151, 14, 1, 0),
       (152, 152, 14, 1, 0),
       (153, 153, 14, 1, 0),
       (154, 154, 14, 1, 0),
       (155, 155, 15, 1, 0),
       (156, 156, 15, 1, 1),
       (157, 157, 15, 1, 0),
       (158, 158, 15, 1, 0),
       (159, 159, 15, 1, 0),
       (160, 160, 15, 1, 0),
       (161, 161, 15, 1, 0),
       (162, 162, 15, 1, 0),
       (163, 163, 15, 1, 0),
       (164, 164, 15, 1, 0),
       (165, 165, 15, 1, 0),
       (166, 166, 16, 1, 1),
       (167, 167, 16, 1, 0),
       (168, 168, 16, 1, 0),
       (169, 169, 16, 1, 0),
       (170, 170, 16, 1, 0),
       (171, 171, 16, 1, 0),
       (172, 172, 16, 1, 0),
       (173, 173, 16, 1, 0),
       (174, 174, 16, 1, 0),
       (175, 175, 16, 1, 0),
       (176, 176, 16, 1, 0),
       (177, 177, 17, 1, 0),
       (178, 178, 17, 1, 0),
       (179, 179, 17, 1, 0),
       (180, 180, 17, 1, 0),
       (181, 181, 17, 1, 1),
       (182, 182, 17, 1, 0),
       (183, 183, 17, 1, 0),
       (184, 184, 17, 1, 0),
       (185, 185, 17, 1, 0),
       (186, 186, 17, 1, 0),
       (187, 187, 17, 1, 0),
       (188, 188, 18, 1, 0),
       (189, 189, 18, 1, 0),
       (190, 190, 18, 1, 0),
       (191, 191, 18, 1, 0),
       (192, 192, 18, 1, 0),
       (193, 193, 18, 1, 1),
       (194, 194, 18, 1, 0),
       (195, 195, 18, 1, 0),
       (196, 196, 18, 1, 0),
       (197, 197, 18, 1, 0),
       (198, 198, 18, 1, 0),
       (199, 199, 19, 1, 0),
       (200, 200, 19, 1, 0),
       (201, 201, 19, 1, 0),
       (202, 202, 19, 1, 0),
       (203, 203, 19, 1, 1),
       (204, 204, 19, 1, 0),
       (205, 205, 19, 1, 0),
       (206, 206, 19, 1, 0),
       (207, 207, 19, 1, 0),
       (208, 208, 19, 1, 0),
       (209, 209, 19, 1, 0),
       (210, 210, 20, 1, 0),
       (211, 211, 20, 1, 0),
       (212, 212, 20, 1, 0),
       (213, 213, 20, 1, 0),
       (214, 214, 20, 1, 0),
       (215, 215, 20, 1, 1),
       (216, 216, 20, 1, 0),
       (217, 217, 20, 1, 0),
       (218, 218, 20, 1, 0),
       (219, 219, 20, 1, 0),
       (220, 220, 20, 1, 0),
       (221, 221, 21, 1, 0),
       (222, 222, 21, 1, 1),
       (223, 223, 21, 1, 0),
       (224, 224, 21, 1, 0),
       (225, 225, 21, 1, 0),
       (226, 226, 21, 1, 0),
       (227, 227, 21, 1, 0),
       (228, 228, 21, 1, 0),
       (229, 229, 21, 1, 0),
       (230, 230, 21, 1, 0),
       (231, 231, 21, 1, 0),
       (232, 232, 22, 1, 0),
       (233, 233, 22, 1, 0),
       (234, 234, 22, 1, 0),
       (235, 235, 22, 1, 1),
       (236, 236, 22, 1, 0),
       (237, 237, 22, 1, 0),
       (238, 238, 22, 1, 0),
       (239, 239, 22, 1, 0),
       (240, 240, 22, 1, 0),
       (241, 241, 22, 1, 0),
       (242, 242, 22, 1, 0),
       (243, 243, 23, 1, 0),
       (244, 244, 23, 1, 0),
       (245, 245, 23, 1, 0),
       (246, 246, 23, 1, 0),
       (247, 247, 23, 1, 0),
       (248, 248, 23, 1, 1),
       (249, 249, 23, 1, 0),
       (250, 250, 23, 1, 0),
       (251, 251, 23, 1, 0),
       (252, 252, 23, 1, 0),
       (253, 253, 23, 1, 0),
       (254, 254, 24, 1, 0),
       (255, 255, 24, 1, 0),
       (256, 256, 24, 1, 0),
       (257, 257, 24, 1, 0),
       (258, 258, 24, 1, 1),
       (259, 259, 24, 1, 0),
       (260, 260, 24, 1, 0),
       (261, 261, 24, 1, 0),
       (262, 262, 24, 1, 0),
       (263, 263, 24, 1, 0),
       (264, 264, 24, 1, 0),
       (265, 265, 25, 1, 0),
       (266, 266, 25, 1, 0),
       (267, 267, 25, 1, 0),
       (268, 268, 25, 1, 0),
       (269, 269, 25, 1, 0),
       (270, 270, 25, 1, 0),
       (271, 271, 25, 1, 1),
       (272, 272, 25, 1, 0),
       (273, 273, 25, 1, 0),
       (274, 274, 25, 1, 0),
       (275, 275, 25, 1, 0),
       (276, 276, 26, 1, 0),
       (277, 277, 26, 1, 0),
       (278, 278, 26, 1, 0),
       (279, 279, 26, 1, 0),
       (280, 280, 26, 1, 0),
       (281, 281, 26, 1, 0),
       (282, 282, 26, 1, 0),
       (283, 283, 26, 1, 1),
       (284, 284, 26, 1, 0),
       (285, 285, 26, 1, 0),
       (286, 286, 26, 1, 0),
       (287, 287, 27, 1, 0),
       (288, 288, 27, 1, 0),
       (289, 289, 27, 1, 0),
       (290, 290, 27, 1, 0),
       (291, 291, 27, 1, 0),
       (292, 292, 27, 1, 0),
       (293, 293, 27, 1, 0),
       (294, 294, 27, 1, 0),
       (295, 295, 27, 1, 0),
       (296, 296, 27, 1, 1),
       (297, 297, 27, 1, 0),
       (298, 298, 28, 1, 0),
       (299, 299, 28, 1, 0),
       (300, 300, 28, 1, 0),
       (301, 301, 28, 1, 0),
       (302, 302, 28, 1, 0),
       (303, 303, 28, 1, 0),
       (304, 304, 28, 1, 0),
       (305, 305, 28, 1, 1),
       (306, 306, 28, 1, 0),
       (307, 307, 28, 1, 0),
       (308, 308, 28, 1, 0),
       (309, 309, 29, 1, 0),
       (310, 310, 29, 1, 0),
       (311, 311, 29, 1, 0),
       (312, 312, 29, 1, 0),
       (313, 313, 29, 1, 0),
       (314, 314, 29, 1, 0),
       (315, 315, 29, 1, 0),
       (316, 316, 29, 1, 1),
       (317, 317, 29, 1, 0),
       (318, 318, 29, 1, 0),
       (319, 319, 29, 1, 0),
       (320, 320, 30, 1, 0),
       (321, 321, 30, 1, 0),
       (322, 322, 30, 1, 0),
       (323, 323, 30, 1, 0),
       (324, 324, 30, 1, 0),
       (325, 325, 30, 1, 0),
       (326, 326, 30, 1, 0),
       (327, 327, 30, 1, 0),
       (328, 328, 30, 1, 0),
       (329, 329, 30, 1, 0),
       (330, 330, 30, 1, 1),
       (331, 331, 31, 1, 0),
       (332, 332, 31, 1, 0),
       (333, 333, 31, 1, 0),
       (334, 334, 31, 1, 0),
       (335, 335, 31, 1, 0),
       (336, 336, 31, 1, 0),
       (337, 337, 31, 1, 0),
       (338, 338, 31, 1, 0),
       (339, 339, 31, 1, 0),
       (340, 340, 31, 1, 0),
       (341, 341, 31, 1, 1),
       (342, 342, 32, 1, 0),
       (343, 343, 32, 1, 0),
       (344, 344, 32, 1, 0),
       (345, 345, 32, 1, 0),
       (346, 346, 32, 1, 0),
       (347, 347, 32, 1, 0),
       (348, 348, 32, 1, 0),
       (349, 349, 32, 1, 0),
       (350, 350, 32, 1, 0),
       (351, 351, 32, 1, 0),
       (352, 352, 32, 1, 1),
       (353, 353, 33, 1, 0),
       (354, 354, 33, 1, 0),
       (355, 355, 33, 1, 0),
       (356, 356, 33, 1, 0),
       (357, 357, 33, 1, 0),
       (358, 358, 33, 1, 0),
       (359, 359, 33, 1, 0),
       (360, 360, 33, 1, 0),
       (361, 361, 33, 1, 0),
       (362, 362, 33, 1, 0),
       (363, 363, 33, 1, 1),
       (364, 364, 34, 1, 0),
       (365, 365, 34, 1, 0),
       (366, 366, 34, 1, 0),
       (367, 367, 34, 1, 0),
       (368, 368, 34, 1, 0),
       (369, 369, 34, 1, 0),
       (370, 370, 34, 1, 0),
       (371, 371, 34, 1, 0),
       (372, 372, 34, 1, 0),
       (373, 373, 34, 1, 0),
       (374, 374, 34, 1, 1),
       (375, 375, 35, 1, 0),
       (376, 376, 35, 1, 0),
       (377, 377, 35, 1, 0),
       (378, 378, 35, 1, 0),
       (379, 379, 35, 1, 0),
       (380, 380, 35, 1, 0),
       (381, 381, 35, 1, 0),
       (382, 382, 35, 1, 0),
       (383, 383, 35, 1, 1),
       (384, 384, 35, 1, 0),
       (385, 385, 35, 1, 0),
       (386, 386, 36, 1, 0),
       (387, 387, 36, 1, 0),
       (388, 388, 36, 1, 0),
       (389, 389, 36, 1, 1),
       (390, 390, 36, 1, 0),
       (391, 391, 36, 1, 0),
       (392, 392, 36, 1, 0),
       (393, 393, 36, 1, 0),
       (394, 394, 36, 1, 0),
       (395, 395, 36, 1, 0),
       (396, 396, 36, 1, 0),
       (397, 397, 37, 1, 0),
       (398, 398, 37, 1, 0),
       (399, 399, 37, 1, 0),
       (400, 400, 37, 1, 1),
       (401, 401, 37, 1, 0),
       (402, 402, 37, 1, 0),
       (403, 403, 37, 1, 0),
       (404, 404, 37, 1, 0),
       (405, 405, 37, 1, 0),
       (406, 406, 37, 1, 0),
       (407, 407, 37, 1, 0),
       (408, 408, 38, 1, 0),
       (409, 409, 38, 1, 0),
       (410, 410, 38, 1, 1),
       (411, 411, 38, 1, 0),
       (412, 412, 38, 1, 0),
       (413, 413, 38, 1, 0),
       (414, 414, 38, 1, 0),
       (415, 415, 38, 1, 0),
       (416, 416, 38, 1, 0),
       (417, 417, 38, 1, 0),
       (418, 418, 38, 1, 1),
       (419, 419, 39, 1, 0),
       (420, 420, 39, 1, 0),
       (421, 421, 39, 1, 0),
       (422, 422, 39, 1, 0),
       (423, 423, 39, 1, 0),
       (424, 424, 39, 1, 0),
       (425, 425, 39, 1, 0),
       (426, 426, 39, 1, 1),
       (427, 427, 39, 1, 0),
       (428, 428, 39, 1, 0),
       (429, 429, 39, 1, 0),
       (430, 430, 40, 1, 0),
       (431, 431, 40, 1, 0),
       (432, 432, 40, 1, 0),
       (433, 433, 40, 1, 0),
       (434, 434, 40, 1, 0),
       (435, 435, 40, 1, 1),
       (436, 436, 40, 1, 0),
       (437, 437, 40, 1, 0),
       (438, 438, 40, 1, 0),
       (439, 439, 40, 1, 0),
       (440, 440, 40, 1, 0),
       (441, 1, 1, 2, 0),
       (442, 2, 1, 2, 0),
       (443, 3, 1, 2, 0),
       (444, 4, 1, 2, 1),
       (445, 5, 1, 2, 0),
       (446, 6, 1, 2, 0),
       (447, 7, 1, 2, 0),
       (448, 8, 1, 2, 0),
       (449, 9, 1, 2, 0),
       (450, 10, 1, 2, 0),
       (451, 11, 1, 2, 0),
       (452, 12, 2, 2, 0),
       (453, 13, 2, 2, 0),
       (454, 14, 2, 2, 0),
       (455, 15, 2, 2, 0),
       (456, 16, 2, 2, 0),
       (457, 17, 2, 2, 0),
       (458, 18, 2, 2, 1),
       (459, 19, 2, 2, 0),
       (460, 20, 2, 2, 0),
       (461, 21, 2, 2, 0),
       (462, 22, 2, 2, 0),
       (463, 23, 3, 2, 0),
       (464, 24, 3, 2, 0),
       (465, 25, 3, 2, 0),
       (466, 26, 3, 2, 0),
       (467, 27, 3, 2, 1),
       (468, 28, 3, 2, 0),
       (469, 29, 3, 2, 0),
       (470, 30, 3, 2, 0),
       (471, 31, 3, 2, 0),
       (472, 32, 3, 2, 0),
       (473, 33, 3, 2, 0),
       (474, 34, 4, 2, 0),
       (475, 35, 4, 2, 0),
       (476, 36, 4, 2, 0),
       (477, 37, 4, 2, 0),
       (478, 38, 4, 2, 0),
       (479, 39, 4, 2, 1),
       (480, 40, 4, 2, 0),
       (481, 41, 4, 2, 0),
       (482, 42, 4, 2, 0),
       (483, 43, 4, 2, 0),
       (484, 44, 4, 2, 0),
       (485, 45, 5, 2, 1),
       (486, 46, 5, 2, 0),
       (487, 47, 5, 2, 0),
       (488, 48, 5, 2, 0),
       (489, 49, 5, 2, 0),
       (490, 50, 5, 2, 0),
       (491, 51, 17, 2, 0),
       (492, 52, 5, 2, 0),
       (493, 53, 5, 2, 0),
       (494, 54, 5, 2, 0),
       (495, 55, 5, 2, 0),
       (496, 56, 6, 2, 0),
       (497, 57, 6, 2, 0),
       (498, 58, 6, 2, 1),
       (499, 59, 6, 2, 0),
       (500, 60, 6, 2, 0),
       (501, 61, 6, 2, 0),
       (502, 62, 6, 2, 0),
       (503, 63, 6, 2, 0),
       (504, 64, 6, 2, 0),
       (505, 65, 6, 2, 0),
       (506, 66, 6, 2, 0),
       (507, 67, 7, 2, 0),
       (508, 68, 7, 2, 0),
       (509, 69, 7, 2, 0),
       (510, 70, 7, 2, 1),
       (511, 71, 7, 2, 0),
       (512, 72, 7, 2, 0),
       (513, 73, 7, 2, 0),
       (514, 74, 7, 2, 0),
       (515, 75, 7, 2, 0),
       (516, 76, 7, 2, 0),
       (517, 77, 7, 2, 0),
       (518, 78, 8, 2, 0),
       (519, 79, 8, 2, 1),
       (520, 80, 8, 2, 0),
       (521, 81, 8, 2, 0),
       (522, 82, 8, 2, 0),
       (523, 83, 8, 2, 0),
       (524, 84, 8, 2, 0),
       (525, 85, 8, 2, 0),
       (526, 86, 8, 2, 0),
       (527, 87, 8, 2, 0),
       (528, 88, 8, 2, 0),
       (529, 89, 9, 2, 0),
       (530, 90, 9, 2, 0),
       (531, 91, 9, 2, 0),
       (532, 92, 9, 2, 0),
       (533, 93, 9, 2, 0),
       (534, 94, 9, 2, 1),
       (535, 95, 9, 2, 0),
       (536, 96, 9, 2, 0),
       (537, 97, 9, 2, 0),
       (538, 98, 34, 2, 0),
       (539, 99, 9, 2, 0),
       (540, 100, 10, 2, 0),
       (541, 101, 10, 2, 0),
       (542, 102, 10, 2, 0),
       (543, 103, 10, 2, 0),
       (544, 104, 10, 2, 0),
       (545, 105, 10, 2, 0),
       (546, 106, 10, 2, 0),
       (547, 107, 10, 2, 0),
       (548, 108, 10, 2, 1),
       (549, 109, 10, 2, 0),
       (550, 110, 10, 2, 0),
       (551, 111, 11, 2, 0),
       (552, 112, 11, 2, 0),
       (553, 113, 11, 2, 0),
       (554, 114, 11, 2, 0),
       (555, 115, 11, 2, 0),
       (556, 116, 11, 2, 0),
       (557, 117, 11, 2, 0),
       (558, 118, 11, 2, 0),
       (559, 119, 11, 2, 0),
       (560, 120, 11, 2, 1),
       (561, 121, 11, 2, 0),
       (562, 122, 12, 2, 0),
       (563, 123, 12, 2, 0),
       (564, 124, 12, 2, 0),
       (565, 125, 12, 2, 0),
       (566, 126, 12, 2, 0),
       (567, 127, 12, 2, 0),
       (568, 128, 12, 2, 0),
       (569, 129, 12, 2, 0),
       (570, 130, 12, 2, 0),
       (571, 131, 12, 2, 0),
       (572, 132, 12, 2, 0),
       (573, 133, 13, 2, 0),
       (574, 134, 13, 2, 0),
       (575, 135, 13, 2, 0),
       (576, 136, 13, 2, 0),
       (577, 137, 13, 2, 0),
       (578, 138, 13, 2, 0),
       (579, 139, 13, 2, 0),
       (580, 140, 13, 2, 0),
       (581, 141, 13, 2, 0),
       (582, 142, 13, 2, 1),
       (583, 143, 13, 2, 1),
       (584, 144, 14, 2, 0),
       (585, 145, 14, 2, 0),
       (586, 146, 14, 2, 0),
       (587, 147, 14, 2, 0),
       (588, 148, 14, 2, 0),
       (589, 149, 14, 2, 0),
       (590, 150, 14, 2, 0),
       (591, 151, 14, 2, 0),
       (592, 152, 14, 2, 0),
       (593, 153, 14, 2, 0),
       (594, 154, 14, 2, 0),
       (595, 155, 15, 2, 0),
       (596, 156, 15, 2, 0),
       (597, 157, 15, 2, 1),
       (598, 158, 15, 2, 0),
       (599, 159, 15, 2, 0),
       (600, 160, 15, 2, 0),
       (601, 161, 15, 2, 0),
       (602, 162, 15, 2, 0),
       (603, 163, 15, 2, 0),
       (604, 164, 15, 2, 0),
       (605, 165, 15, 2, 0),
       (606, 166, 16, 2, 0),
       (607, 167, 16, 2, 0),
       (608, 168, 16, 2, 0),
       (609, 169, 16, 2, 1),
       (610, 170, 16, 2, 0),
       (611, 171, 16, 2, 0),
       (612, 172, 16, 2, 0),
       (613, 173, 16, 2, 0),
       (614, 174, 16, 2, 0),
       (615, 175, 16, 2, 0),
       (616, 176, 16, 2, 0),
       (617, 177, 17, 2, 0),
       (618, 178, 17, 2, 0),
       (619, 179, 17, 2, 0),
       (620, 180, 17, 2, 1),
       (621, 181, 17, 2, 0),
       (622, 182, 17, 2, 0),
       (623, 183, 17, 2, 0),
       (624, 184, 5, 2, 0),
       (625, 185, 23, 2, 0),
       (626, 186, 17, 2, 0),
       (627, 187, 17, 2, 0),
       (628, 188, 18, 2, 0),
       (629, 189, 18, 2, 0),
       (630, 190, 18, 2, 0),
       (631, 191, 18, 2, 1),
       (632, 192, 18, 2, 0),
       (633, 193, 18, 2, 0),
       (634, 194, 18, 2, 0),
       (635, 195, 18, 2, 0),
       (636, 196, 18, 2, 0),
       (637, 197, 18, 2, 0),
       (638, 198, 18, 2, 0),
       (639, 199, 19, 2, 0),
       (640, 200, 19, 2, 0),
       (641, 201, 19, 2, 0),
       (642, 202, 19, 2, 1),
       (643, 203, 19, 2, 0),
       (644, 204, 19, 2, 0),
       (645, 205, 19, 2, 0),
       (646, 206, 19, 2, 0),
       (647, 207, 19, 2, 0),
       (648, 208, 19, 2, 0),
       (649, 209, 19, 2, 0),
       (650, 210, 20, 2, 0),
       (651, 211, 20, 2, 0),
       (652, 212, 20, 2, 1),
       (653, 213, 20, 2, 0),
       (654, 214, 20, 2, 0),
       (655, 215, 20, 2, 0),
       (656, 216, 20, 2, 0),
       (657, 217, 20, 2, 0),
       (658, 218, 20, 2, 0),
       (659, 219, 20, 2, 0),
       (660, 220, 20, 2, 0),
       (661, 221, 21, 2, 1),
       (662, 222, 21, 2, 0),
       (663, 223, 21, 2, 0),
       (664, 224, 21, 2, 0),
       (665, 225, 21, 2, 0),
       (666, 226, 21, 2, 0),
       (667, 227, 21, 2, 0),
       (668, 228, 21, 2, 0),
       (669, 229, 21, 2, 0),
       (670, 230, 21, 2, 0),
       (671, 231, 21, 2, 0),
       (672, 232, 22, 2, 0),
       (673, 233, 22, 2, 0),
       (674, 234, 22, 2, 0),
       (675, 235, 22, 2, 1),
       (676, 236, 22, 2, 0),
       (677, 237, 22, 2, 0),
       (678, 238, 22, 2, 0),
       (679, 239, 22, 2, 0),
       (680, 240, 22, 2, 0),
       (681, 241, 22, 2, 0),
       (682, 242, 22, 2, 0),
       (683, 243, 23, 2, 0),
       (684, 244, 23, 2, 0),
       (685, 245, 23, 2, 0),
       (686, 246, 23, 2, 1),
       (687, 247, 17, 2, 0),
       (688, 248, 23, 2, 0),
       (689, 249, 23, 2, 0),
       (690, 250, 23, 2, 0),
       (691, 251, 23, 2, 0),
       (692, 252, 23, 2, 0),
       (693, 253, 23, 2, 0),
       (694, 254, 24, 2, 0),
       (695, 255, 24, 2, 0),
       (696, 256, 24, 2, 0),
       (697, 257, 24, 2, 0),
       (698, 258, 24, 2, 1),
       (699, 259, 24, 2, 0),
       (700, 260, 24, 2, 0),
       (701, 261, 24, 2, 0),
       (702, 262, 24, 2, 0),
       (703, 263, 24, 2, 0),
       (704, 264, 24, 2, 0),
       (705, 265, 25, 2, 0),
       (706, 266, 25, 2, 1),
       (707, 267, 25, 2, 0),
       (708, 268, 25, 2, 0),
       (709, 269, 25, 2, 0),
       (710, 270, 25, 2, 0),
       (711, 271, 25, 2, 0),
       (712, 272, 25, 2, 0),
       (713, 273, 25, 2, 0),
       (714, 274, 25, 2, 0),
       (715, 275, 25, 2, 0),
       (716, 276, 26, 2, 0),
       (717, 277, 26, 2, 0),
       (718, 278, 26, 2, 1),
       (719, 279, 26, 2, 0),
       (720, 280, 26, 2, 0),
       (721, 281, 26, 2, 0),
       (722, 282, 26, 2, 0),
       (723, 283, 26, 2, 0),
       (724, 284, 26, 2, 0),
       (725, 285, 26, 2, 0),
       (726, 286, 26, 2, 0),
       (727, 287, 27, 2, 0),
       (728, 288, 27, 2, 0),
       (729, 289, 27, 2, 0),
       (730, 290, 27, 2, 0),
       (731, 291, 27, 2, 0),
       (732, 292, 27, 2, 1),
       (733, 293, 27, 2, 0),
       (734, 294, 27, 2, 0),
       (735, 295, 27, 2, 0),
       (736, 296, 27, 2, 0),
       (737, 297, 27, 2, 0),
       (738, 298, 28, 2, 0),
       (739, 299, 28, 2, 0),
       (740, 300, 28, 2, 0),
       (741, 301, 28, 2, 0),
       (742, 302, 28, 2, 0),
       (743, 303, 28, 2, 0),
       (744, 304, 28, 2, 0),
       (745, 305, 28, 2, 0),
       (746, 306, 28, 2, 0),
       (747, 307, 28, 2, 0),
       (748, 308, 28, 2, 0),
       (749, 309, 29, 2, 0),
       (750, 310, 29, 2, 0),
       (751, 311, 29, 2, 1),
       (752, 312, 29, 2, 0),
       (753, 313, 29, 2, 0),
       (754, 314, 29, 2, 0),
       (755, 315, 29, 2, 0),
       (756, 316, 29, 2, 0),
       (757, 317, 29, 2, 0),
       (758, 318, 29, 2, 0),
       (759, 319, 29, 2, 0),
       (760, 320, 30, 2, 0),
       (761, 321, 30, 2, 0),
       (762, 322, 30, 2, 0),
       (763, 323, 30, 2, 0),
       (764, 324, 30, 2, 0),
       (765, 325, 30, 2, 1),
       (766, 326, 30, 2, 0),
       (767, 327, 30, 2, 0),
       (768, 328, 30, 2, 0),
       (769, 329, 30, 2, 0),
       (770, 330, 30, 2, 0),
       (771, 331, 31, 2, 0),
       (772, 332, 31, 2, 0),
       (773, 333, 31, 2, 0),
       (774, 334, 31, 2, 0),
       (775, 335, 31, 2, 0),
       (776, 336, 31, 2, 0),
       (777, 337, 31, 2, 0),
       (778, 338, 31, 2, 1),
       (779, 339, 31, 2, 0),
       (780, 340, 31, 2, 0),
       (781, 341, 31, 2, 0),
       (782, 342, 32, 2, 0),
       (783, 343, 32, 2, 0),
       (784, 344, 32, 2, 0),
       (785, 345, 32, 2, 0),
       (786, 346, 32, 2, 0),
       (787, 347, 32, 2, 0),
       (788, 348, 32, 2, 0),
       (789, 349, 32, 2, 0),
       (790, 350, 32, 2, 0),
       (791, 351, 32, 2, 0),
       (792, 352, 32, 2, 0),
       (793, 353, 33, 2, 0),
       (794, 354, 33, 2, 0),
       (795, 355, 33, 2, 0),
       (796, 356, 33, 2, 0),
       (797, 357, 33, 2, 0),
       (798, 358, 33, 2, 0),
       (799, 359, 33, 2, 0),
       (800, 360, 33, 2, 0),
       (801, 361, 33, 2, 0),
       (802, 362, 33, 2, 1),
       (803, 363, 33, 2, 0),
       (804, 364, 34, 2, 0),
       (805, 365, 34, 2, 0),
       (806, 366, 34, 2, 0),
       (807, 367, 34, 2, 0),
       (808, 368, 34, 2, 0),
       (809, 369, 34, 2, 0),
       (810, 370, 34, 2, 0),
       (811, 371, 34, 2, 0),
       (812, 372, 9, 2, 0),
       (813, 373, 34, 2, 0),
       (814, 374, 34, 2, 0),
       (815, 375, 35, 2, 1),
       (816, 376, 35, 2, 0),
       (817, 377, 35, 2, 0),
       (818, 378, 35, 2, 0),
       (819, 379, 35, 2, 0),
       (820, 380, 35, 2, 0),
       (821, 381, 35, 2, 0),
       (822, 382, 35, 2, 0),
       (823, 383, 35, 2, 0),
       (824, 384, 35, 2, 1),
       (825, 385, 35, 2, 0),
       (826, 386, 36, 2, 0),
       (827, 387, 36, 2, 0),
       (828, 388, 36, 2, 0),
       (829, 389, 36, 2, 0),
       (830, 390, 36, 2, 0),
       (831, 391, 36, 2, 0),
       (832, 392, 36, 2, 0),
       (833, 393, 36, 2, 1),
       (834, 394, 36, 2, 0),
       (835, 395, 36, 2, 0),
       (836, 396, 36, 2, 0),
       (837, 397, 37, 2, 0),
       (838, 398, 37, 2, 0),
       (839, 399, 37, 2, 0),
       (840, 400, 37, 2, 0),
       (841, 401, 37, 2, 0),
       (842, 402, 37, 2, 0),
       (843, 403, 37, 2, 0),
       (844, 404, 37, 2, 0),
       (845, 405, 37, 2, 0),
       (846, 406, 37, 2, 1),
       (847, 407, 37, 2, 0),
       (848, 408, 38, 2, 0),
       (849, 409, 38, 2, 0),
       (850, 410, 38, 2, 0),
       (851, 411, 38, 2, 0),
       (852, 412, 38, 2, 0),
       (853, 413, 38, 2, 0),
       (854, 414, 38, 2, 0),
       (855, 415, 38, 2, 0),
       (856, 416, 38, 2, 0),
       (857, 417, 38, 2, 1),
       (858, 418, 38, 2, 0),
       (859, 419, 39, 2, 0),
       (860, 420, 39, 2, 0),
       (861, 421, 39, 2, 0),
       (862, 422, 39, 2, 0),
       (863, 423, 39, 2, 0),
       (864, 424, 39, 2, 0),
       (865, 425, 39, 2, 0),
       (866, 426, 39, 2, 1),
       (867, 427, 39, 2, 0),
       (868, 428, 39, 2, 0),
       (869, 429, 39, 2, 0),
       (870, 430, 40, 2, 0),
       (871, 431, 40, 2, 0),
       (872, 432, 40, 2, 0),
       (873, 433, 40, 2, 0),
       (874, 434, 40, 2, 0),
       (875, 435, 40, 2, 1),
       (876, 436, 40, 2, 0),
       (877, 437, 40, 2, 0),
       (878, 438, 40, 2, 0),
       (879, 439, 40, 2, 0),
       (880, 440, 40, 2, 0);

CREATE TABLE `game`
(
    `idgame`     int(11) NOT NULL AUTO_INCREMENT,
    `referee_id` int(11) NOT NULL,
    `home`       int(11) NOT NULL,
    `away`       int(11) NOT NULL,
    `score_home` int(11) NOT NULL,
    `score_away` int(11) NOT NULL,
    `score`      int(11) NOT NULL,
    PRIMARY KEY (`idgame`),
    KEY `game_has_referee` (`referee_id`),
    KEY `game_away_has_club` (`away`),
    KEY `game_home_has_club` (`home`),
    CONSTRAINT `game_away_has_club` FOREIGN KEY (`away`) REFERENCES `club` (`idclub`) ON DELETE NO ACTION ON UPDATE NO ACTION,
    CONSTRAINT `game_home_has_club` FOREIGN KEY (`home`) REFERENCES `club` (`idclub`) ON DELETE NO ACTION ON UPDATE NO ACTION,
    CONSTRAINT `game_has_referee` FOREIGN KEY (`referee_id`) REFERENCES `referee` (`idreferee`) ON DELETE NO ACTION ON UPDATE NO ACTION
) DEFAULT CHARSET = utf8;

INSERT INTO `game`
VALUES (1, 1, 1, 2, 0, 0, 0),
       (2, 2, 1, 3, 2, 1, 1),
       (3, 3, 1, 4, 0, 1, 2),
       (4, 4, 1, 5, 1, 1, 0),
       (5, 5, 1, 6, 2, 0, 1),
       (6, 6, 1, 7, 1, 2, 2),
       (7, 7, 1, 8, 2, 2, 0),
       (8, 8, 1, 9, 3, 2, 1),
       (9, 9, 1, 10, 2, 3, 2),
       (10, 10, 1, 11, 3, 3, 0),
       (11, 11, 1, 12, 0, 0, 1),
       (12, 12, 1, 13, 0, 1, 2),
       (13, 13, 1, 14, 4, 4, 0),
       (14, 14, 1, 15, 2, 0, 1),
       (15, 15, 1, 16, 1, 2, 2),
       (16, 16, 1, 17, 0, 0, 0),
       (17, 17, 1, 18, 3, 2, 1),
       (18, 18, 1, 19, 2, 3, 2),
       (19, 19, 1, 20, 1, 1, 0),
       (20, 20, 2, 1, 2, 1, 1),
       (21, 1, 2, 3, 1, 2, 2),
       (22, 2, 2, 4, 2, 2, 0),
       (23, 3, 2, 5, 3, 1, 1),
       (24, 4, 2, 6, 1, 3, 2),
       (25, 5, 2, 7, 3, 3, 0),
       (26, 6, 2, 8, 2, 1, 1),
       (27, 7, 2, 9, 0, 1, 2),
       (28, 8, 2, 10, 4, 4, 0),
       (29, 9, 2, 11, 3, 1, 1),
       (30, 10, 2, 12, 1, 2, 2),
       (31, 11, 2, 13, 1, 1, 0),
       (32, 12, 2, 14, 1, 0, 1),
       (33, 13, 2, 15, 2, 3, 2),
       (34, 14, 2, 16, 2, 2, 0),
       (35, 15, 2, 17, 2, 0, 1),
       (36, 16, 2, 18, 0, 1, 2),
       (37, 17, 2, 19, 3, 3, 0),
       (38, 18, 2, 20, 3, 1, 1),
       (39, 19, 3, 1, 0, 2, 2),
       (40, 20, 3, 2, 4, 4, 0),
       (41, 1, 3, 4, 1, 0, 1),
       (42, 2, 3, 5, 0, 3, 2),
       (43, 3, 3, 6, 0, 0, 0),
       (44, 4, 3, 7, 2, 1, 1),
       (45, 5, 3, 8, 0, 1, 2),
       (46, 6, 3, 9, 1, 1, 0),
       (47, 7, 3, 10, 3, 2, 1),
       (48, 8, 3, 11, 0, 2, 2),
       (49, 9, 3, 12, 2, 2, 0),
       (50, 10, 3, 13, 1, 0, 1),
       (51, 11, 3, 14, 2, 3, 2),
       (52, 12, 3, 15, 3, 3, 0),
       (53, 13, 3, 16, 2, 1, 1),
       (54, 14, 3, 17, 0, 1, 2),
       (55, 15, 3, 18, 4, 4, 0),
       (56, 16, 3, 19, 3, 2, 1),
       (57, 17, 3, 20, 0, 2, 2),
       (58, 18, 4, 1, 0, 0, 0),
       (59, 19, 4, 2, 1, 0, 1),
       (60, 20, 4, 3, 1, 3, 2),
       (61, 1, 4, 5, 1, 1, 0),
       (62, 2, 4, 6, 2, 1, 1),
       (63, 3, 4, 7, 0, 1, 2),
       (64, 4, 4, 8, 2, 2, 0),
       (65, 5, 4, 9, 3, 1, 1),
       (66, 6, 4, 10, 0, 2, 2),
       (67, 7, 4, 11, 3, 3, 0),
       (68, 8, 4, 12, 1, 0, 1),
       (69, 9, 4, 13, 2, 3, 2),
       (70, 10, 4, 14, 4, 4, 0),
       (71, 11, 4, 15, 2, 1, 1),
       (72, 12, 4, 16, 0, 1, 2),
       (73, 13, 4, 17, 0, 0, 0),
       (74, 14, 4, 18, 3, 1, 1),
       (75, 15, 4, 19, 0, 2, 2),
       (76, 16, 4, 20, 1, 1, 0),
       (77, 17, 5, 1, 1, 0, 1),
       (78, 18, 5, 2, 0, 3, 2),
       (79, 19, 5, 3, 2, 2, 0),
       (80, 20, 5, 4, 2, 1, 1),
       (81, 1, 5, 6, 0, 1, 2),
       (82, 2, 5, 7, 3, 3, 0),
       (83, 3, 5, 8, 3, 1, 1),
       (84, 4, 5, 9, 4, 4, 0),
       (85, 5, 5, 10, 1, 0, 1),
       (86, 6, 5, 11, 1, 2, 2),
       (87, 7, 5, 12, 0, 0, 0),
       (88, 8, 5, 13, 2, 1, 1),
       (89, 9, 5, 14, 0, 3, 2),
       (90, 10, 5, 15, 1, 1, 0),
       (91, 11, 5, 16, 3, 1, 1),
       (92, 12, 5, 17, 0, 1, 2),
       (93, 13, 5, 18, 2, 2, 0),
       (94, 14, 5, 19, 4, 0, 1),
       (95, 15, 5, 20, 1, 2, 2),
       (96, 16, 6, 1, 3, 3, 0),
       (97, 17, 6, 2, 2, 1, 1),
       (98, 18, 6, 3, 1, 3, 2),
       (99, 19, 6, 4, 4, 4, 0),
       (100, 20, 6, 5, 3, 2, 1),
       (101, 1, 6, 7, 0, 1, 2),
       (102, 2, 6, 8, 0, 0, 0),
       (103, 3, 6, 9, 1, 0, 1),
       (104, 4, 6, 10, 0, 2, 2),
       (105, 5, 6, 11, 1, 1, 0),
       (106, 6, 6, 12, 2, 1, 1),
       (107, 7, 6, 13, 2, 3, 2),
       (108, 8, 6, 14, 2, 2, 0),
       (109, 9, 6, 15, 3, 2, 1),
       (110, 10, 6, 16, 0, 1, 2),
       (111, 11, 6, 17, 3, 3, 0),
       (112, 12, 6, 18, 1, 0, 1),
       (113, 13, 6, 19, 1, 2, 2),
       (114, 14, 6, 20, 4, 4, 0),
       (115, 15, 7, 1, 2, 1, 1),
       (116, 16, 7, 2, 1, 3, 2),
       (117, 17, 7, 3, 0, 0, 0),
       (118, 18, 7, 4, 3, 1, 1),
       (119, 19, 7, 5, 0, 1, 2),
       (120, 20, 7, 6, 1, 1, 0),
       (121, 1, 7, 8, 1, 0, 1),
       (122, 2, 7, 9, 0, 2, 2),
       (123, 3, 7, 10, 2, 2, 0),
       (124, 4, 7, 11, 2, 1, 1),
       (125, 5, 7, 12, 2, 3, 2),
       (126, 6, 7, 13, 3, 3, 0),
       (127, 7, 7, 14, 3, 0, 1),
       (128, 8, 7, 15, 0, 1, 2),
       (129, 9, 7, 16, 4, 4, 0),
       (130, 10, 7, 17, 1, 0, 1),
       (131, 11, 7, 18, 0, 2, 2),
       (132, 12, 7, 19, 0, 0, 0),
       (133, 13, 7, 20, 2, 1, 1),
       (134, 14, 8, 1, 1, 3, 2),
       (135, 15, 8, 2, 1, 1, 0),
       (136, 16, 8, 3, 3, 1, 1),
       (137, 17, 8, 4, 0, 1, 2),
       (138, 18, 8, 5, 2, 2, 0),
       (139, 19, 8, 6, 1, 0, 1),
       (140, 20, 8, 7, 0, 2, 2),
       (141, 1, 8, 9, 3, 3, 0),
       (142, 2, 8, 10, 2, 0, 1),
       (143, 3, 8, 11, 1, 3, 2),
       (144, 4, 8, 12, 4, 4, 0),
       (145, 5, 8, 13, 3, 1, 1),
       (146, 6, 8, 14, 0, 1, 2),
       (147, 7, 8, 15, 0, 0, 0),
       (148, 8, 8, 16, 1, 0, 1),
       (149, 9, 8, 17, 1, 2, 2),
       (150, 10, 8, 18, 1, 1, 0),
       (151, 11, 8, 19, 2, 0, 1),
       (152, 12, 8, 20, 0, 3, 2),
       (153, 13, 9, 1, 2, 2, 0),
       (154, 14, 9, 2, 3, 1, 1),
       (155, 15, 9, 3, 0, 1, 2),
       (156, 16, 9, 4, 3, 3, 0),
       (157, 17, 9, 5, 1, 0, 1),
       (158, 18, 9, 6, 1, 2, 2),
       (159, 19, 9, 7, 4, 4, 0),
       (160, 20, 9, 8, 2, 1, 1),
       (161, 1, 9, 10, 2, 3, 2),
       (162, 2, 9, 11, 0, 0, 0),
       (163, 3, 9, 12, 3, 1, 1),
       (164, 4, 9, 13, 0, 1, 2),
       (165, 5, 9, 14, 1, 1, 0),
       (166, 6, 9, 15, 1, 0, 1),
       (167, 7, 9, 16, 1, 2, 2),
       (168, 8, 9, 17, 2, 2, 0),
       (169, 9, 9, 18, 2, 0, 1),
       (170, 10, 9, 19, 2, 3, 2),
       (171, 11, 9, 20, 3, 3, 0),
       (172, 12, 10, 1, 3, 2, 1),
       (173, 13, 10, 2, 1, 1, 2),
       (174, 14, 10, 3, 0, 2, 2),
       (175, 15, 10, 4, 1, 3, 2),
       (176, 16, 10, 5, 1, 1, 1),
       (177, 17, 10, 6, 2, 0, 1),
       (178, 18, 10, 7, 3, 2, 1),
       (179, 19, 10, 8, 2, 2, 0),
       (180, 20, 10, 9, 3, 3, 0),
       (181, 1, 10, 11, 1, 1, 0),
       (182, 2, 10, 12, 2, 1, 2),
       (183, 3, 10, 13, 3, 2, 2),
       (184, 4, 10, 14, 0, 3, 2),
       (185, 5, 10, 15, 2, 2, 0),
       (186, 6, 10, 16, 3, 3, 0),
       (187, 7, 10, 17, 1, 1, 0),
       (188, 8, 10, 18, 1, 0, 1),
       (189, 9, 10, 19, 2, 1, 1),
       (190, 10, 10, 20, 3, 2, 1),
       (191, 11, 11, 1, 0, 4, 2),
       (192, 12, 11, 2, 2, 2, 0),
       (193, 13, 11, 3, 3, 1, 1),
       (194, 14, 11, 4, 2, 3, 2),
       (195, 15, 11, 5, 2, 1, 1),
       (196, 16, 11, 6, 3, 3, 0),
       (197, 17, 11, 7, 2, 1, 2),
       (198, 18, 11, 8, 1, 0, 1),
       (199, 19, 11, 9, 1, 1, 0),
       (200, 20, 11, 10, 3, 2, 1),
       (201, 1, 11, 12, 0, 2, 2),
       (202, 2, 11, 13, 2, 2, 0),
       (203, 3, 11, 14, 1, 0, 1),
       (204, 4, 11, 15, 2, 4, 2),
       (205, 5, 11, 16, 2, 1, 1),
       (206, 6, 11, 17, 3, 3, 0),
       (207, 7, 11, 18, 1, 3, 2),
       (208, 8, 11, 19, 3, 1, 1),
       (209, 9, 11, 20, 1, 1, 0),
       (210, 10, 12, 1, 0, 2, 2),
       (211, 11, 12, 2, 1, 0, 1),
       (212, 12, 12, 3, 2, 2, 0),
       (213, 13, 12, 4, 2, 4, 2),
       (214, 14, 12, 5, 2, 1, 1),
       (215, 15, 12, 6, 3, 3, 0),
       (216, 16, 12, 7, 1, 2, 2),
       (217, 17, 12, 8, 3, 1, 1),
       (218, 18, 12, 9, 1, 1, 0),
       (219, 19, 12, 10, 0, 2, 2),
       (220, 20, 12, 11, 1, 0, 1),
       (221, 1, 12, 13, 2, 2, 0),
       (222, 2, 12, 14, 2, 3, 2),
       (223, 3, 12, 15, 2, 1, 1),
       (224, 4, 12, 16, 3, 3, 0),
       (225, 5, 12, 17, 0, 2, 2),
       (226, 6, 12, 18, 3, 1, 1),
       (227, 7, 12, 19, 1, 1, 0),
       (228, 8, 12, 20, 1, 3, 2),
       (229, 9, 13, 1, 1, 0, 1),
       (230, 10, 13, 2, 2, 2, 0),
       (231, 11, 13, 3, 2, 3, 2),
       (232, 12, 13, 4, 2, 0, 1),
       (233, 13, 13, 5, 3, 3, 0),
       (234, 14, 13, 6, 0, 1, 2),
       (235, 15, 13, 7, 3, 2, 1),
       (236, 16, 13, 8, 1, 1, 0),
       (237, 17, 13, 9, 1, 2, 2),
       (238, 18, 13, 10, 1, 0, 1),
       (239, 19, 13, 11, 2, 2, 0),
       (240, 20, 13, 12, 2, 3, 2),
       (241, 1, 13, 14, 2, 1, 1),
       (242, 2, 13, 15, 3, 3, 0),
       (243, 3, 13, 16, 0, 2, 2),
       (244, 4, 13, 17, 3, 2, 1),
       (245, 5, 13, 18, 1, 1, 0),
       (246, 6, 13, 19, 1, 3, 2),
       (247, 7, 13, 20, 1, 0, 1),
       (248, 8, 14, 1, 2, 2, 0),
       (249, 9, 14, 2, 0, 1, 2),
       (250, 10, 14, 3, 2, 1, 1),
       (251, 11, 14, 4, 3, 3, 0),
       (252, 12, 14, 5, 1, 2, 2),
       (253, 13, 14, 6, 3, 2, 1),
       (254, 14, 14, 7, 4, 4, 0),
       (255, 15, 14, 8, 2, 3, 2),
       (256, 16, 14, 9, 4, 3, 1),
       (257, 17, 14, 10, 0, 0, 0),
       (258, 18, 14, 11, 3, 4, 2),
       (259, 19, 14, 12, 1, 0, 1),
       (260, 20, 14, 13, 1, 1, 0),
       (261, 1, 14, 15, 0, 1, 2),
       (262, 2, 14, 16, 2, 1, 1),
       (263, 3, 14, 17, 2, 2, 0),
       (264, 4, 14, 18, 1, 2, 2),
       (265, 5, 14, 19, 3, 2, 1),
       (266, 6, 14, 20, 3, 3, 0),
       (267, 7, 15, 1, 2, 3, 2),
       (268, 8, 15, 2, 4, 3, 1),
       (269, 9, 15, 3, 4, 4, 0),
       (270, 10, 15, 4, 3, 4, 2),
       (271, 11, 15, 5, 1, 0, 1),
       (272, 12, 15, 6, 0, 0, 0),
       (273, 13, 15, 7, 0, 1, 2),
       (274, 14, 15, 8, 2, 1, 1),
       (275, 15, 15, 9, 1, 1, 0),
       (276, 16, 15, 10, 1, 2, 2),
       (277, 17, 15, 11, 3, 2, 1),
       (278, 18, 15, 12, 2, 2, 0),
       (279, 19, 15, 13, 2, 3, 2),
       (280, 20, 15, 14, 4, 3, 1),
       (281, 1, 15, 16, 3, 3, 0),
       (282, 2, 15, 17, 3, 4, 2),
       (283, 3, 15, 18, 1, 0, 1),
       (284, 4, 15, 19, 4, 4, 0),
       (285, 5, 15, 20, 0, 1, 2),
       (286, 6, 16, 1, 2, 1, 1),
       (287, 7, 16, 2, 0, 0, 0),
       (288, 8, 16, 3, 1, 2, 2),
       (289, 9, 16, 4, 3, 2, 1),
       (290, 10, 16, 5, 1, 1, 0),
       (291, 11, 16, 6, 2, 3, 2),
       (292, 12, 16, 7, 4, 3, 1),
       (293, 13, 16, 8, 2, 2, 0),
       (294, 14, 16, 9, 3, 4, 2),
       (295, 15, 16, 10, 1, 0, 1),
       (296, 16, 16, 11, 3, 3, 0),
       (297, 17, 16, 12, 0, 1, 2),
       (298, 18, 16, 13, 2, 1, 1),
       (299, 19, 16, 14, 4, 4, 0),
       (300, 20, 16, 15, 1, 2, 2),
       (301, 1, 16, 17, 3, 2, 1),
       (302, 2, 16, 18, 0, 0, 0),
       (303, 3, 16, 19, 2, 3, 2),
       (304, 4, 16, 20, 4, 3, 1),
       (305, 5, 17, 1, 1, 1, 0),
       (306, 6, 17, 2, 3, 4, 2),
       (307, 7, 17, 3, 1, 0, 1),
       (308, 8, 17, 4, 2, 2, 0),
       (309, 9, 17, 5, 0, 1, 2),
       (310, 10, 17, 6, 2, 1, 1),
       (311, 11, 17, 7, 3, 3, 0),
       (312, 12, 17, 8, 1, 2, 2),
       (313, 13, 17, 9, 3, 2, 1),
       (314, 14, 17, 10, 4, 4, 0),
       (315, 15, 17, 11, 2, 3, 2),
       (316, 16, 17, 12, 4, 3, 1),
       (317, 17, 17, 13, 0, 0, 0),
       (318, 18, 17, 14, 3, 4, 2),
       (319, 19, 17, 15, 1, 0, 1),
       (320, 20, 17, 16, 1, 1, 0),
       (321, 1, 17, 18, 0, 1, 2),
       (322, 2, 17, 19, 2, 1, 1),
       (323, 3, 17, 20, 2, 2, 0),
       (324, 4, 18, 1, 1, 2, 2),
       (325, 5, 18, 2, 3, 2, 1),
       (326, 6, 18, 3, 3, 3, 0),
       (327, 7, 18, 4, 2, 3, 2),
       (328, 8, 18, 5, 4, 3, 1),
       (329, 9, 18, 6, 4, 4, 0),
       (330, 10, 18, 7, 3, 4, 2),
       (331, 11, 18, 8, 1, 0, 1),
       (332, 12, 18, 9, 0, 0, 0),
       (333, 13, 18, 10, 0, 1, 2),
       (334, 14, 18, 11, 2, 1, 1),
       (335, 15, 18, 12, 1, 1, 0),
       (336, 16, 18, 13, 1, 2, 2),
       (337, 17, 18, 14, 3, 2, 1),
       (338, 18, 18, 15, 2, 2, 0),
       (339, 19, 18, 16, 2, 3, 2),
       (340, 20, 18, 17, 4, 3, 1),
       (341, 1, 18, 19, 3, 3, 0),
       (342, 2, 18, 20, 3, 4, 2),
       (343, 3, 19, 1, 1, 0, 1),
       (344, 4, 19, 2, 4, 4, 0),
       (345, 5, 19, 3, 0, 1, 2),
       (346, 6, 19, 4, 2, 1, 1),
       (347, 7, 19, 5, 0, 0, 0),
       (348, 8, 19, 6, 1, 2, 2),
       (349, 9, 19, 7, 3, 2, 1),
       (350, 10, 19, 8, 1, 1, 0),
       (351, 11, 19, 9, 2, 3, 2),
       (352, 13, 19, 10, 1, 3, 1),
       (353, 14, 19, 11, 2, 2, 0),
       (354, 15, 19, 12, 3, 4, 2),
       (355, 16, 19, 13, 4, 0, 1),
       (356, 17, 19, 14, 3, 3, 0),
       (357, 18, 19, 15, 0, 1, 2),
       (358, 19, 19, 16, 1, 1, 1),
       (359, 20, 19, 17, 4, 4, 0),
       (360, 1, 19, 18, 1, 2, 2),
       (361, 2, 19, 20, 2, 1, 1),
       (362, 3, 20, 1, 0, 0, 0),
       (363, 4, 20, 2, 2, 3, 2),
       (364, 5, 20, 3, 3, 2, 1),
       (365, 6, 20, 4, 1, 1, 0),
       (366, 7, 20, 5, 3, 4, 2),
       (367, 8, 20, 6, 4, 3, 1),
       (368, 9, 20, 7, 2, 2, 0),
       (369, 10, 20, 8, 0, 1, 2),
       (370, 11, 20, 9, 1, 0, 1),
       (371, 12, 20, 10, 3, 3, 0),
       (372, 13, 20, 11, 1, 2, 2),
       (373, 14, 20, 12, 2, 1, 1),
       (374, 15, 20, 13, 4, 4, 0),
       (375, 16, 20, 14, 2, 3, 2),
       (376, 17, 20, 15, 3, 2, 1),
       (377, 18, 20, 16, 0, 0, 0),
       (378, 19, 20, 17, 3, 4, 2),
       (379, 20, 20, 18, 4, 1, 1),
       (380, 1, 20, 19, 1, 1, 0),
       (381, 2, 21, 22, 1, 0, 1),
       (382, 3, 21, 23, 0, 1, 2),
       (383, 4, 21, 24, 2, 2, 0),
       (384, 5, 21, 25, 2, 1, 1),
       (385, 6, 21, 26, 1, 2, 2),
       (386, 7, 21, 27, 3, 3, 0),
       (387, 8, 21, 28, 3, 2, 1),
       (388, 9, 21, 29, 2, 3, 2),
       (389, 10, 21, 30, 4, 4, 0),
       (390, 11, 21, 31, 4, 3, 1),
       (391, 12, 21, 32, 3, 4, 2),
       (392, 13, 21, 33, 0, 0, 0),
       (393, 14, 21, 34, 1, 0, 1),
       (394, 15, 21, 35, 0, 1, 2),
       (395, 16, 21, 36, 1, 1, 0),
       (396, 17, 21, 37, 2, 1, 1),
       (397, 18, 21, 38, 1, 2, 2),
       (398, 19, 21, 39, 2, 2, 0),
       (399, 20, 21, 40, 3, 2, 1),
       (400, 1, 22, 21, 2, 3, 2),
       (401, 2, 22, 23, 3, 3, 0),
       (402, 3, 22, 24, 4, 3, 1),
       (403, 4, 22, 25, 3, 4, 2),
       (404, 5, 22, 26, 4, 4, 0),
       (405, 6, 22, 27, 1, 0, 1),
       (406, 7, 22, 28, 0, 1, 2),
       (407, 8, 22, 29, 0, 0, 0),
       (408, 9, 22, 30, 2, 1, 1),
       (409, 10, 22, 31, 1, 2, 2),
       (410, 11, 22, 32, 1, 1, 0),
       (411, 12, 22, 33, 3, 2, 1),
       (412, 13, 22, 34, 2, 3, 2),
       (413, 14, 22, 35, 2, 2, 0),
       (414, 15, 22, 36, 4, 3, 1),
       (415, 16, 22, 37, 3, 4, 2),
       (416, 17, 22, 38, 3, 3, 0),
       (417, 18, 22, 39, 1, 0, 1),
       (418, 19, 22, 40, 0, 1, 2),
       (419, 20, 23, 21, 4, 4, 0),
       (420, 1, 23, 22, 2, 1, 1),
       (421, 2, 23, 24, 1, 2, 2),
       (422, 3, 23, 25, 0, 0, 0),
       (423, 4, 23, 26, 3, 2, 1),
       (424, 5, 23, 27, 2, 3, 2),
       (425, 6, 23, 28, 1, 1, 0),
       (426, 7, 23, 29, 4, 3, 1),
       (427, 8, 23, 30, 3, 4, 2),
       (428, 9, 23, 31, 2, 2, 0),
       (429, 10, 23, 32, 1, 0, 1),
       (430, 11, 23, 33, 0, 1, 2),
       (431, 12, 23, 34, 3, 3, 0),
       (432, 13, 23, 35, 2, 1, 1),
       (433, 14, 23, 36, 1, 2, 2),
       (434, 15, 23, 37, 4, 4, 0),
       (435, 16, 23, 38, 3, 2, 1),
       (436, 17, 23, 39, 2, 3, 2),
       (437, 18, 23, 40, 0, 0, 0),
       (438, 19, 24, 21, 4, 3, 1),
       (439, 20, 24, 22, 3, 4, 2),
       (440, 1, 24, 23, 1, 1, 0),
       (441, 2, 24, 25, 1, 0, 1),
       (442, 3, 24, 26, 0, 1, 2),
       (443, 4, 24, 27, 2, 2, 0),
       (444, 5, 24, 28, 2, 1, 1),
       (445, 6, 24, 29, 1, 2, 2),
       (446, 7, 24, 30, 3, 3, 0),
       (447, 8, 24, 31, 3, 2, 1),
       (448, 9, 24, 32, 2, 3, 2),
       (449, 10, 24, 33, 4, 4, 0),
       (450, 11, 24, 34, 4, 3, 1),
       (451, 12, 24, 35, 3, 4, 2),
       (452, 13, 24, 36, 0, 0, 0),
       (453, 14, 24, 37, 1, 0, 1),
       (454, 15, 24, 38, 0, 1, 2),
       (455, 16, 24, 39, 1, 1, 0),
       (456, 17, 24, 40, 2, 1, 1),
       (457, 18, 25, 21, 1, 2, 2),
       (458, 19, 25, 22, 2, 2, 0),
       (459, 20, 25, 23, 3, 2, 1),
       (460, 1, 25, 24, 2, 3, 2),
       (461, 2, 25, 26, 3, 3, 0),
       (462, 3, 25, 27, 4, 3, 1),
       (463, 4, 25, 28, 3, 4, 2),
       (464, 5, 25, 29, 4, 4, 0),
       (465, 6, 25, 30, 1, 0, 1),
       (466, 7, 25, 31, 0, 1, 2),
       (467, 8, 25, 32, 0, 0, 0),
       (468, 9, 25, 33, 2, 1, 1),
       (469, 10, 25, 34, 1, 2, 2),
       (470, 11, 25, 35, 1, 1, 0),
       (471, 12, 25, 36, 3, 2, 1),
       (472, 13, 25, 37, 2, 3, 2),
       (473, 14, 25, 38, 2, 2, 0),
       (474, 15, 25, 39, 4, 3, 1),
       (475, 16, 25, 40, 3, 4, 2),
       (476, 17, 26, 21, 3, 3, 0),
       (477, 18, 26, 22, 1, 0, 1),
       (478, 19, 26, 23, 0, 1, 2),
       (479, 20, 26, 24, 4, 4, 0),
       (480, 1, 26, 25, 2, 1, 1),
       (481, 2, 26, 27, 1, 2, 2),
       (482, 3, 26, 28, 0, 0, 0),
       (483, 4, 26, 29, 3, 2, 1),
       (484, 5, 26, 30, 2, 3, 2),
       (485, 6, 26, 31, 1, 1, 0),
       (486, 7, 26, 32, 4, 3, 1),
       (487, 8, 26, 33, 3, 4, 2),
       (488, 9, 26, 34, 2, 2, 0),
       (489, 10, 26, 35, 1, 0, 1),
       (490, 11, 26, 36, 0, 1, 2),
       (491, 12, 26, 37, 3, 3, 0),
       (492, 13, 26, 38, 2, 1, 1),
       (493, 14, 26, 39, 1, 2, 2),
       (494, 15, 26, 40, 4, 4, 0),
       (495, 16, 27, 21, 3, 2, 1),
       (496, 17, 27, 22, 2, 3, 2),
       (497, 18, 27, 23, 0, 0, 0),
       (498, 19, 27, 24, 4, 3, 1),
       (499, 20, 27, 25, 3, 4, 2),
       (500, 1, 27, 26, 1, 1, 0),
       (501, 2, 27, 28, 1, 0, 1),
       (502, 3, 27, 29, 0, 1, 2),
       (503, 4, 27, 30, 2, 2, 0),
       (504, 5, 27, 31, 2, 1, 1),
       (505, 6, 27, 32, 1, 2, 2),
       (506, 7, 27, 33, 3, 3, 0),
       (507, 8, 27, 34, 3, 2, 1),
       (508, 9, 27, 35, 2, 3, 2),
       (509, 10, 27, 36, 4, 4, 0),
       (510, 11, 27, 37, 4, 3, 1),
       (511, 12, 27, 38, 0, 0, 0),
       (512, 13, 27, 39, 3, 4, 2),
       (513, 14, 27, 40, 1, 1, 0),
       (514, 15, 28, 21, 0, 1, 2),
       (515, 16, 28, 22, 1, 0, 1),
       (516, 17, 28, 23, 3, 2, 2),
       (517, 18, 28, 24, 1, 3, 2),
       (518, 19, 28, 25, 2, 2, 0),
       (519, 20, 28, 26, 2, 1, 1),
       (520, 1, 28, 27, 2, 4, 2),
       (521, 2, 28, 29, 3, 3, 0),
       (522, 3, 28, 30, 3, 2, 1),
       (523, 4, 28, 31, 3, 1, 2),
       (524, 5, 28, 32, 4, 4, 0),
       (525, 6, 28, 33, 4, 3, 1),
       (526, 7, 28, 34, 1, 2, 2),
       (527, 8, 28, 35, 0, 0, 0),
       (528, 9, 28, 36, 1, 0, 1),
       (529, 10, 28, 37, 2, 3, 2),
       (530, 11, 28, 38, 1, 1, 0),
       (531, 12, 28, 39, 2, 1, 1),
       (532, 13, 28, 40, 3, 4, 2),
       (533, 14, 29, 21, 2, 2, 0),
       (534, 15, 29, 22, 3, 2, 1),
       (535, 16, 29, 23, 0, 1, 2),
       (536, 17, 29, 24, 3, 3, 0),
       (537, 18, 29, 25, 4, 3, 1),
       (538, 19, 29, 26, 1, 2, 2),
       (539, 20, 29, 27, 4, 4, 0),
       (540, 1, 29, 28, 1, 0, 1),
       (541, 2, 29, 30, 2, 3, 2),
       (542, 3, 29, 31, 0, 0, 0),
       (543, 4, 29, 32, 2, 1, 1),
       (544, 5, 29, 33, 3, 4, 2),
       (545, 6, 29, 34, 1, 1, 0),
       (546, 7, 29, 35, 3, 2, 1),
       (547, 8, 29, 36, 0, 1, 2),
       (548, 9, 29, 37, 2, 2, 0),
       (549, 10, 29, 38, 4, 3, 1),
       (550, 11, 29, 39, 1, 2, 2),
       (551, 12, 29, 40, 3, 3, 0),
       (552, 13, 30, 21, 1, 0, 1),
       (553, 14, 30, 22, 2, 3, 2),
       (554, 15, 30, 23, 4, 4, 0),
       (555, 16, 30, 24, 2, 1, 1),
       (556, 17, 30, 25, 3, 4, 2),
       (557, 18, 30, 26, 0, 0, 0),
       (558, 19, 30, 27, 3, 2, 1),
       (559, 20, 30, 28, 0, 1, 2),
       (560, 1, 30, 29, 1, 1, 0),
       (561, 2, 30, 31, 4, 3, 1),
       (562, 3, 30, 32, 1, 2, 2),
       (563, 4, 30, 33, 2, 2, 0),
       (564, 5, 30, 34, 1, 0, 1),
       (565, 6, 30, 35, 2, 3, 2),
       (566, 7, 30, 36, 3, 3, 0),
       (567, 8, 30, 37, 2, 1, 1),
       (568, 9, 30, 38, 3, 4, 2),
       (569, 10, 30, 39, 4, 4, 0),
       (570, 11, 30, 40, 3, 2, 1),
       (571, 12, 31, 21, 0, 1, 2),
       (572, 13, 31, 22, 0, 0, 0),
       (573, 14, 31, 23, 4, 3, 1),
       (574, 15, 31, 24, 1, 2, 2),
       (575, 16, 31, 25, 1, 1, 0),
       (576, 17, 31, 26, 1, 0, 1),
       (577, 18, 31, 27, 2, 3, 2),
       (578, 19, 31, 28, 2, 2, 0),
       (579, 20, 31, 29, 2, 1, 1),
       (580, 1, 31, 30, 3, 4, 2),
       (581, 2, 31, 32, 3, 3, 0),
       (582, 3, 31, 33, 3, 2, 1),
       (583, 4, 31, 34, 1, 1, 2),
       (584, 5, 31, 35, 4, 4, 0),
       (585, 6, 31, 36, 4, 3, 1),
       (586, 7, 31, 37, 0, 2, 2),
       (587, 8, 31, 38, 0, 0, 0),
       (588, 9, 31, 39, 1, 0, 1),
       (589, 10, 31, 40, 2, 3, 2),
       (590, 11, 32, 21, 1, 1, 0),
       (591, 12, 32, 22, 2, 1, 1),
       (592, 13, 32, 23, 3, 4, 2),
       (593, 14, 32, 24, 2, 2, 0),
       (594, 15, 32, 25, 3, 2, 1),
       (595, 16, 32, 26, 0, 1, 2),
       (596, 17, 32, 27, 3, 3, 0),
       (597, 18, 32, 28, 4, 3, 1),
       (598, 19, 32, 29, 1, 2, 2),
       (599, 20, 32, 30, 4, 4, 0),
       (600, 1, 32, 31, 1, 0, 1),
       (601, 2, 32, 33, 2, 3, 2),
       (602, 3, 32, 34, 0, 0, 0),
       (603, 4, 32, 35, 2, 1, 1),
       (604, 5, 32, 36, 3, 4, 2),
       (605, 6, 32, 37, 1, 1, 0),
       (606, 7, 32, 38, 3, 2, 1),
       (607, 8, 32, 39, 0, 1, 2),
       (608, 9, 32, 40, 2, 2, 0),
       (609, 10, 33, 21, 4, 3, 1),
       (610, 11, 33, 22, 1, 2, 2),
       (611, 12, 33, 23, 3, 3, 0),
       (612, 13, 33, 24, 1, 0, 1),
       (613, 14, 33, 25, 2, 3, 2),
       (614, 15, 33, 26, 4, 4, 0),
       (615, 16, 33, 27, 2, 1, 1),
       (616, 17, 33, 28, 3, 4, 2),
       (617, 18, 33, 29, 0, 0, 0),
       (618, 19, 33, 30, 3, 2, 1),
       (619, 20, 33, 31, 0, 1, 2),
       (620, 1, 33, 32, 1, 1, 0),
       (621, 2, 33, 34, 4, 3, 1),
       (622, 3, 33, 35, 1, 2, 2),
       (623, 4, 33, 36, 2, 2, 0),
       (624, 5, 33, 37, 1, 0, 1),
       (625, 6, 33, 38, 2, 3, 2),
       (626, 7, 33, 39, 3, 3, 0),
       (627, 8, 33, 40, 2, 1, 1),
       (628, 9, 34, 21, 3, 4, 2),
       (629, 10, 34, 22, 4, 4, 0),
       (630, 11, 34, 23, 3, 2, 1),
       (631, 12, 34, 24, 0, 1, 2),
       (632, 13, 34, 25, 0, 0, 0),
       (633, 14, 34, 26, 4, 3, 1),
       (634, 15, 34, 27, 1, 2, 2),
       (635, 16, 34, 28, 1, 1, 0),
       (636, 17, 34, 29, 1, 0, 1),
       (637, 18, 34, 30, 2, 3, 2),
       (638, 19, 34, 31, 2, 2, 0),
       (639, 20, 34, 32, 2, 1, 1),
       (640, 1, 34, 33, 3, 4, 2),
       (641, 2, 34, 35, 3, 3, 0),
       (642, 3, 34, 36, 3, 2, 1),
       (643, 4, 34, 37, 0, 1, 2),
       (644, 5, 34, 38, 4, 4, 0),
       (645, 7, 34, 39, 4, 3, 1),
       (646, 8, 34, 40, 1, 2, 2),
       (647, 9, 35, 21, 0, 0, 0),
       (648, 10, 35, 22, 1, 0, 1),
       (649, 11, 35, 23, 2, 3, 2),
       (650, 12, 35, 24, 1, 1, 0),
       (651, 13, 35, 25, 2, 1, 1),
       (652, 14, 35, 26, 3, 4, 2),
       (653, 15, 35, 27, 2, 2, 0),
       (654, 16, 35, 28, 3, 2, 1),
       (655, 17, 35, 29, 0, 1, 2),
       (656, 18, 35, 30, 3, 3, 0),
       (657, 19, 35, 31, 4, 3, 1),
       (658, 20, 35, 32, 1, 2, 2),
       (659, 1, 35, 33, 4, 4, 0),
       (660, 2, 35, 34, 1, 0, 1),
       (661, 3, 35, 36, 2, 3, 2),
       (662, 4, 35, 37, 0, 0, 0),
       (663, 5, 35, 38, 2, 1, 1),
       (664, 6, 35, 39, 3, 4, 2),
       (665, 7, 35, 40, 1, 1, 0),
       (666, 8, 36, 21, 3, 2, 1),
       (667, 9, 36, 22, 0, 1, 2),
       (668, 10, 36, 23, 2, 2, 0),
       (669, 11, 36, 24, 4, 3, 1),
       (670, 12, 36, 25, 1, 2, 2),
       (671, 13, 36, 26, 3, 3, 0),
       (672, 14, 36, 27, 1, 0, 1),
       (673, 15, 36, 28, 2, 3, 2),
       (674, 16, 36, 29, 4, 4, 0),
       (675, 17, 36, 30, 2, 1, 1),
       (676, 18, 36, 31, 3, 4, 2),
       (677, 19, 36, 32, 0, 0, 0),
       (678, 20, 36, 33, 3, 2, 1),
       (679, 1, 36, 34, 0, 1, 2),
       (680, 2, 36, 35, 1, 1, 0),
       (681, 3, 36, 37, 4, 3, 1),
       (682, 4, 36, 38, 1, 2, 2),
       (683, 5, 36, 39, 2, 2, 0),
       (684, 6, 36, 40, 1, 0, 1),
       (685, 7, 37, 21, 2, 3, 2),
       (686, 8, 37, 22, 3, 3, 0),
       (687, 9, 37, 23, 2, 1, 1),
       (688, 10, 37, 24, 3, 4, 2),
       (689, 11, 37, 25, 4, 4, 0),
       (690, 12, 37, 26, 3, 2, 1),
       (691, 13, 37, 27, 0, 1, 2),
       (692, 14, 37, 28, 0, 0, 0),
       (693, 15, 37, 29, 4, 3, 1),
       (694, 16, 37, 30, 1, 2, 2),
       (695, 17, 37, 31, 1, 1, 0),
       (696, 18, 37, 32, 1, 0, 1),
       (697, 19, 37, 33, 2, 3, 2),
       (698, 20, 37, 34, 2, 2, 0),
       (699, 1, 37, 35, 2, 1, 1),
       (700, 2, 37, 36, 3, 4, 2),
       (701, 3, 37, 38, 3, 3, 0),
       (702, 4, 37, 39, 3, 2, 1),
       (703, 5, 37, 40, 0, 1, 2),
       (704, 6, 38, 21, 4, 4, 0),
       (705, 7, 38, 22, 4, 3, 1),
       (706, 8, 38, 23, 1, 2, 2),
       (707, 9, 38, 24, 0, 0, 0),
       (708, 10, 38, 25, 1, 0, 1),
       (709, 11, 38, 26, 2, 3, 2),
       (710, 12, 38, 27, 1, 1, 0),
       (711, 13, 38, 28, 2, 1, 1),
       (712, 14, 38, 29, 3, 4, 2),
       (713, 15, 38, 30, 2, 2, 0),
       (714, 16, 38, 31, 0, 1, 2),
       (715, 17, 38, 32, 3, 3, 0),
       (716, 18, 38, 33, 3, 2, 1),
       (717, 19, 38, 34, 1, 2, 2),
       (718, 20, 38, 35, 4, 4, 0),
       (719, 1, 38, 36, 4, 3, 1),
       (720, 2, 38, 37, 2, 3, 2),
       (721, 3, 38, 39, 0, 0, 0),
       (722, 4, 38, 40, 1, 0, 1),
       (723, 5, 39, 21, 3, 4, 2),
       (724, 6, 39, 22, 1, 1, 0),
       (725, 7, 39, 23, 2, 1, 1),
       (726, 8, 39, 24, 0, 1, 2),
       (727, 9, 39, 25, 2, 2, 0),
       (728, 10, 39, 26, 3, 2, 1),
       (729, 11, 39, 27, 4, 3, 1),
       (730, 12, 39, 28, 3, 3, 0),
       (731, 13, 39, 29, 1, 2, 2),
       (732, 14, 39, 30, 1, 0, 1),
       (733, 15, 39, 31, 4, 4, 0),
       (734, 16, 39, 32, 2, 3, 2),
       (735, 17, 39, 33, 2, 1, 1),
       (736, 18, 39, 34, 3, 4, 2),
       (737, 19, 39, 35, 0, 0, 0),
       (738, 20, 39, 36, 3, 2, 1),
       (739, 1, 39, 37, 0, 1, 2),
       (740, 2, 39, 38, 1, 1, 0),
       (741, 3, 39, 40, 4, 3, 1),
       (742, 4, 40, 21, 1, 2, 2),
       (743, 5, 40, 22, 2, 2, 0),
       (744, 6, 40, 23, 1, 0, 1),
       (745, 7, 40, 24, 2, 3, 2),
       (746, 8, 40, 25, 3, 3, 0),
       (747, 9, 40, 26, 2, 1, 1),
       (748, 10, 40, 27, 3, 4, 2),
       (749, 11, 40, 28, 4, 4, 0),
       (750, 12, 40, 29, 3, 2, 1),
       (751, 13, 40, 30, 0, 1, 2),
       (752, 14, 40, 31, 0, 0, 0),
       (753, 15, 40, 32, 4, 3, 1),
       (754, 16, 40, 33, 1, 2, 2),
       (755, 17, 40, 34, 1, 1, 0),
       (756, 18, 40, 35, 1, 0, 1),
       (757, 18, 40, 36, 2, 3, 2),
       (758, 19, 40, 37, 2, 2, 0),
       (759, 20, 40, 38, 2, 1, 1),
       (760, 1, 40, 39, 3, 4, 2),
       (761, 2, 1, 2, 3, 3, 0),
       (762, 3, 1, 3, 1, 0, 1),
       (763, 4, 1, 4, 0, 1, 2),
       (764, 5, 1, 5, 4, 4, 0),
       (765, 6, 1, 6, 2, 1, 1),
       (766, 7, 1, 7, 1, 2, 2),
       (767, 8, 1, 8, 0, 0, 0),
       (768, 9, 1, 9, 3, 1, 1),
       (769, 10, 1, 10, 2, 3, 2),
       (770, 11, 1, 11, 1, 1, 0),
       (771, 12, 1, 12, 4, 1, 1),
       (772, 13, 1, 13, 3, 4, 2),
       (773, 14, 1, 14, 2, 2, 0),
       (774, 15, 1, 15, 1, 0, 1),
       (775, 16, 1, 16, 0, 1, 2),
       (776, 17, 1, 17, 3, 3, 0),
       (777, 18, 1, 18, 2, 1, 1),
       (778, 19, 1, 19, 1, 2, 2),
       (779, 20, 1, 20, 4, 4, 0),
       (780, 1, 2, 1, 3, 2, 1),
       (781, 2, 2, 3, 2, 3, 2),
       (782, 3, 2, 4, 0, 0, 0),
       (783, 4, 2, 5, 4, 2, 1),
       (784, 5, 2, 6, 3, 4, 2),
       (785, 6, 2, 7, 1, 1, 0),
       (786, 7, 2, 8, 1, 0, 1),
       (787, 8, 2, 9, 0, 1, 2),
       (788, 9, 2, 10, 2, 2, 0),
       (789, 10, 2, 11, 2, 1, 1),
       (790, 11, 2, 12, 1, 2, 2),
       (791, 12, 2, 13, 3, 3, 0),
       (792, 13, 2, 14, 3, 1, 1),
       (793, 14, 2, 15, 2, 3, 2),
       (794, 15, 2, 16, 4, 4, 0),
       (795, 16, 2, 17, 4, 3, 1),
       (796, 17, 2, 18, 3, 4, 2),
       (797, 18, 2, 19, 0, 0, 0),
       (798, 19, 2, 20, 1, 0, 1),
       (799, 20, 3, 1, 0, 1, 2),
       (800, 1, 3, 2, 1, 1, 0),
       (801, 2, 3, 4, 2, 1, 1),
       (802, 3, 3, 5, 1, 2, 2),
       (803, 4, 3, 6, 2, 2, 0),
       (804, 5, 3, 7, 3, 2, 1),
       (805, 6, 3, 8, 2, 3, 2),
       (806, 7, 3, 9, 3, 3, 0),
       (807, 8, 3, 10, 4, 3, 1),
       (808, 9, 3, 11, 3, 4, 2),
       (809, 10, 3, 12, 4, 4, 0),
       (810, 11, 3, 13, 1, 0, 1),
       (811, 12, 3, 14, 0, 1, 2),
       (812, 13, 3, 15, 0, 0, 0),
       (813, 14, 3, 16, 2, 0, 1),
       (814, 15, 3, 17, 1, 2, 2),
       (815, 16, 3, 18, 1, 1, 0),
       (816, 17, 3, 19, 3, 2, 1),
       (817, 18, 3, 20, 2, 3, 2),
       (818, 19, 4, 1, 2, 2, 0),
       (819, 20, 4, 2, 4, 2, 1),
       (820, 1, 4, 3, 3, 4, 2),
       (821, 2, 4, 5, 3, 3, 0),
       (822, 3, 4, 6, 1, 0, 1),
       (823, 4, 4, 7, 0, 1, 2),
       (824, 5, 4, 8, 4, 4, 0),
       (825, 6, 4, 9, 2, 1, 1),
       (826, 7, 4, 10, 1, 2, 2),
       (827, 8, 4, 11, 0, 0, 0),
       (828, 9, 4, 12, 3, 2, 1),
       (829, 10, 4, 13, 2, 3, 2),
       (830, 11, 4, 14, 1, 1, 0),
       (831, 12, 4, 15, 4, 2, 1),
       (832, 13, 4, 16, 3, 4, 2),
       (833, 14, 4, 17, 2, 2, 0),
       (834, 15, 4, 18, 1, 0, 1),
       (835, 16, 4, 19, 0, 1, 2),
       (836, 17, 4, 20, 3, 3, 0),
       (837, 18, 5, 1, 2, 1, 1),
       (838, 19, 5, 2, 1, 2, 2),
       (839, 20, 5, 3, 0, 0, 0),
       (840, 1, 5, 4, 3, 2, 1),
       (841, 2, 5, 6, 2, 3, 2),
       (842, 3, 5, 7, 1, 1, 0),
       (843, 4, 5, 8, 4, 2, 1),
       (844, 5, 5, 9, 3, 4, 2),
       (845, 6, 5, 10, 2, 2, 0),
       (846, 7, 5, 11, 1, 0, 1),
       (847, 8, 5, 12, 0, 1, 2),
       (848, 9, 5, 13, 3, 3, 0),
       (849, 10, 5, 14, 3, 2, 1),
       (850, 11, 5, 15, 1, 2, 2),
       (851, 12, 5, 16, 0, 0, 0),
       (852, 13, 5, 17, 1, 0, 1),
       (853, 14, 5, 18, 2, 3, 2),
       (854, 15, 5, 19, 1, 1, 0),
       (855, 16, 5, 20, 2, 1, 1),
       (856, 17, 6, 1, 3, 4, 2),
       (857, 18, 6, 2, 2, 2, 0),
       (858, 19, 6, 3, 0, 1, 2),
       (859, 20, 6, 4, 3, 3, 0),
       (860, 1, 6, 5, 3, 2, 1),
       (861, 2, 6, 7, 1, 2, 2),
       (862, 3, 6, 8, 0, 0, 0),
       (863, 4, 6, 9, 4, 3, 1),
       (864, 5, 6, 10, 2, 3, 2),
       (865, 6, 6, 11, 1, 1, 0),
       (866, 7, 6, 12, 1, 0, 1),
       (867, 8, 6, 13, 3, 4, 2),
       (868, 9, 6, 14, 2, 2, 0),
       (869, 10, 6, 15, 2, 1, 1),
       (870, 11, 6, 16, 0, 1, 2),
       (871, 12, 6, 17, 3, 3, 0),
       (872, 13, 6, 18, 3, 2, 1),
       (873, 14, 6, 19, 1, 2, 2),
       (874, 15, 6, 20, 0, 0, 0),
       (875, 16, 7, 1, 4, 3, 1),
       (876, 17, 7, 2, 2, 3, 2),
       (877, 18, 7, 3, 1, 1, 0),
       (878, 19, 7, 4, 1, 0, 1),
       (879, 20, 7, 5, 3, 4, 2),
       (880, 1, 7, 6, 2, 2, 0),
       (881, 2, 7, 8, 2, 1, 1),
       (882, 3, 7, 9, 0, 1, 2),
       (883, 4, 7, 10, 3, 3, 0),
       (884, 5, 7, 11, 3, 2, 1),
       (885, 6, 7, 12, 1, 2, 2),
       (886, 7, 7, 13, 0, 0, 0),
       (887, 8, 7, 14, 4, 1, 1),
       (888, 9, 7, 15, 2, 3, 2),
       (889, 10, 7, 16, 1, 1, 0),
       (890, 11, 7, 17, 1, 0, 1),
       (891, 12, 7, 18, 3, 4, 2),
       (892, 13, 7, 19, 2, 2, 0),
       (893, 14, 7, 20, 3, 2, 1),
       (894, 15, 8, 1, 0, 1, 2),
       (895, 16, 8, 2, 3, 3, 0),
       (896, 17, 8, 3, 1, 0, 1),
       (897, 18, 8, 4, 1, 2, 2),
       (898, 19, 8, 5, 0, 0, 0),
       (899, 20, 8, 6, 2, 0, 1),
       (900, 1, 8, 7, 2, 3, 2),
       (901, 2, 8, 9, 1, 1, 0),
       (902, 3, 8, 10, 3, 1, 1),
       (903, 4, 8, 11, 3, 4, 2),
       (904, 5, 8, 12, 2, 2, 0),
       (905, 6, 8, 13, 4, 1, 1),
       (906, 7, 8, 14, 0, 1, 2),
       (907, 8, 8, 15, 3, 3, 0),
       (908, 9, 8, 16, 1, 0, 1),
       (909, 10, 8, 17, 1, 2, 2),
       (910, 11, 8, 18, 0, 0, 0),
       (911, 12, 8, 19, 2, 1, 1),
       (912, 13, 8, 20, 2, 3, 2),
       (913, 14, 9, 1, 1, 1, 0),
       (914, 15, 9, 2, 3, 0, 1),
       (915, 16, 9, 3, 3, 4, 2),
       (916, 17, 9, 4, 2, 2, 0),
       (917, 18, 9, 5, 4, 0, 1),
       (918, 19, 9, 6, 0, 1, 2),
       (919, 20, 9, 7, 3, 3, 0),
       (920, 1, 9, 8, 1, 0, 1),
       (921, 2, 9, 10, 1, 2, 2),
       (922, 3, 9, 11, 0, 0, 0),
       (923, 4, 9, 12, 2, 1, 1),
       (924, 5, 9, 13, 2, 3, 2),
       (925, 6, 9, 14, 1, 1, 0),
       (926, 7, 9, 15, 3, 2, 1),
       (927, 8, 9, 16, 3, 4, 2),
       (928, 9, 9, 17, 2, 2, 0),
       (929, 10, 9, 18, 4, 1, 1),
       (930, 11, 9, 19, 0, 1, 2),
       (931, 12, 9, 20, 3, 3, 0),
       (932, 13, 10, 1, 1, 0, 1),
       (933, 14, 10, 2, 1, 2, 2),
       (934, 15, 10, 3, 0, 0, 0),
       (935, 16, 10, 4, 2, 1, 1),
       (936, 17, 10, 5, 2, 3, 2),
       (937, 18, 10, 6, 1, 1, 0),
       (938, 19, 10, 7, 3, 2, 1),
       (939, 20, 10, 8, 3, 4, 2),
       (940, 1, 10, 9, 2, 2, 0),
       (941, 2, 10, 11, 4, 1, 1),
       (942, 3, 10, 12, 0, 1, 2),
       (943, 4, 10, 13, 3, 3, 0),
       (944, 5, 10, 14, 1, 0, 1),
       (945, 6, 10, 15, 1, 2, 2),
       (946, 7, 10, 16, 0, 0, 0),
       (947, 8, 10, 17, 2, 0, 1),
       (948, 9, 10, 18, 2, 3, 2),
       (949, 10, 10, 19, 1, 1, 0),
       (950, 11, 10, 20, 3, 2, 1),
       (951, 12, 11, 1, 3, 4, 2),
       (952, 13, 11, 2, 2, 2, 0),
       (953, 14, 11, 3, 4, 3, 1),
       (954, 15, 11, 4, 0, 1, 2),
       (955, 16, 11, 5, 3, 3, 0),
       (956, 17, 11, 6, 1, 0, 1),
       (957, 18, 11, 7, 1, 2, 2),
       (958, 19, 11, 8, 0, 0, 0),
       (959, 20, 11, 9, 3, 2, 1),
       (960, 1, 11, 10, 2, 3, 2),
       (961, 2, 11, 12, 1, 1, 0),
       (962, 3, 11, 13, 1, 0, 1),
       (963, 4, 11, 14, 3, 4, 2),
       (964, 5, 11, 15, 2, 2, 0),
       (965, 6, 11, 16, 2, 1, 1),
       (966, 7, 11, 17, 0, 1, 2),
       (967, 8, 11, 18, 3, 3, 0),
       (968, 9, 11, 19, 3, 2, 1),
       (969, 10, 11, 20, 1, 2, 2),
       (970, 11, 12, 1, 0, 0, 0),
       (971, 12, 12, 2, 4, 3, 1),
       (972, 13, 12, 3, 2, 3, 2),
       (973, 14, 12, 4, 1, 1, 0),
       (974, 15, 12, 5, 1, 0, 1),
       (975, 16, 12, 6, 3, 4, 2),
       (976, 17, 12, 7, 2, 2, 0),
       (977, 18, 12, 8, 2, 1, 1),
       (978, 19, 12, 9, 0, 1, 2),
       (979, 20, 12, 10, 3, 3, 0),
       (980, 1, 12, 11, 3, 2, 1),
       (981, 2, 12, 13, 1, 2, 2),
       (982, 3, 12, 14, 0, 0, 0),
       (983, 4, 12, 15, 4, 3, 1),
       (984, 5, 12, 16, 2, 3, 2),
       (985, 6, 12, 17, 1, 1, 0),
       (986, 7, 12, 18, 1, 0, 1),
       (987, 8, 12, 19, 3, 4, 2),
       (988, 9, 12, 20, 2, 2, 0),
       (989, 10, 13, 1, 2, 1, 1),
       (990, 11, 13, 2, 0, 1, 2),
       (991, 12, 13, 3, 3, 3, 0),
       (992, 13, 13, 4, 3, 2, 1),
       (993, 14, 13, 5, 1, 2, 2),
       (994, 15, 13, 6, 0, 0, 0),
       (995, 16, 13, 7, 4, 3, 1),
       (996, 17, 13, 8, 2, 3, 2),
       (997, 18, 13, 9, 1, 1, 0),
       (998, 19, 13, 10, 1, 0, 1),
       (999, 20, 13, 11, 3, 4, 2),
       (1000, 1, 13, 12, 2, 2, 0),
       (1001, 2, 13, 14, 1, 1, 1),
       (1002, 3, 13, 15, 0, 1, 2),
       (1003, 4, 13, 16, 3, 3, 0),
       (1004, 5, 13, 17, 2, 2, 1),
       (1005, 6, 13, 18, 1, 2, 2),
       (1006, 7, 13, 19, 0, 0, 0),
       (1007, 8, 13, 20, 4, 3, 1),
       (1008, 9, 14, 1, 2, 3, 2),
       (1009, 10, 14, 2, 1, 1, 0),
       (1010, 11, 14, 3, 1, 0, 1),
       (1011, 12, 14, 4, 3, 4, 2),
       (1012, 13, 14, 5, 2, 2, 0),
       (1013, 14, 14, 6, 2, 1, 1),
       (1014, 15, 14, 7, 0, 1, 2),
       (1015, 16, 14, 8, 3, 3, 0),
       (1016, 17, 14, 9, 3, 2, 1),
       (1017, 18, 14, 10, 1, 2, 2),
       (1018, 19, 14, 11, 0, 0, 0),
       (1019, 20, 14, 12, 4, 3, 1),
       (1020, 1, 14, 13, 2, 3, 2),
       (1021, 2, 14, 15, 1, 1, 0),
       (1022, 3, 14, 16, 1, 0, 1),
       (1023, 4, 14, 17, 3, 4, 2),
       (1024, 5, 14, 18, 3, 3, 0),
       (1025, 6, 14, 19, 2, 1, 1),
       (1026, 7, 14, 20, 0, 1, 2),
       (1027, 8, 15, 1, 0, 0, 0),
       (1028, 9, 15, 2, 3, 2, 1),
       (1029, 10, 15, 3, 1, 2, 2),
       (1030, 11, 15, 4, 0, 0, 0),
       (1031, 12, 15, 5, 4, 3, 1),
       (1032, 13, 15, 6, 2, 3, 2),
       (1033, 14, 15, 7, 1, 1, 0),
       (1034, 15, 15, 8, 2, 1, 1),
       (1035, 16, 15, 9, 3, 4, 2),
       (1036, 17, 15, 10, 2, 2, 0),
       (1037, 18, 15, 11, 3, 2, 1),
       (1038, 19, 15, 12, 0, 1, 2),
       (1039, 20, 15, 13, 1, 2, 2),
       (1040, 1, 15, 14, 3, 3, 0),
       (1041, 2, 15, 16, 1, 0, 1),
       (1042, 3, 15, 17, 2, 3, 2),
       (1043, 4, 15, 18, 0, 0, 0),
       (1044, 5, 15, 19, 4, 3, 1),
       (1045, 6, 15, 20, 1, 1, 0),
       (1046, 7, 16, 1, 3, 4, 2),
       (1047, 8, 16, 2, 2, 2, 0),
       (1048, 9, 16, 3, 2, 1, 1),
       (1049, 10, 16, 4, 0, 1, 2),
       (1050, 11, 16, 5, 3, 3, 0),
       (1051, 12, 16, 6, 3, 2, 1),
       (1052, 13, 16, 7, 1, 2, 2),
       (1053, 14, 16, 8, 0, 0, 0),
       (1054, 15, 16, 9, 2, 1, 1),
       (1055, 16, 16, 10, 2, 3, 2),
       (1056, 17, 16, 11, 3, 4, 2),
       (1057, 18, 16, 12, 1, 1, 0),
       (1058, 19, 16, 13, 3, 2, 1),
       (1059, 20, 16, 14, 0, 1, 2),
       (1060, 1, 16, 15, 2, 2, 0),
       (1061, 2, 16, 17, 2, 1, 1),
       (1062, 3, 16, 18, 1, 2, 2),
       (1063, 4, 16, 19, 2, 3, 2),
       (1064, 5, 16, 20, 3, 3, 0),
       (1065, 6, 17, 1, 4, 3, 1),
       (1066, 7, 17, 2, 3, 4, 2),
       (1067, 8, 17, 3, 0, 0, 0),
       (1068, 9, 17, 4, 1, 1, 0),
       (1069, 10, 17, 5, 1, 0, 1),
       (1070, 11, 17, 6, 0, 1, 2),
       (1071, 12, 17, 7, 2, 2, 0),
       (1072, 13, 17, 8, 2, 1, 1),
       (1073, 14, 17, 9, 1, 2, 2),
       (1074, 15, 17, 10, 3, 3, 0),
       (1075, 16, 17, 11, 3, 2, 1),
       (1076, 17, 17, 12, 2, 3, 2),
       (1077, 18, 17, 13, 0, 0, 0),
       (1078, 19, 17, 14, 4, 3, 1),
       (1079, 20, 17, 15, 3, 4, 2),
       (1080, 1, 17, 16, 1, 1, 0),
       (1081, 2, 17, 18, 1, 0, 1),
       (1082, 3, 17, 19, 0, 1, 2),
       (1083, 4, 17, 20, 0, 0, 0),
       (1084, 5, 18, 1, 2, 1, 1),
       (1085, 6, 18, 2, 1, 2, 2),
       (1086, 7, 18, 3, 0, 0, 0),
       (1087, 8, 18, 4, 3, 2, 1),
       (1088, 9, 18, 5, 2, 3, 2),
       (1089, 10, 18, 6, 1, 1, 0),
       (1090, 11, 18, 7, 4, 3, 1),
       (1091, 12, 18, 8, 3, 4, 2),
       (1092, 13, 18, 9, 2, 2, 0),
       (1093, 14, 18, 10, 1, 0, 1),
       (1094, 15, 18, 11, 0, 1, 2),
       (1095, 16, 18, 12, 0, 0, 0),
       (1096, 17, 18, 13, 2, 1, 1),
       (1097, 18, 18, 14, 1, 2, 2),
       (1098, 19, 18, 15, 1, 1, 0),
       (1099, 20, 18, 16, 3, 2, 1),
       (1100, 1, 18, 17, 2, 3, 2),
       (1101, 2, 18, 19, 2, 2, 0),
       (1102, 3, 18, 20, 4, 3, 1),
       (1103, 4, 19, 1, 3, 4, 2),
       (1104, 5, 19, 2, 3, 3, 0),
       (1105, 6, 19, 3, 1, 0, 1),
       (1106, 7, 19, 4, 0, 1, 2),
       (1107, 8, 19, 5, 0, 0, 0),
       (1108, 9, 19, 6, 2, 1, 1),
       (1109, 10, 19, 7, 1, 2, 2),
       (1110, 11, 19, 8, 1, 1, 0),
       (1111, 12, 19, 9, 3, 2, 1),
       (1112, 13, 19, 10, 2, 3, 2),
       (1113, 14, 19, 11, 2, 2, 0),
       (1114, 15, 19, 12, 4, 3, 1),
       (1115, 16, 19, 13, 3, 4, 2),
       (1116, 17, 19, 14, 3, 3, 0),
       (1117, 18, 19, 15, 1, 0, 1),
       (1118, 19, 19, 16, 0, 1, 2),
       (1119, 20, 19, 17, 1, 2, 2),
       (1120, 1, 19, 18, 0, 0, 0),
       (1121, 2, 19, 20, 2, 1, 1),
       (1122, 3, 20, 1, 2, 3, 2),
       (1123, 4, 20, 2, 1, 1, 0),
       (1124, 5, 20, 3, 3, 2, 1),
       (1125, 6, 20, 4, 3, 4, 2),
       (1126, 7, 20, 5, 2, 2, 0),
       (1127, 8, 20, 6, 3, 3, 0),
       (1128, 9, 20, 7, 4, 3, 1),
       (1129, 10, 20, 8, 0, 1, 2),
       (1130, 11, 20, 9, 0, 0, 0),
       (1131, 12, 20, 10, 1, 1, 0),
       (1132, 13, 20, 11, 1, 2, 2),
       (1133, 14, 20, 12, 2, 2, 0),
       (1134, 15, 20, 13, 1, 0, 1),
       (1135, 16, 20, 14, 2, 3, 2),
       (1136, 17, 20, 15, 3, 3, 0),
       (1137, 18, 20, 16, 2, 1, 1),
       (1138, 19, 20, 17, 3, 4, 2),
       (1139, 20, 20, 18, 0, 0, 0),
       (1140, 1, 20, 19, 3, 2, 1),
       (1141, 2, 21, 22, 0, 1, 2),
       (1142, 3, 21, 23, 1, 1, 0),
       (1143, 4, 21, 24, 1, 0, 1),
       (1144, 5, 21, 25, 1, 2, 2),
       (1145, 6, 21, 26, 2, 2, 0),
       (1146, 7, 21, 27, 2, 1, 1),
       (1147, 8, 21, 28, 2, 3, 2),
       (1148, 9, 21, 29, 3, 3, 0),
       (1149, 10, 21, 30, 3, 2, 1),
       (1150, 11, 21, 31, 3, 4, 2),
       (1151, 12, 21, 32, 4, 4, 0),
       (1152, 13, 21, 33, 4, 3, 1),
       (1153, 14, 21, 34, 0, 1, 2),
       (1154, 15, 21, 35, 1, 1, 0),
       (1155, 16, 21, 36, 1, 0, 1),
       (1156, 17, 21, 37, 1, 2, 2),
       (1157, 18, 21, 38, 2, 2, 0),
       (1158, 19, 21, 39, 2, 1, 1),
       (1159, 20, 21, 40, 2, 3, 2),
       (1160, 1, 22, 21, 3, 3, 0),
       (1161, 2, 22, 23, 3, 2, 1),
       (1162, 3, 22, 24, 3, 4, 2),
       (1163, 4, 22, 25, 4, 4, 0),
       (1164, 5, 22, 26, 4, 3, 1),
       (1165, 6, 22, 27, 0, 1, 2),
       (1166, 7, 22, 28, 1, 1, 0),
       (1167, 8, 22, 29, 1, 0, 1),
       (1168, 9, 22, 30, 1, 2, 2),
       (1169, 10, 22, 31, 2, 2, 0),
       (1170, 11, 22, 32, 2, 1, 1),
       (1171, 12, 22, 33, 2, 3, 2),
       (1172, 13, 22, 34, 3, 3, 0),
       (1173, 14, 22, 35, 3, 2, 1),
       (1174, 15, 22, 36, 3, 4, 2),
       (1175, 16, 22, 37, 4, 4, 0),
       (1176, 17, 22, 38, 4, 3, 1),
       (1177, 18, 22, 39, 0, 1, 2),
       (1178, 19, 22, 40, 1, 1, 0),
       (1179, 20, 23, 21, 1, 0, 1),
       (1180, 1, 23, 22, 1, 2, 2),
       (1181, 2, 23, 24, 2, 2, 0),
       (1182, 3, 23, 25, 2, 1, 1),
       (1183, 4, 23, 26, 2, 3, 2),
       (1184, 5, 23, 27, 3, 3, 0),
       (1185, 6, 23, 28, 3, 2, 1),
       (1186, 7, 23, 29, 3, 4, 2),
       (1187, 8, 23, 30, 4, 4, 0),
       (1188, 9, 23, 31, 4, 3, 1),
       (1189, 10, 23, 32, 0, 1, 2),
       (1190, 11, 23, 33, 1, 1, 0),
       (1191, 12, 23, 34, 1, 0, 1),
       (1192, 13, 23, 35, 1, 2, 2),
       (1193, 14, 23, 36, 2, 2, 0),
       (1194, 15, 23, 37, 2, 1, 1),
       (1195, 16, 23, 38, 2, 3, 2),
       (1196, 17, 23, 39, 3, 3, 0),
       (1197, 18, 23, 40, 3, 2, 1),
       (1198, 19, 24, 21, 3, 4, 2),
       (1199, 20, 24, 22, 4, 4, 0),
       (1200, 1, 24, 23, 4, 3, 1),
       (1201, 2, 24, 25, 0, 1, 2),
       (1202, 3, 24, 26, 1, 1, 0),
       (1203, 4, 24, 27, 1, 0, 1),
       (1204, 5, 24, 28, 1, 2, 2),
       (1205, 6, 24, 29, 2, 2, 0),
       (1206, 7, 24, 30, 2, 1, 1),
       (1207, 8, 24, 31, 2, 3, 2),
       (1208, 9, 24, 32, 3, 3, 0),
       (1209, 10, 24, 33, 3, 2, 1),
       (1210, 11, 24, 34, 3, 4, 2),
       (1211, 12, 24, 35, 4, 4, 0),
       (1212, 13, 24, 36, 4, 3, 1),
       (1213, 14, 24, 37, 0, 1, 2),
       (1214, 15, 24, 38, 1, 1, 0),
       (1215, 16, 24, 39, 1, 0, 1),
       (1216, 17, 24, 40, 1, 2, 2),
       (1217, 18, 25, 21, 2, 2, 0),
       (1218, 19, 25, 22, 2, 1, 1),
       (1219, 20, 25, 23, 2, 3, 2),
       (1220, 1, 25, 24, 3, 3, 0),
       (1221, 2, 25, 26, 3, 2, 1),
       (1222, 3, 25, 27, 3, 4, 2),
       (1223, 4, 25, 28, 4, 4, 0),
       (1224, 5, 25, 29, 4, 3, 1),
       (1225, 6, 25, 30, 0, 1, 2),
       (1226, 7, 25, 31, 1, 1, 0),
       (1227, 8, 25, 32, 1, 0, 1),
       (1228, 9, 25, 33, 1, 2, 2),
       (1229, 10, 25, 34, 2, 2, 0),
       (1230, 11, 25, 35, 2, 1, 1),
       (1231, 12, 25, 36, 2, 3, 2),
       (1232, 13, 25, 37, 3, 3, 0),
       (1233, 14, 25, 38, 3, 2, 1),
       (1234, 15, 25, 39, 3, 4, 2),
       (1235, 16, 25, 40, 4, 4, 0),
       (1236, 17, 26, 21, 4, 3, 1),
       (1237, 18, 26, 22, 0, 1, 2),
       (1238, 19, 26, 23, 1, 1, 0),
       (1239, 20, 26, 24, 1, 0, 1),
       (1240, 1, 26, 25, 1, 2, 2),
       (1241, 2, 26, 27, 2, 2, 0),
       (1242, 3, 26, 28, 2, 1, 1),
       (1243, 4, 26, 29, 2, 3, 2),
       (1244, 5, 26, 30, 3, 3, 0),
       (1245, 6, 26, 31, 3, 2, 1),
       (1246, 7, 26, 32, 3, 4, 2),
       (1247, 8, 26, 33, 4, 4, 0),
       (1248, 9, 26, 34, 4, 3, 1),
       (1249, 10, 26, 35, 0, 1, 2),
       (1250, 11, 26, 36, 1, 1, 0),
       (1251, 12, 26, 37, 1, 0, 1),
       (1252, 13, 26, 38, 1, 2, 2),
       (1253, 14, 26, 39, 2, 2, 0),
       (1254, 15, 26, 40, 2, 1, 1),
       (1255, 16, 27, 21, 2, 3, 2),
       (1256, 17, 27, 22, 3, 3, 0),
       (1257, 18, 27, 23, 3, 2, 1),
       (1258, 19, 27, 24, 3, 4, 2),
       (1259, 20, 27, 25, 4, 4, 0),
       (1260, 1, 27, 26, 4, 3, 1),
       (1261, 2, 27, 28, 0, 1, 2),
       (1262, 3, 27, 29, 1, 1, 0),
       (1263, 4, 27, 30, 1, 0, 1),
       (1264, 5, 27, 31, 1, 2, 2),
       (1265, 6, 27, 32, 2, 2, 0),
       (1266, 7, 27, 33, 2, 1, 1),
       (1267, 8, 27, 34, 2, 3, 2),
       (1268, 9, 27, 35, 3, 3, 0),
       (1269, 10, 27, 36, 3, 2, 1),
       (1270, 11, 27, 37, 3, 4, 2),
       (1271, 12, 27, 38, 4, 4, 0),
       (1272, 13, 27, 39, 4, 3, 1),
       (1273, 14, 27, 40, 0, 1, 2),
       (1274, 15, 28, 21, 1, 1, 0),
       (1275, 16, 28, 22, 1, 0, 1),
       (1276, 17, 28, 23, 1, 2, 2),
       (1277, 18, 28, 24, 2, 2, 0),
       (1278, 19, 28, 25, 3, 3, 0),
       (1279, 20, 28, 26, 2, 1, 1),
       (1280, 1, 28, 27, 2, 3, 2),
       (1281, 2, 28, 29, 4, 4, 0),
       (1282, 3, 28, 30, 3, 2, 1),
       (1283, 4, 28, 31, 3, 4, 2),
       (1284, 5, 28, 32, 1, 1, 0),
       (1285, 6, 28, 33, 4, 3, 1),
       (1286, 7, 28, 34, 0, 1, 2),
       (1287, 8, 28, 35, 2, 2, 0),
       (1288, 9, 28, 36, 1, 0, 1),
       (1289, 10, 28, 37, 1, 2, 2),
       (1290, 11, 28, 38, 3, 3, 0),
       (1291, 12, 28, 39, 2, 1, 1),
       (1292, 13, 28, 40, 2, 3, 2),
       (1293, 14, 29, 21, 4, 4, 0),
       (1294, 15, 29, 22, 3, 2, 1),
       (1295, 16, 29, 23, 3, 4, 2),
       (1296, 17, 29, 24, 1, 1, 0),
       (1297, 18, 29, 25, 4, 3, 1),
       (1298, 19, 29, 26, 0, 1, 2),
       (1299, 20, 29, 27, 2, 2, 0),
       (1300, 1, 29, 28, 1, 0, 1),
       (1301, 2, 29, 30, 1, 2, 2),
       (1302, 3, 29, 31, 3, 3, 0),
       (1303, 4, 29, 32, 2, 1, 1),
       (1304, 5, 29, 33, 2, 3, 2),
       (1305, 6, 29, 34, 4, 4, 0),
       (1306, 7, 29, 35, 3, 2, 1),
       (1307, 8, 29, 36, 3, 4, 2),
       (1308, 9, 29, 37, 1, 1, 0),
       (1309, 10, 29, 38, 4, 3, 1),
       (1310, 11, 29, 39, 0, 1, 2),
       (1311, 12, 29, 40, 2, 2, 0),
       (1312, 13, 30, 21, 1, 0, 1),
       (1313, 14, 30, 22, 1, 2, 2),
       (1314, 15, 30, 23, 3, 3, 0),
       (1315, 16, 30, 24, 2, 1, 1),
       (1316, 17, 30, 25, 2, 3, 2),
       (1317, 18, 30, 26, 4, 4, 0),
       (1318, 19, 30, 27, 3, 2, 1),
       (1319, 20, 30, 28, 3, 4, 2),
       (1320, 1, 30, 29, 1, 1, 0),
       (1321, 2, 30, 31, 4, 3, 1),
       (1322, 3, 30, 32, 0, 1, 2),
       (1323, 4, 30, 33, 2, 2, 0),
       (1324, 5, 30, 34, 1, 0, 1),
       (1325, 6, 30, 35, 1, 2, 2),
       (1326, 7, 30, 36, 3, 3, 0),
       (1327, 8, 30, 37, 2, 1, 1),
       (1328, 9, 30, 38, 2, 3, 2),
       (1329, 10, 30, 39, 4, 4, 0),
       (1330, 11, 30, 40, 3, 2, 1),
       (1331, 12, 31, 21, 3, 4, 2),
       (1332, 13, 31, 22, 1, 1, 0),
       (1333, 14, 31, 23, 4, 3, 1),
       (1334, 15, 31, 24, 0, 1, 2),
       (1335, 16, 31, 25, 2, 2, 0),
       (1336, 17, 31, 26, 1, 0, 1),
       (1337, 18, 31, 27, 1, 2, 2),
       (1338, 19, 31, 28, 3, 3, 0),
       (1339, 20, 31, 29, 2, 1, 1),
       (1340, 1, 31, 30, 2, 3, 2),
       (1341, 2, 31, 32, 4, 4, 0),
       (1342, 3, 31, 33, 3, 2, 1),
       (1343, 4, 31, 34, 3, 4, 2),
       (1344, 5, 31, 35, 1, 1, 0),
       (1345, 6, 31, 36, 4, 3, 1),
       (1346, 7, 31, 37, 0, 1, 2),
       (1347, 8, 31, 38, 2, 2, 0),
       (1348, 9, 31, 39, 1, 0, 1),
       (1349, 10, 31, 40, 1, 2, 2),
       (1350, 11, 32, 21, 3, 3, 0),
       (1351, 12, 32, 22, 2, 1, 1),
       (1352, 13, 32, 23, 2, 3, 2),
       (1353, 14, 32, 24, 4, 4, 0),
       (1354, 15, 32, 25, 3, 2, 1),
       (1355, 16, 32, 26, 3, 4, 2),
       (1356, 17, 32, 27, 1, 1, 0),
       (1357, 18, 32, 28, 0, 1, 2),
       (1358, 19, 32, 29, 2, 2, 0),
       (1359, 20, 32, 30, 4, 3, 1),
       (1360, 1, 32, 31, 1, 2, 2),
       (1361, 2, 32, 33, 3, 3, 0),
       (1362, 3, 32, 34, 1, 0, 1),
       (1363, 4, 32, 35, 2, 3, 2),
       (1364, 5, 32, 36, 4, 4, 0),
       (1365, 6, 32, 37, 2, 1, 1),
       (1366, 7, 32, 38, 3, 4, 2),
       (1367, 8, 32, 39, 1, 1, 0),
       (1368, 9, 32, 40, 3, 2, 1),
       (1369, 10, 33, 21, 0, 1, 2),
       (1370, 11, 33, 22, 2, 2, 0),
       (1371, 12, 33, 23, 4, 3, 1),
       (1372, 13, 33, 24, 1, 2, 2),
       (1373, 14, 33, 25, 3, 3, 0),
       (1374, 15, 33, 26, 1, 0, 1),
       (1375, 16, 33, 27, 2, 3, 2),
       (1376, 17, 33, 28, 4, 4, 0),
       (1377, 18, 33, 29, 2, 1, 1),
       (1378, 19, 33, 30, 3, 4, 2),
       (1379, 20, 33, 31, 1, 1, 0),
       (1380, 1, 33, 32, 3, 2, 1),
       (1381, 2, 33, 34, 0, 1, 2),
       (1382, 3, 33, 35, 2, 2, 0),
       (1383, 4, 33, 36, 4, 3, 1),
       (1384, 5, 33, 37, 1, 2, 2),
       (1385, 6, 33, 38, 3, 3, 0),
       (1386, 7, 33, 39, 1, 0, 1),
       (1387, 8, 33, 40, 2, 3, 2),
       (1388, 9, 34, 21, 4, 4, 0),
       (1389, 10, 34, 22, 2, 1, 1),
       (1390, 11, 34, 23, 1, 1, 0),
       (1391, 12, 34, 24, 3, 4, 2),
       (1392, 13, 34, 25, 2, 2, 0),
       (1393, 14, 34, 26, 0, 1, 2),
       (1394, 15, 34, 27, 3, 3, 0),
       (1395, 16, 34, 28, 3, 2, 1),
       (1396, 17, 34, 29, 1, 2, 2),
       (1397, 18, 34, 30, 4, 4, 0),
       (1398, 19, 34, 31, 4, 3, 1),
       (1399, 20, 34, 32, 2, 3, 2),
       (1400, 1, 34, 33, 1, 1, 0),
       (1401, 2, 34, 35, 1, 0, 1),
       (1402, 3, 34, 36, 3, 4, 2),
       (1403, 4, 34, 37, 2, 2, 0),
       (1404, 5, 34, 38, 2, 1, 1),
       (1405, 6, 34, 39, 0, 1, 2),
       (1406, 7, 34, 40, 3, 3, 0),
       (1407, 8, 35, 21, 3, 2, 1),
       (1408, 9, 35, 22, 1, 2, 2),
       (1409, 10, 35, 23, 4, 4, 0),
       (1410, 11, 35, 24, 4, 3, 1),
       (1411, 12, 35, 25, 2, 3, 2),
       (1412, 13, 35, 26, 1, 1, 0),
       (1413, 14, 35, 27, 1, 0, 1),
       (1414, 15, 35, 28, 3, 4, 2),
       (1415, 16, 35, 29, 2, 2, 0),
       (1416, 17, 35, 30, 2, 1, 1),
       (1417, 18, 35, 31, 0, 1, 2),
       (1418, 19, 35, 32, 3, 3, 0),
       (1419, 20, 35, 33, 3, 2, 1),
       (1420, 1, 35, 34, 1, 2, 2),
       (1421, 2, 35, 36, 4, 4, 0),
       (1422, 3, 35, 37, 4, 3, 1),
       (1423, 4, 35, 38, 2, 3, 2),
       (1424, 5, 35, 39, 1, 1, 0),
       (1425, 6, 35, 40, 1, 0, 1),
       (1426, 7, 36, 21, 3, 4, 2),
       (1427, 8, 36, 22, 2, 2, 0),
       (1428, 9, 36, 23, 2, 1, 1),
       (1429, 10, 36, 24, 0, 1, 2),
       (1430, 11, 36, 25, 3, 3, 0),
       (1431, 12, 36, 26, 3, 2, 1),
       (1432, 13, 36, 27, 1, 2, 2),
       (1433, 14, 36, 28, 4, 4, 0),
       (1434, 15, 36, 29, 4, 3, 1),
       (1435, 16, 36, 30, 2, 3, 2),
       (1436, 17, 36, 31, 1, 1, 0),
       (1437, 18, 36, 32, 1, 0, 1),
       (1438, 19, 36, 33, 3, 4, 2),
       (1439, 20, 36, 34, 2, 2, 0),
       (1440, 1, 36, 35, 2, 1, 1),
       (1441, 2, 36, 37, 0, 1, 2),
       (1442, 3, 36, 38, 3, 3, 0),
       (1443, 4, 36, 39, 3, 2, 1),
       (1444, 5, 36, 40, 1, 2, 2),
       (1445, 6, 37, 21, 4, 4, 0),
       (1446, 7, 37, 22, 4, 3, 1),
       (1447, 8, 37, 23, 2, 3, 2),
       (1448, 9, 37, 24, 1, 1, 0),
       (1449, 10, 37, 25, 3, 4, 2),
       (1450, 11, 37, 26, 1, 0, 1),
       (1451, 12, 37, 27, 0, 1, 2),
       (1452, 13, 37, 28, 2, 2, 0),
       (1453, 14, 37, 29, 2, 1, 1),
       (1454, 15, 37, 30, 1, 2, 2),
       (1455, 16, 37, 31, 3, 3, 0),
       (1456, 17, 37, 32, 3, 2, 1),
       (1457, 18, 37, 33, 2, 3, 2),
       (1458, 19, 37, 34, 4, 4, 0),
       (1459, 20, 37, 35, 4, 3, 1),
       (1460, 1, 37, 36, 3, 4, 2),
       (1461, 2, 37, 38, 1, 1, 0),
       (1462, 3, 37, 39, 1, 0, 1),
       (1463, 4, 37, 40, 1, 2, 2),
       (1464, 5, 38, 21, 2, 2, 0),
       (1465, 6, 38, 22, 2, 1, 1),
       (1466, 7, 38, 23, 2, 3, 2),
       (1467, 8, 38, 24, 3, 3, 0),
       (1468, 9, 38, 25, 3, 2, 1),
       (1469, 10, 38, 26, 3, 4, 2),
       (1470, 11, 38, 27, 4, 4, 0),
       (1471, 12, 38, 28, 4, 3, 1),
       (1472, 13, 38, 29, 0, 1, 2),
       (1473, 14, 38, 30, 1, 1, 0),
       (1474, 15, 38, 31, 1, 0, 1),
       (1475, 16, 38, 32, 1, 2, 2),
       (1476, 17, 38, 33, 2, 2, 0),
       (1477, 18, 38, 34, 2, 1, 1),
       (1478, 19, 38, 35, 2, 3, 2),
       (1479, 20, 38, 36, 3, 3, 0),
       (1480, 1, 38, 37, 3, 2, 1),
       (1481, 2, 38, 39, 3, 4, 2),
       (1482, 3, 38, 40, 4, 4, 0),
       (1483, 4, 39, 21, 4, 3, 1),
       (1484, 5, 39, 22, 0, 1, 2),
       (1485, 6, 39, 23, 1, 1, 0),
       (1486, 7, 39, 24, 1, 0, 1),
       (1487, 8, 39, 25, 1, 2, 2),
       (1488, 9, 39, 26, 2, 2, 0),
       (1489, 10, 39, 27, 2, 1, 1),
       (1490, 11, 39, 28, 2, 3, 2),
       (1491, 12, 39, 29, 3, 3, 0),
       (1492, 13, 39, 30, 3, 2, 1),
       (1493, 14, 39, 31, 3, 4, 2),
       (1494, 15, 39, 32, 4, 4, 0),
       (1495, 16, 39, 33, 4, 3, 1),
       (1496, 17, 39, 34, 0, 1, 2),
       (1497, 18, 39, 35, 1, 1, 0),
       (1498, 19, 39, 36, 1, 0, 1),
       (1499, 20, 39, 37, 1, 2, 2),
       (1500, 1, 39, 38, 2, 2, 0),
       (1501, 2, 39, 40, 2, 1, 1),
       (1502, 3, 40, 21, 2, 3, 2),
       (1503, 4, 40, 22, 3, 3, 0),
       (1504, 5, 40, 23, 3, 2, 1),
       (1505, 6, 40, 24, 3, 4, 2),
       (1506, 7, 40, 25, 4, 4, 0),
       (1507, 8, 40, 26, 4, 3, 1),
       (1508, 9, 40, 27, 0, 1, 2),
       (1509, 10, 40, 28, 1, 1, 0),
       (1510, 11, 40, 29, 1, 0, 1),
       (1511, 12, 40, 30, 1, 2, 2),
       (1512, 13, 40, 31, 2, 2, 0),
       (1513, 14, 40, 32, 2, 1, 1),
       (1514, 15, 40, 33, 2, 3, 2),
       (1515, 16, 40, 34, 3, 3, 0),
       (1516, 17, 40, 35, 3, 2, 1),
       (1517, 18, 40, 36, 3, 4, 2),
       (1518, 19, 40, 37, 4, 4, 0),
       (1519, 20, 40, 38, 4, 3, 1),
       (1520, 1, 40, 39, 0, 1, 2);
