create database football;
use football;

create table league
(
    idleague int auto_increment
        primary key,
    country  varchar(45) not null,
    name     varchar(45) not null
)
    charset = utf8;

INSERT INTO football.league (idleague, country, name) VALUES (1, 'England', 'Premier League');
INSERT INTO football.league (idleague, country, name) VALUES (2, 'Spain', 'La Liga');

create table season
(
    idseason int auto_increment
        primary key,
    name     varchar(45) not null
)
    charset = utf8;

INSERT INTO football.season (idseason, name) VALUES (1, '2019-20');
INSERT INTO football.season (idseason, name) VALUES (2, '2017–18');

create table position
(
    idposition int auto_increment
        primary key,
    name       varchar(45) not null
)
    charset = utf8;

INSERT INTO football.position (idposition, name) VALUES (1, 'Goalkeeper');
INSERT INTO football.position (idposition, name) VALUES (2, 'Defender');
INSERT INTO football.position (idposition, name) VALUES (3, 'Midfielder');
INSERT INTO football.position (idposition, name) VALUES (4, 'Forward');

create table referee
(
    idreferee   int auto_increment
        primary key,
    name        varchar(45) not null,
    nationality varchar(45) not null
)
    charset = utf8;

INSERT INTO football.referee (idreferee, name, nationality) VALUES (1, 'Martin Atkinson', 'England');
INSERT INTO football.referee (idreferee, name, nationality) VALUES (2, 'Michael Oliver', 'England');
INSERT INTO football.referee (idreferee, name, nationality) VALUES (3, 'Anthony Taylor', 'England');
INSERT INTO football.referee (idreferee, name, nationality) VALUES (4, 'Mike Dean', 'England');
INSERT INTO football.referee (idreferee, name, nationality) VALUES (5, 'Chris Kavanagh', 'England');
INSERT INTO football.referee (idreferee, name, nationality) VALUES (6, 'Kevin Friend', 'England');
INSERT INTO football.referee (idreferee, name, nationality) VALUES (7, 'Jonathan Moss', 'England');
INSERT INTO football.referee (idreferee, name, nationality) VALUES (8, 'Paul Tierney', 'England');
INSERT INTO football.referee (idreferee, name, nationality) VALUES (9, 'Andre Marriner', 'England');
INSERT INTO football.referee (idreferee, name, nationality) VALUES (10, 'Craig Pawson', 'England');
INSERT INTO football.referee (idreferee, name, nationality) VALUES (11, 'Stuart Attwell', 'England');
INSERT INTO football.referee (idreferee, name, nationality) VALUES (12, 'Graham Scott', 'England');
INSERT INTO football.referee (idreferee, name, nationality) VALUES (13, 'David Coote', 'England');
INSERT INTO football.referee (idreferee, name, nationality) VALUES (14, 'Lee Mason', 'England');
INSERT INTO football.referee (idreferee, name, nationality) VALUES (15, 'Peter Bankes', 'England');
INSERT INTO football.referee (idreferee, name, nationality) VALUES (16, 'Simon Hooper', 'England');
INSERT INTO football.referee (idreferee, name, nationality) VALUES (17, 'Andy Madley', 'England');
INSERT INTO football.referee (idreferee, name, nationality) VALUES (18, 'Darren England', 'England');
INSERT INTO football.referee (idreferee, name, nationality) VALUES (19, 'Robert Jones', 'England');
INSERT INTO football.referee (idreferee, name, nationality) VALUES (20, 'Tim Robinson', 'England');
INSERT INTO football.referee (idreferee, name, nationality) VALUES (21, 'Javier Alberola Rojas', 'Spain');
INSERT INTO football.referee (idreferee, name, nationality) VALUES (22, 'Alfonso Alvarez Izquierdo', 'Spain');
INSERT INTO football.referee (idreferee, name, nationality) VALUES (23, 'Javier Estrada Fernandez', 'Spain');
INSERT INTO football.referee (idreferee, name, nationality) VALUES (24, 'David Fernandez Borbalan', 'Spain');
INSERT INTO football.referee (idreferee, name, nationality) VALUES (25, 'Jesus Gil Manzano', 'Spain');
INSERT INTO football.referee (idreferee, name, nationality) VALUES (26, 'Pablo Gonzalez Fuertes', 'Spain');
INSERT INTO football.referee (idreferee, name, nationality) VALUES (27, 'Jose Gonzalez Gonzalez', 'Spain');
INSERT INTO football.referee (idreferee, name, nationality) VALUES (28, 'Alejandro Hernandez Hernandez', 'Spain');
INSERT INTO football.referee (idreferee, name, nationality) VALUES (29, 'Ignacio Iglesias Villanueva', 'Spain');
INSERT INTO football.referee (idreferee, name, nationality) VALUES (30, 'Santiago Jaime Latre', 'Spain');
INSERT INTO football.referee (idreferee, name, nationality) VALUES (31, 'Alberto Undiano Mallenco', 'Spain');
INSERT INTO football.referee (idreferee, name, nationality) VALUES (32, 'Juan Martinez Munuera', 'Spain');
INSERT INTO football.referee (idreferee, name, nationality) VALUES (33, 'Antonio Miguel Mateu Lahoz	', 'Spain');
INSERT INTO football.referee (idreferee, name, nationality) VALUES (34, 'David Medie Jimenez', 'Spain');
INSERT INTO football.referee (idreferee, name, nationality) VALUES (35, 'Mario Melero Lopez', 'Spain');
INSERT INTO football.referee (idreferee, name, nationality) VALUES (36, 'Jose Luis Munuera Montero', 'Spain');
INSERT INTO football.referee (idreferee, name, nationality) VALUES (37, 'Jose Maria Sanchez Martinez', 'Spain');
INSERT INTO football.referee (idreferee, name, nationality) VALUES (38, 'Daniel Jesus Trujillo Suarez	', 'Spain');
INSERT INTO football.referee (idreferee, name, nationality) VALUES (39, 'Ricardo de Burgos', 'Spain');
INSERT INTO football.referee (idreferee, name, nationality) VALUES (40, 'Carlos del Cerro Grande', 'Spain');

create table stadium
(
    idstadium int auto_increment
        primary key,
    name      varchar(45) not null,
    capacity  int         not null
)
    charset = utf8;

INSERT INTO football.stadium (idstadium, name, capacity) VALUES (1, 'Emirates Stadium', 60704);
INSERT INTO football.stadium (idstadium, name, capacity) VALUES (2, 'Villa Park', 42785);
INSERT INTO football.stadium (idstadium, name, capacity) VALUES (3, 'Dean Court', 11329);
INSERT INTO football.stadium (idstadium, name, capacity) VALUES (4, 'Falmer Stadium', 30750);
INSERT INTO football.stadium (idstadium, name, capacity) VALUES (5, 'Turf Moor', 21944);
INSERT INTO football.stadium (idstadium, name, capacity) VALUES (6, 'Stamford Bridge', 40834);
INSERT INTO football.stadium (idstadium, name, capacity) VALUES (7, 'Selhurst Park', 25486);
INSERT INTO football.stadium (idstadium, name, capacity) VALUES (8, 'Goodison Park', 39414);
INSERT INTO football.stadium (idstadium, name, capacity) VALUES (9, 'King Power Stadium', 32243);
INSERT INTO football.stadium (idstadium, name, capacity) VALUES (10, 'Anfield', 53394);
INSERT INTO football.stadium (idstadium, name, capacity) VALUES (11, 'City of Manchester Stadium', 55097);
INSERT INTO football.stadium (idstadium, name, capacity) VALUES (12, 'Old Trafford', 74879);
INSERT INTO football.stadium (idstadium, name, capacity) VALUES (13, 'St James'' Park', 52388);
INSERT INTO football.stadium (idstadium, name, capacity) VALUES (14, 'Carrow Road', 27244);
INSERT INTO football.stadium (idstadium, name, capacity) VALUES (15, 'Bramall Lane', 32125);
INSERT INTO football.stadium (idstadium, name, capacity) VALUES (16, 'St Mary''s Stadium', 32505);
INSERT INTO football.stadium (idstadium, name, capacity) VALUES (17, 'Tottenham Hotspur Stadium', 62303);
INSERT INTO football.stadium (idstadium, name, capacity) VALUES (18, 'Vicarage Road', 22220);
INSERT INTO football.stadium (idstadium, name, capacity) VALUES (19, 'London Stadium', 60000);
INSERT INTO football.stadium (idstadium, name, capacity) VALUES (20, 'Molineux Stadium', 27828);
INSERT INTO football.stadium (idstadium, name, capacity) VALUES (21, 'WWK Arena', 30660);
INSERT INTO football.stadium (idstadium, name, capacity) VALUES (22, 'Olympiastadion', 46356);
INSERT INTO football.stadium (idstadium, name, capacity) VALUES (23, 'Weser-Stadion', 73267);
INSERT INTO football.stadium (idstadium, name, capacity) VALUES (24, 'Signal Iduna', 36263);
INSERT INTO football.stadium (idstadium, name, capacity) VALUES (25, 'Merkur Spiel-Arena', 43555);
INSERT INTO football.stadium (idstadium, name, capacity) VALUES (26, 'Commerzbank-Arena', 436564);
INSERT INTO football.stadium (idstadium, name, capacity) VALUES (27, 'Schwarzwald-Stadion', 32222);
INSERT INTO football.stadium (idstadium, name, capacity) VALUES (28, 'HDI Arena', 32224);
INSERT INTO football.stadium (idstadium, name, capacity) VALUES (29, 'Red Bull Arena', 89847);
INSERT INTO football.stadium (idstadium, name, capacity) VALUES (30, 'BayArena', 40984);
INSERT INTO football.stadium (idstadium, name, capacity) VALUES (31, 'Opel Arena', 64333);
INSERT INTO football.stadium (idstadium, name, capacity) VALUES (32, 'Borussia-Park', 54332);
INSERT INTO football.stadium (idstadium, name, capacity) VALUES (33, 'Allianz Arena', 54333);
INSERT INTO football.stadium (idstadium, name, capacity) VALUES (34, 'Max-Morlock-Stadion', 63434);
INSERT INTO football.stadium (idstadium, name, capacity) VALUES (35, 'Veltins-Arena', 89744);
INSERT INTO football.stadium (idstadium, name, capacity) VALUES (36, 'Mercedes-Benz Arena', 60433);
INSERT INTO football.stadium (idstadium, name, capacity) VALUES (37, 'Volkswagen Arena', 76473);
INSERT INTO football.stadium (idstadium, name, capacity) VALUES (38, 'Mendizorrotza', 19840);
INSERT INTO football.stadium (idstadium, name, capacity) VALUES (39, 'San Mamés', 53289);
INSERT INTO football.stadium (idstadium, name, capacity) VALUES (40, 'Wanda Metropolitano', 67703);
INSERT INTO football.stadium (idstadium, name, capacity) VALUES (41, 'Camp Nou', 99354);
INSERT INTO football.stadium (idstadium, name, capacity) VALUES (42, 'Balaídos', 29000);
INSERT INTO football.stadium (idstadium, name, capacity) VALUES (43, 'Abanca-Riazor', 32912);
INSERT INTO football.stadium (idstadium, name, capacity) VALUES (44, 'Ipurua', 7083);
INSERT INTO football.stadium (idstadium, name, capacity) VALUES (45, 'RCDE Stadium', 40500);
INSERT INTO football.stadium (idstadium, name, capacity) VALUES (46, 'Coliseum Alfonso Pérez', 17000);
INSERT INTO football.stadium (idstadium, name, capacity) VALUES (47, 'Montilivi', 13450);
INSERT INTO football.stadium (idstadium, name, capacity) VALUES (48, 'Gran Canaria', 11454);
INSERT INTO football.stadium (idstadium, name, capacity) VALUES (49, 'Butarque', 26354);
INSERT INTO football.stadium (idstadium, name, capacity) VALUES (50, 'Ciutat de València', 26354);
INSERT INTO football.stadium (idstadium, name, capacity) VALUES (51, 'La Rosaleda', 30044);
INSERT INTO football.stadium (idstadium, name, capacity) VALUES (52, 'Benito Villamarín', 60720);
INSERT INTO football.stadium (idstadium, name, capacity) VALUES (53, 'Santiago Bernabéu', 81044);
INSERT INTO football.stadium (idstadium, name, capacity) VALUES (54, 'Anoeta', 32000);
INSERT INTO football.stadium (idstadium, name, capacity) VALUES (55, 'Ramón Sánchez Pizjuán', 42714);
INSERT INTO football.stadium (idstadium, name, capacity) VALUES (56, 'Mestalla', 49500);
INSERT INTO football.stadium (idstadium, name, capacity) VALUES (57, 'Estadio de la Cerámica', 24890);

create table player
(
    idplayer    int auto_increment
        primary key,
    position_id int         not null,
    name        varchar(45) not null,
    nationality varchar(45) not null,
    constraint player_has_position
        foreign key (position_id) references position (idposition)
)
    charset = utf8;

INSERT INTO football.player (idplayer, position_id, name, nationality) VALUES (1, 1, 'Bernd Leno', 'Germany');
INSERT INTO football.player (idplayer, position_id, name, nationality) VALUES (2, 2, 'Héctor Bellerín', 'Spain');
INSERT INTO football.player (idplayer, position_id, name, nationality) VALUES (3, 2, 'Sokratis Papastathopoulos', 'Greece');
INSERT INTO football.player (idplayer, position_id, name, nationality) VALUES (4, 2, 'Rob Holding', 'England');
INSERT INTO football.player (idplayer, position_id, name, nationality) VALUES (5, 2, 'Nacho Monreal', 'Spain');
INSERT INTO football.player (idplayer, position_id, name, nationality) VALUES (6, 3, 'Granit Xhaka', 'Switzerland');
INSERT INTO football.player (idplayer, position_id, name, nationality) VALUES (7, 3, 'Matteo Guendouzi', 'France');
INSERT INTO football.player (idplayer, position_id, name, nationality) VALUES (8, 3, 'Nicolas Pepe', 'France');
INSERT INTO football.player (idplayer, position_id, name, nationality) VALUES (9, 4, 'Dani Ceballos', 'England');
INSERT INTO football.player (idplayer, position_id, name, nationality) VALUES (10, 4, 'Pierre-Emerick Aubameyang', 'France');
INSERT INTO football.player (idplayer, position_id, name, nationality) VALUES (11, 4, 'Alexandre Lacazette', 'France');
INSERT INTO football.player (idplayer, position_id, name, nationality) VALUES (12, 1, 'Tom Heaton', 'England');
INSERT INTO football.player (idplayer, position_id, name, nationality) VALUES (13, 2, 'Frederic Guilbert', 'France');
INSERT INTO football.player (idplayer, position_id, name, nationality) VALUES (14, 2, 'Bjorn Engels', 'Belgium');
INSERT INTO football.player (idplayer, position_id, name, nationality) VALUES (15, 2, 'James Chester', 'England');
INSERT INTO football.player (idplayer, position_id, name, nationality) VALUES (16, 2, 'Matt Targett', 'England');
INSERT INTO football.player (idplayer, position_id, name, nationality) VALUES (17, 3, 'Conor Hourihane', 'Ireland');
INSERT INTO football.player (idplayer, position_id, name, nationality) VALUES (18, 3, 'John McGinn', 'Scotland');
INSERT INTO football.player (idplayer, position_id, name, nationality) VALUES (19, 3, 'Jack Grealish', 'Ireland');
INSERT INTO football.player (idplayer, position_id, name, nationality) VALUES (20, 4, 'Anwar El Ghazi', 'England');
INSERT INTO football.player (idplayer, position_id, name, nationality) VALUES (21, 4, 'Wesley', 'Brazil');
INSERT INTO football.player (idplayer, position_id, name, nationality) VALUES (22, 4, 'Jota', 'Spanish');
INSERT INTO football.player (idplayer, position_id, name, nationality) VALUES (23, 1, 'Begovic', 'Yugoslavia');
INSERT INTO football.player (idplayer, position_id, name, nationality) VALUES (24, 2, 'Adam Smith', 'England');
INSERT INTO football.player (idplayer, position_id, name, nationality) VALUES (25, 2, 'Nathan Ake', 'Netherlands');
INSERT INTO football.player (idplayer, position_id, name, nationality) VALUES (26, 2, 'Steve Cook', 'France');
INSERT INTO football.player (idplayer, position_id, name, nationality) VALUES (27, 2, 'Simon Francis', 'England');
INSERT INTO football.player (idplayer, position_id, name, nationality) VALUES (28, 3, 'Ryan Fraser', 'Scotland');
INSERT INTO football.player (idplayer, position_id, name, nationality) VALUES (29, 3, 'Jefferson Lerma', 'Colombia');
INSERT INTO football.player (idplayer, position_id, name, nationality) VALUES (30, 3, 'Lewis Cook', 'England');
INSERT INTO football.player (idplayer, position_id, name, nationality) VALUES (31, 3, 'David Brooks', 'Wales');
INSERT INTO football.player (idplayer, position_id, name, nationality) VALUES (32, 3, 'Joshua King', 'Norway');
INSERT INTO football.player (idplayer, position_id, name, nationality) VALUES (33, 4, 'Callum Wilson', 'England');
INSERT INTO football.player (idplayer, position_id, name, nationality) VALUES (34, 1, 'Mathew Ryan', 'Australia');
INSERT INTO football.player (idplayer, position_id, name, nationality) VALUES (35, 2, 'Martin Montoya', 'Spain');
INSERT INTO football.player (idplayer, position_id, name, nationality) VALUES (36, 2, 'Lewis Dunk', 'England');
INSERT INTO football.player (idplayer, position_id, name, nationality) VALUES (37, 2, 'Shane Duffy', 'Ireland');
INSERT INTO football.player (idplayer, position_id, name, nationality) VALUES (38, 2, 'Gaetan Bong', 'Cameroon');
INSERT INTO football.player (idplayer, position_id, name, nationality) VALUES (39, 3, 'Dale Stephens', 'England');
INSERT INTO football.player (idplayer, position_id, name, nationality) VALUES (40, 3, 'Davy Propper', 'Netherlands');
INSERT INTO football.player (idplayer, position_id, name, nationality) VALUES (41, 3, 'Pascal Gross', 'Germany');
INSERT INTO football.player (idplayer, position_id, name, nationality) VALUES (42, 3, 'Leandro Trossard', 'Belgium');
INSERT INTO football.player (idplayer, position_id, name, nationality) VALUES (43, 3, 'Neal Maupay', 'France');
INSERT INTO football.player (idplayer, position_id, name, nationality) VALUES (44, 4, 'Jose Izquierdo', 'Colombia');
INSERT INTO football.player (idplayer, position_id, name, nationality) VALUES (45, 1, 'Nick Pope', 'England');
INSERT INTO football.player (idplayer, position_id, name, nationality) VALUES (46, 2, 'Matt Lowton', 'England');
INSERT INTO football.player (idplayer, position_id, name, nationality) VALUES (47, 2, 'Ben Mee', 'England');
INSERT INTO football.player (idplayer, position_id, name, nationality) VALUES (48, 2, 'James Tarkowski', 'England');
INSERT INTO football.player (idplayer, position_id, name, nationality) VALUES (49, 2, 'Charlie Taylor', 'England');
INSERT INTO football.player (idplayer, position_id, name, nationality) VALUES (50, 3, 'Johann Berg Gudmundsson', 'Iceland');
INSERT INTO football.player (idplayer, position_id, name, nationality) VALUES (51, 3, 'Jack Cork', 'England');
INSERT INTO football.player (idplayer, position_id, name, nationality) VALUES (52, 3, 'Jeff Hendrick', 'Ireland');
INSERT INTO football.player (idplayer, position_id, name, nationality) VALUES (53, 4, 'Dwight McNeil', 'England');
INSERT INTO football.player (idplayer, position_id, name, nationality) VALUES (54, 4, 'Jay Rodriguez', 'England');
INSERT INTO football.player (idplayer, position_id, name, nationality) VALUES (55, 4, 'Chris Wood', 'New Zealand');
INSERT INTO football.player (idplayer, position_id, name, nationality) VALUES (56, 1, 'Kepa Arrizabalaga', 'Spain');
INSERT INTO football.player (idplayer, position_id, name, nationality) VALUES (57, 2, 'Cesar Azpilicueta', 'Spain');
INSERT INTO football.player (idplayer, position_id, name, nationality) VALUES (58, 2, 'Antonio Rudiger', 'Germany');
INSERT INTO football.player (idplayer, position_id, name, nationality) VALUES (59, 2, 'Kurt Zouma', 'France');
INSERT INTO football.player (idplayer, position_id, name, nationality) VALUES (60, 2, 'Marcos Alonso', 'Spain');
INSERT INTO football.player (idplayer, position_id, name, nationality) VALUES (61, 3, 'N’Golo Kante', 'France');
INSERT INTO football.player (idplayer, position_id, name, nationality) VALUES (62, 3, 'Jorginho', 'Italy');
INSERT INTO football.player (idplayer, position_id, name, nationality) VALUES (63, 3, 'Pedro', 'Spain');
INSERT INTO football.player (idplayer, position_id, name, nationality) VALUES (64, 3, 'Mason Mount', 'England');
INSERT INTO football.player (idplayer, position_id, name, nationality) VALUES (65, 3, 'Christian Pulisic', 'United States');
INSERT INTO football.player (idplayer, position_id, name, nationality) VALUES (66, 4, 'Tammy Abraham', 'England');
INSERT INTO football.player (idplayer, position_id, name, nationality) VALUES (67, 1, 'Vicente Guaita', 'Spain');
INSERT INTO football.player (idplayer, position_id, name, nationality) VALUES (68, 2, 'Joel Ward', 'England');
INSERT INTO football.player (idplayer, position_id, name, nationality) VALUES (69, 2, 'James Tomkins', 'England');
INSERT INTO football.player (idplayer, position_id, name, nationality) VALUES (70, 2, 'Mamadou Sakho', 'France');
INSERT INTO football.player (idplayer, position_id, name, nationality) VALUES (71, 2, 'Patrick van Aanholt', 'Netherlands');
INSERT INTO football.player (idplayer, position_id, name, nationality) VALUES (72, 3, 'Luka Milivojevic', 'Serbia');
INSERT INTO football.player (idplayer, position_id, name, nationality) VALUES (73, 3, 'James McArthur', 'Scotland');
INSERT INTO football.player (idplayer, position_id, name, nationality) VALUES (74, 3, 'Wilfried Zaha', 'Ivory Coast');
INSERT INTO football.player (idplayer, position_id, name, nationality) VALUES (75, 3, 'Jordan Ayew', 'Ghana');
INSERT INTO football.player (idplayer, position_id, name, nationality) VALUES (76, 4, 'Andros Townsend', 'England');
INSERT INTO football.player (idplayer, position_id, name, nationality) VALUES (77, 4, 'Christian Benteke', 'Belgium');
INSERT INTO football.player (idplayer, position_id, name, nationality) VALUES (78, 1, 'Jordan Pickford', 'England');
INSERT INTO football.player (idplayer, position_id, name, nationality) VALUES (79, 2, 'Seamus Coleman', 'England');
INSERT INTO football.player (idplayer, position_id, name, nationality) VALUES (80, 2, 'Michael Keane', 'England');
INSERT INTO football.player (idplayer, position_id, name, nationality) VALUES (81, 2, 'Leighton Baines', 'England');
INSERT INTO football.player (idplayer, position_id, name, nationality) VALUES (82, 2, 'Lucas Digne', 'France');
INSERT INTO football.player (idplayer, position_id, name, nationality) VALUES (83, 3, 'Jean-Philippe Gbamin', 'Ivory Coast');
INSERT INTO football.player (idplayer, position_id, name, nationality) VALUES (84, 3, 'Andre Gomes', 'Portugal');
INSERT INTO football.player (idplayer, position_id, name, nationality) VALUES (85, 4, 'Bernard', 'Brazil');
INSERT INTO football.player (idplayer, position_id, name, nationality) VALUES (86, 4, 'Gylfi Sigurdsson', 'Iceland');
INSERT INTO football.player (idplayer, position_id, name, nationality) VALUES (87, 4, 'Richarlison', 'Brazil');
INSERT INTO football.player (idplayer, position_id, name, nationality) VALUES (88, 4, 'Moise Kean', 'Italy');
INSERT INTO football.player (idplayer, position_id, name, nationality) VALUES (89, 1, 'Kasper Schmeichel', 'Denmark');
INSERT INTO football.player (idplayer, position_id, name, nationality) VALUES (90, 2, 'Ricardo Pereira', 'Portugal');
INSERT INTO football.player (idplayer, position_id, name, nationality) VALUES (91, 2, 'Wes Morgan', 'Jamaica');
INSERT INTO football.player (idplayer, position_id, name, nationality) VALUES (92, 2, 'Jonny Evans', 'Northern Ireland');
INSERT INTO football.player (idplayer, position_id, name, nationality) VALUES (93, 2, 'Ben Chilwell', 'England');
INSERT INTO football.player (idplayer, position_id, name, nationality) VALUES (94, 3, 'Wilfred Ndidi', 'Nigeria');
INSERT INTO football.player (idplayer, position_id, name, nationality) VALUES (95, 3, 'Youri Tielemans', 'Belgium');
INSERT INTO football.player (idplayer, position_id, name, nationality) VALUES (96, 3, 'Demarai Gray', 'England');
INSERT INTO football.player (idplayer, position_id, name, nationality) VALUES (97, 3, 'James Maddison', 'England');
INSERT INTO football.player (idplayer, position_id, name, nationality) VALUES (98, 4, 'Harvey Barnes', 'England');
INSERT INTO football.player (idplayer, position_id, name, nationality) VALUES (99, 4, 'Jamie Vardy', 'England');
INSERT INTO football.player (idplayer, position_id, name, nationality) VALUES (100, 1, 'Alisson Becker', 'Brazil');
INSERT INTO football.player (idplayer, position_id, name, nationality) VALUES (101, 2, 'Trent Alexander-Arnold', 'England');
INSERT INTO football.player (idplayer, position_id, name, nationality) VALUES (102, 2, 'Joel Matip', 'Cameroon');
INSERT INTO football.player (idplayer, position_id, name, nationality) VALUES (103, 2, 'Virgil Van Dijk', 'Netherlands');
INSERT INTO football.player (idplayer, position_id, name, nationality) VALUES (104, 2, 'Andrew Robertson', 'England');
INSERT INTO football.player (idplayer, position_id, name, nationality) VALUES (105, 3, 'Fabinho', 'Brazil');
INSERT INTO football.player (idplayer, position_id, name, nationality) VALUES (106, 3, 'Georginio Wijnaldum', 'Netherlands');
INSERT INTO football.player (idplayer, position_id, name, nationality) VALUES (107, 3, 'Jordan Henderson', 'England');
INSERT INTO football.player (idplayer, position_id, name, nationality) VALUES (108, 3, 'Mohamed Salah', 'Egypt');
INSERT INTO football.player (idplayer, position_id, name, nationality) VALUES (109, 4, 'Roberto Firmino', 'Brazil');
INSERT INTO football.player (idplayer, position_id, name, nationality) VALUES (110, 4, 'Sadio Mane', 'Senegal');
INSERT INTO football.player (idplayer, position_id, name, nationality) VALUES (111, 1, 'Ederson', 'Brazil');
INSERT INTO football.player (idplayer, position_id, name, nationality) VALUES (112, 2, 'Kyle Walker', 'England');
INSERT INTO football.player (idplayer, position_id, name, nationality) VALUES (113, 2, 'Aymeric Laporte', 'France');
INSERT INTO football.player (idplayer, position_id, name, nationality) VALUES (114, 2, 'John Stones', 'England');
INSERT INTO football.player (idplayer, position_id, name, nationality) VALUES (115, 2, 'Benjamin Mendy', 'France');
INSERT INTO football.player (idplayer, position_id, name, nationality) VALUES (116, 3, 'Rodri', 'Spain');
INSERT INTO football.player (idplayer, position_id, name, nationality) VALUES (117, 3, 'Bernardo Silva', 'Portugal');
INSERT INTO football.player (idplayer, position_id, name, nationality) VALUES (118, 3, 'Kevin De Bruyne', 'Belgium');
INSERT INTO football.player (idplayer, position_id, name, nationality) VALUES (119, 3, 'David Silva', 'Spain');
INSERT INTO football.player (idplayer, position_id, name, nationality) VALUES (120, 4, 'Raheem Sterling', 'England');
INSERT INTO football.player (idplayer, position_id, name, nationality) VALUES (121, 4, 'Sergio Aguero', 'Argentina');
INSERT INTO football.player (idplayer, position_id, name, nationality) VALUES (122, 1, 'David De Gea', 'Spain');
INSERT INTO football.player (idplayer, position_id, name, nationality) VALUES (123, 2, 'Aaron Wan-Bissaka', 'England');
INSERT INTO football.player (idplayer, position_id, name, nationality) VALUES (124, 2, 'Victor Lindelof', 'Sweden');
INSERT INTO football.player (idplayer, position_id, name, nationality) VALUES (125, 2, 'Harry Maguire', 'England');
INSERT INTO football.player (idplayer, position_id, name, nationality) VALUES (126, 2, 'Luke Shaw', 'England');
INSERT INTO football.player (idplayer, position_id, name, nationality) VALUES (127, 3, 'Scott McTominay', 'Scotland');
INSERT INTO football.player (idplayer, position_id, name, nationality) VALUES (128, 3, 'Nemanja Matic', 'Serbia');
INSERT INTO football.player (idplayer, position_id, name, nationality) VALUES (129, 3, 'Anthony Martial', 'France');
INSERT INTO football.player (idplayer, position_id, name, nationality) VALUES (130, 3, 'Paul Pogba', 'France');
INSERT INTO football.player (idplayer, position_id, name, nationality) VALUES (131, 4, 'Daniel James', 'Wales');
INSERT INTO football.player (idplayer, position_id, name, nationality) VALUES (132, 4, 'Marcus Rashford', 'England');
INSERT INTO football.player (idplayer, position_id, name, nationality) VALUES (133, 1, 'Martin Dubravka', 'Slovakia');
INSERT INTO football.player (idplayer, position_id, name, nationality) VALUES (134, 2, 'DeAndre Yedlin', 'United States');
INSERT INTO football.player (idplayer, position_id, name, nationality) VALUES (135, 2, 'Jamaal Lascelles', 'England');
INSERT INTO football.player (idplayer, position_id, name, nationality) VALUES (136, 2, 'Fabian Schar', 'Switzerland');
INSERT INTO football.player (idplayer, position_id, name, nationality) VALUES (137, 2, 'Paul Dummett', 'Wales');
INSERT INTO football.player (idplayer, position_id, name, nationality) VALUES (138, 3, 'Miguel Almiron', 'Paraguay');
INSERT INTO football.player (idplayer, position_id, name, nationality) VALUES (139, 3, 'Jonjo Shelvey', 'England');
INSERT INTO football.player (idplayer, position_id, name, nationality) VALUES (140, 3, 'Isaac Hayden', 'England');
INSERT INTO football.player (idplayer, position_id, name, nationality) VALUES (141, 3, 'Sean Longstaff', 'England');
INSERT INTO football.player (idplayer, position_id, name, nationality) VALUES (142, 4, 'Matt Ritchie', 'Scotland');
INSERT INTO football.player (idplayer, position_id, name, nationality) VALUES (143, 4, 'Joelinton', 'Brazil');
INSERT INTO football.player (idplayer, position_id, name, nationality) VALUES (144, 1, 'Tim Krul', 'Netherlands');
INSERT INTO football.player (idplayer, position_id, name, nationality) VALUES (145, 2, 'Grant Hanley', 'Scotland');
INSERT INTO football.player (idplayer, position_id, name, nationality) VALUES (146, 2, 'Timm Klose', 'Switzerland');
INSERT INTO football.player (idplayer, position_id, name, nationality) VALUES (147, 2, 'Christoph Zimmermann', 'Germany');
INSERT INTO football.player (idplayer, position_id, name, nationality) VALUES (148, 2, 'Jamal Lewis', 'Northern Ireland');
INSERT INTO football.player (idplayer, position_id, name, nationality) VALUES (149, 3, 'Kenny McLean', 'Scotland');
INSERT INTO football.player (idplayer, position_id, name, nationality) VALUES (150, 3, 'Mario Vrancic', 'Bosnia and Herzegovina');
INSERT INTO football.player (idplayer, position_id, name, nationality) VALUES (151, 3, 'Marco Stiepermann', 'Germany');
INSERT INTO football.player (idplayer, position_id, name, nationality) VALUES (152, 3, 'Emiliano Buendia', 'Argentina');
INSERT INTO football.player (idplayer, position_id, name, nationality) VALUES (153, 4, 'Onel Hernandez', 'Cuba');
INSERT INTO football.player (idplayer, position_id, name, nationality) VALUES (154, 4, 'Teemu Pukki', 'Finland');
INSERT INTO football.player (idplayer, position_id, name, nationality) VALUES (155, 1, 'Dean Henderson', 'England');
INSERT INTO football.player (idplayer, position_id, name, nationality) VALUES (156, 2, 'Jack O’Connell', 'England');
INSERT INTO football.player (idplayer, position_id, name, nationality) VALUES (157, 2, 'Phil Jagielka', 'England');
INSERT INTO football.player (idplayer, position_id, name, nationality) VALUES (158, 2, 'Chris Basham', 'England');
INSERT INTO football.player (idplayer, position_id, name, nationality) VALUES (159, 2, 'Enda Stevens', 'Ireland');
INSERT INTO football.player (idplayer, position_id, name, nationality) VALUES (160, 3, 'John Fleck', 'Scotland');
INSERT INTO football.player (idplayer, position_id, name, nationality) VALUES (161, 3, 'Oliver Norwood', 'Northern Ireland');
INSERT INTO football.player (idplayer, position_id, name, nationality) VALUES (162, 3, 'George Baldock', 'England');
INSERT INTO football.player (idplayer, position_id, name, nationality) VALUES (163, 3, 'Kieron Freeman', 'Wales');
INSERT INTO football.player (idplayer, position_id, name, nationality) VALUES (164, 4, 'Billy Sharp', 'England');
INSERT INTO football.player (idplayer, position_id, name, nationality) VALUES (165, 4, 'Lys Mousset', 'France');
INSERT INTO football.player (idplayer, position_id, name, nationality) VALUES (166, 1, 'Angus Gunn', 'England');
INSERT INTO football.player (idplayer, position_id, name, nationality) VALUES (167, 2, 'Yan Valery', 'France');
INSERT INTO football.player (idplayer, position_id, name, nationality) VALUES (168, 2, 'Jan Bednarek', 'Poland');
INSERT INTO football.player (idplayer, position_id, name, nationality) VALUES (169, 2, 'Maya Yoshida', 'Japan');
INSERT INTO football.player (idplayer, position_id, name, nationality) VALUES (170, 2, 'Jannik Vestergaard', 'Denmark');
INSERT INTO football.player (idplayer, position_id, name, nationality) VALUES (171, 3, 'Ryan Bertrand', 'England');
INSERT INTO football.player (idplayer, position_id, name, nationality) VALUES (172, 3, 'Oriol Romeu', 'Spain');
INSERT INTO football.player (idplayer, position_id, name, nationality) VALUES (173, 3, 'Pierre Emile Hojbjerg', 'Denmark');
INSERT INTO football.player (idplayer, position_id, name, nationality) VALUES (174, 3, 'Nathan Redmond', 'England');
INSERT INTO football.player (idplayer, position_id, name, nationality) VALUES (175, 4, 'Danny Ings', 'England');
INSERT INTO football.player (idplayer, position_id, name, nationality) VALUES (176, 4, 'Che Adams', 'England');
INSERT INTO football.player (idplayer, position_id, name, nationality) VALUES (177, 1, 'Hugo Lloris', 'France');
INSERT INTO football.player (idplayer, position_id, name, nationality) VALUES (178, 2, 'Serge Aurier', 'Ivory Coast');
INSERT INTO football.player (idplayer, position_id, name, nationality) VALUES (179, 2, 'Toby Alderweireld', 'Belgium');
INSERT INTO football.player (idplayer, position_id, name, nationality) VALUES (180, 2, 'Jan Vertonghen', 'Belgium');
INSERT INTO football.player (idplayer, position_id, name, nationality) VALUES (181, 2, 'Danny Rose', 'England');
INSERT INTO football.player (idplayer, position_id, name, nationality) VALUES (182, 3, 'Moussa Sissoko', 'France');
INSERT INTO football.player (idplayer, position_id, name, nationality) VALUES (183, 3, 'Tanguy Ndombele', 'France');
INSERT INTO football.player (idplayer, position_id, name, nationality) VALUES (184, 3, 'Christian Eriksen', 'Denmark');
INSERT INTO football.player (idplayer, position_id, name, nationality) VALUES (185, 3, 'Dele Alli', 'England');
INSERT INTO football.player (idplayer, position_id, name, nationality) VALUES (186, 4, 'Son Heung-min', 'South Korea');
INSERT INTO football.player (idplayer, position_id, name, nationality) VALUES (187, 4, 'Harry Kane', 'England');
INSERT INTO football.player (idplayer, position_id, name, nationality) VALUES (188, 1, 'Heurelho Gomes', 'Brazil');
INSERT INTO football.player (idplayer, position_id, name, nationality) VALUES (189, 2, 'Daryl Janmaat', 'Netherlands');
INSERT INTO football.player (idplayer, position_id, name, nationality) VALUES (190, 2, 'Christian Kabasele', 'Belgium');
INSERT INTO football.player (idplayer, position_id, name, nationality) VALUES (191, 2, 'Craig Cathcart', 'Northern Ireland');
INSERT INTO football.player (idplayer, position_id, name, nationality) VALUES (192, 2, 'Jose Holebas', 'Greece');
INSERT INTO football.player (idplayer, position_id, name, nationality) VALUES (193, 3, 'Roberto Pereyra', 'Argentina');
INSERT INTO football.player (idplayer, position_id, name, nationality) VALUES (194, 3, 'Abdoulaye Doucoure', 'France');
INSERT INTO football.player (idplayer, position_id, name, nationality) VALUES (195, 3, 'Etienne Capoue', 'France');
INSERT INTO football.player (idplayer, position_id, name, nationality) VALUES (196, 3, 'Gerard Deulofeu', 'Spain');
INSERT INTO football.player (idplayer, position_id, name, nationality) VALUES (197, 4, 'Andre Gray', 'England');
INSERT INTO football.player (idplayer, position_id, name, nationality) VALUES (198, 4, 'Troy Deeney', 'England');
INSERT INTO football.player (idplayer, position_id, name, nationality) VALUES (199, 1, 'Lukasz Fabianski', 'Poland');
INSERT INTO football.player (idplayer, position_id, name, nationality) VALUES (200, 2, 'Pablo Zabaleta', 'Argentina');
INSERT INTO football.player (idplayer, position_id, name, nationality) VALUES (201, 2, 'Issa Diop', 'France');
INSERT INTO football.player (idplayer, position_id, name, nationality) VALUES (202, 2, 'Fabian Balbuena', 'Paraguay');
INSERT INTO football.player (idplayer, position_id, name, nationality) VALUES (203, 2, 'Arthur Masuaku', 'Congo');
INSERT INTO football.player (idplayer, position_id, name, nationality) VALUES (204, 3, 'Mark Noble', 'England');
INSERT INTO football.player (idplayer, position_id, name, nationality) VALUES (205, 3, 'Declan Rice', 'England');
INSERT INTO football.player (idplayer, position_id, name, nationality) VALUES (206, 3, 'Felipe Anderson', 'Brazil');
INSERT INTO football.player (idplayer, position_id, name, nationality) VALUES (207, 3, 'Pablo Fornals', 'Spain');
INSERT INTO football.player (idplayer, position_id, name, nationality) VALUES (208, 4, 'Michail Antonio', 'England');
INSERT INTO football.player (idplayer, position_id, name, nationality) VALUES (209, 4, 'Sebastien Haller', 'France');
INSERT INTO football.player (idplayer, position_id, name, nationality) VALUES (210, 1, 'Rui Patricio', 'Wales');
INSERT INTO football.player (idplayer, position_id, name, nationality) VALUES (211, 2, 'Matt Doherty', 'Ireland');
INSERT INTO football.player (idplayer, position_id, name, nationality) VALUES (212, 2, 'Willy Boly', 'France');
INSERT INTO football.player (idplayer, position_id, name, nationality) VALUES (213, 2, 'Conor Coady', 'England');
INSERT INTO football.player (idplayer, position_id, name, nationality) VALUES (214, 2, 'Ryan Bennett', 'England');
INSERT INTO football.player (idplayer, position_id, name, nationality) VALUES (215, 3, 'Jonny Otto', 'Spain');
INSERT INTO football.player (idplayer, position_id, name, nationality) VALUES (216, 3, 'Ruben Neves', 'Portugal');
INSERT INTO football.player (idplayer, position_id, name, nationality) VALUES (217, 3, 'Joao Moutinho', 'Portugal');
INSERT INTO football.player (idplayer, position_id, name, nationality) VALUES (218, 3, 'Leander Dendoncker', 'Belgium');
INSERT INTO football.player (idplayer, position_id, name, nationality) VALUES (219, 4, 'Diogo Jota', 'Portugal');
INSERT INTO football.player (idplayer, position_id, name, nationality) VALUES (220, 4, 'Raul Jimenez', 'Mexico');
INSERT INTO football.player (idplayer, position_id, name, nationality) VALUES (1499, 2, 'Martin Aguirregabiria ', 'Spain');
INSERT INTO football.player (idplayer, position_id, name, nationality) VALUES (1500, 2, 'Alexis Ruano ', 'Spain');
INSERT INTO football.player (idplayer, position_id, name, nationality) VALUES (1501, 3, 'Alfonso ', 'Brazil');
INSERT INTO football.player (idplayer, position_id, name, nationality) VALUES (1502, 3, 'Burgui ', 'England');
INSERT INTO football.player (idplayer, position_id, name, nationality) VALUES (1503, 1, 'Aritz Castro ', 'Brazil');
INSERT INTO football.player (idplayer, position_id, name, nationality) VALUES (1504, 4, 'Ermedin Demirovic ', 'Argentina');
INSERT INTO football.player (idplayer, position_id, name, nationality) VALUES (1505, 2, 'Adrian Dieguez ', 'Portugal');
INSERT INTO football.player (idplayer, position_id, name, nationality) VALUES (1506, 2, 'Ruben Duarte ', 'Germany');
INSERT INTO football.player (idplayer, position_id, name, nationality) VALUES (1507, 4, 'Munir El Haddadi ', 'Brazil');
INSERT INTO football.player (idplayer, position_id, name, nationality) VALUES (1508, 2, 'Rodrigo Ely ', 'Germany');
INSERT INTO football.player (idplayer, position_id, name, nationality) VALUES (1509, 2, 'Einar Galilea ', 'Portugal');
INSERT INTO football.player (idplayer, position_id, name, nationality) VALUES (1510, 3, 'Ibai Gomez ', 'France');
INSERT INTO football.player (idplayer, position_id, name, nationality) VALUES (1511, 4, 'John Guidetti ', 'France');
INSERT INTO football.player (idplayer, position_id, name, nationality) VALUES (1512, 2, 'Hector ', 'Portugal');
INSERT INTO football.player (idplayer, position_id, name, nationality) VALUES (1513, 3, 'Aleksandr Katai ', 'Argentina');
INSERT INTO football.player (idplayer, position_id, name, nationality) VALUES (1514, 4, 'Bojan Krkic ', 'Italy');
INSERT INTO football.player (idplayer, position_id, name, nationality) VALUES (1515, 2, 'Victor Laguardia ', 'Spain');
INSERT INTO football.player (idplayer, position_id, name, nationality) VALUES (1516, 1, 'Ioritz Landeta ', 'Brazil');
INSERT INTO football.player (idplayer, position_id, name, nationality) VALUES (1517, 3, 'Victor Lopez ', 'Italy');
INSERT INTO football.player (idplayer, position_id, name, nationality) VALUES (1518, 3, 'Manu Garcia ', 'France');
INSERT INTO football.player (idplayer, position_id, name, nationality) VALUES (1519, 2, 'Guillermo Maripan ', 'England');
INSERT INTO football.player (idplayer, position_id, name, nationality) VALUES (1520, 3, 'Alvaro Medran ', 'France');
INSERT INTO football.player (idplayer, position_id, name, nationality) VALUES (1521, 1, 'Fernando Pacheco ', 'Italy');
INSERT INTO football.player (idplayer, position_id, name, nationality) VALUES (1522, 4, 'Hernan Perez ', 'France');
INSERT INTO football.player (idplayer, position_id, name, nationality) VALUES (1523, 3, 'Tomas Pina ', 'Germany');
INSERT INTO football.player (idplayer, position_id, name, nationality) VALUES (1524, 3, 'Oscar Romero ', 'England');
INSERT INTO football.player (idplayer, position_id, name, nationality) VALUES (1525, 4, 'Christian Santos ', 'Spain');
INSERT INTO football.player (idplayer, position_id, name, nationality) VALUES (1526, 1, 'Antonio Sivera ', 'Brazil');
INSERT INTO football.player (idplayer, position_id, name, nationality) VALUES (1527, 4, 'Ruben Sobrino ', 'Portugal');
INSERT INTO football.player (idplayer, position_id, name, nationality) VALUES (1528, 3, 'Daniel Torres ', 'Argentina');
INSERT INTO football.player (idplayer, position_id, name, nationality) VALUES (1529, 2, 'Vigaray ', 'Brazil');
INSERT INTO football.player (idplayer, position_id, name, nationality) VALUES (1530, 3, 'Mubarak Wakaso ', 'Germany');
INSERT INTO football.player (idplayer, position_id, name, nationality) VALUES (1531, 3, 'Enzo Zidane ', 'France');
INSERT INTO football.player (idplayer, position_id, name, nationality) VALUES (1532, 4, 'Aritz Aduriz ', 'England');
INSERT INTO football.player (idplayer, position_id, name, nationality) VALUES (1533, 3, 'Ager Aketxe ', 'Spain');
INSERT INTO football.player (idplayer, position_id, name, nationality) VALUES (1534, 2, 'Mikel Balenziaga ', 'England');
INSERT INTO football.player (idplayer, position_id, name, nationality) VALUES (1535, 3, 'Benat ', 'Argentina');
INSERT INTO football.player (idplayer, position_id, name, nationality) VALUES (1536, 2, 'Eneko Boveda ', 'Italy');
INSERT INTO football.player (idplayer, position_id, name, nationality) VALUES (1537, 3, 'Inigo Cordoba ', 'Germany');
INSERT INTO football.player (idplayer, position_id, name, nationality) VALUES (1538, 2, 'Dani Vivian ', 'France');
INSERT INTO football.player (idplayer, position_id, name, nationality) VALUES (1539, 2, 'Oscar De Marcos ', 'Spain');
INSERT INTO football.player (idplayer, position_id, name, nationality) VALUES (1540, 2, 'Xabier Etxeita ', 'Germany');
INSERT INTO football.player (idplayer, position_id, name, nationality) VALUES (1541, 2, 'Gil ', 'Argentina');
INSERT INTO football.player (idplayer, position_id, name, nationality) VALUES (1542, 1, 'Iago Herrerin ', 'Germany');
INSERT INTO football.player (idplayer, position_id, name, nationality) VALUES (1543, 2, 'Inigo Lekue ', 'Italy');
INSERT INTO football.player (idplayer, position_id, name, nationality) VALUES (1544, 3, 'Ander Iturraspe ', 'Spain');
INSERT INTO football.player (idplayer, position_id, name, nationality) VALUES (1545, 1, 'Kepa ', 'France');
INSERT INTO football.player (idplayer, position_id, name, nationality) VALUES (1546, 2, 'Aymeric Laporte ', 'Argentina');
INSERT INTO football.player (idplayer, position_id, name, nationality) VALUES (1547, 2, 'Andoni Lopez Saratxo ', 'Portugal');
INSERT INTO football.player (idplayer, position_id, name, nationality) VALUES (1548, 2, 'Inigo Martinez ', 'Brazil');
INSERT INTO football.player (idplayer, position_id, name, nationality) VALUES (1549, 4, 'Iker Muniain ', 'Spain');
INSERT INTO football.player (idplayer, position_id, name, nationality) VALUES (1550, 4, 'Inigo Munoz ', 'Italy');
INSERT INTO football.player (idplayer, position_id, name, nationality) VALUES (1551, 2, 'Peru Nolaskoain ', 'France');
INSERT INTO football.player (idplayer, position_id, name, nationality) VALUES (1552, 2, 'Unai Nunez ', 'Germany');
INSERT INTO football.player (idplayer, position_id, name, nationality) VALUES (1553, 3, 'Raul Garcia ', 'Portugal');
INSERT INTO football.player (idplayer, position_id, name, nationality) VALUES (1554, 3, 'Mikel Rico ', 'Spain');
INSERT INTO football.player (idplayer, position_id, name, nationality) VALUES (1555, 4, 'Sabin ', 'Germany');
INSERT INTO football.player (idplayer, position_id, name, nationality) VALUES (1556, 2, 'Enric Saborit ', 'France');
INSERT INTO football.player (idplayer, position_id, name, nationality) VALUES (1557, 3, 'Victor San Bartolome ', 'Germany');
INSERT INTO football.player (idplayer, position_id, name, nationality) VALUES (1558, 2, 'Mikel San Jose ', 'Brazil');
INSERT INTO football.player (idplayer, position_id, name, nationality) VALUES (1559, 4, 'Enrique Sola ', 'Germany');
INSERT INTO football.player (idplayer, position_id, name, nationality) VALUES (1560, 4, 'Markel Susaeta ', 'Argentina');
INSERT INTO football.player (idplayer, position_id, name, nationality) VALUES (1561, 1, 'Unai Simon ', 'Germany');
INSERT INTO football.player (idplayer, position_id, name, nationality) VALUES (1562, 3, 'Vesga ', 'Portugal');
INSERT INTO football.player (idplayer, position_id, name, nationality) VALUES (1563, 4, 'Inaki Williams ', 'Brazil');
INSERT INTO football.player (idplayer, position_id, name, nationality) VALUES (1564, 2, 'Yeray ', 'Italy');
INSERT INTO football.player (idplayer, position_id, name, nationality) VALUES (1565, 2, 'Aaron Martin ', 'Italy');
INSERT INTO football.player (idplayer, position_id, name, nationality) VALUES (1566, 1, 'Adrian Lopez ', 'Germany');
INSERT INTO football.player (idplayer, position_id, name, nationality) VALUES (1567, 4, 'Alvaro Vazquez ', 'Portugal');
INSERT INTO football.player (idplayer, position_id, name, nationality) VALUES (1568, 3, 'Sergi Darder ', 'Argentina');
INSERT INTO football.player (idplayer, position_id, name, nationality) VALUES (1569, 2, 'Didac Vila ', 'England');
INSERT INTO football.player (idplayer, position_id, name, nationality) VALUES (1570, 3, 'Papakouly Diop ', 'Brazil');
INSERT INTO football.player (idplayer, position_id, name, nationality) VALUES (1571, 2, 'Oscar Duarte ', 'France');
INSERT INTO football.player (idplayer, position_id, name, nationality) VALUES (1572, 1, 'Eduard Frias ', 'Argentina');
INSERT INTO football.player (idplayer, position_id, name, nationality) VALUES (1573, 3, 'Javi Fuego ', 'England');
INSERT INTO football.player (idplayer, position_id, name, nationality) VALUES (1574, 4, 'Gerard Moreno ', 'Spain');
INSERT INTO football.player (idplayer, position_id, name, nationality) VALUES (1575, 3, 'Esteban Granero ', 'Portugal');
INSERT INTO football.player (idplayer, position_id, name, nationality) VALUES (1576, 2, 'Mario Hermoso ', 'England');
INSERT INTO football.player (idplayer, position_id, name, nationality) VALUES (1577, 3, 'Jose Manuel Jurado ', 'Italy');
INSERT INTO football.player (idplayer, position_id, name, nationality) VALUES (1578, 4, 'Leo Baptistao ', 'Spain');
INSERT INTO football.player (idplayer, position_id, name, nationality) VALUES (1579, 2, 'Javier Lopez ', 'France');
INSERT INTO football.player (idplayer, position_id, name, nationality) VALUES (1580, 1, 'Diego Lopez ', 'France');
INSERT INTO football.player (idplayer, position_id, name, nationality) VALUES (1581, 2, 'David Lopez ', 'Argentina');
INSERT INTO football.player (idplayer, position_id, name, nationality) VALUES (1582, 2, 'Marc Navarro ', 'England');
INSERT INTO football.player (idplayer, position_id, name, nationality) VALUES (1583, 3, 'Oscar Melendo Jimenez ', 'Argentina');
INSERT INTO football.player (idplayer, position_id, name, nationality) VALUES (1584, 2, 'Naldo ', 'France');
INSERT INTO football.player (idplayer, position_id, name, nationality) VALUES (1585, 1, 'Pau ', 'France');
INSERT INTO football.player (idplayer, position_id, name, nationality) VALUES (1586, 4, 'Hernan Perez ', 'Germany');
INSERT INTO football.player (idplayer, position_id, name, nationality) VALUES (1587, 4, 'Pablo Piatti ', 'Spain');
INSERT INTO football.player (idplayer, position_id, name, nationality) VALUES (1588, 3, 'Marc Roca ', 'Portugal');
INSERT INTO football.player (idplayer, position_id, name, nationality) VALUES (1589, 3, 'Carlos Sanchez ', 'England');
INSERT INTO football.player (idplayer, position_id, name, nationality) VALUES (1590, 3, 'Victor Sanchez ', 'Brazil');
INSERT INTO football.player (idplayer, position_id, name, nationality) VALUES (1591, 4, 'Sergio Garcia ', 'Germany');
INSERT INTO football.player (idplayer, position_id, name, nationality) VALUES (1592, 2, 'Sergio Sanchez ', 'France');
INSERT INTO football.player (idplayer, position_id, name, nationality) VALUES (1593, 3, 'Juan Aguero ', 'England');
INSERT INTO football.player (idplayer, position_id, name, nationality) VALUES (1594, 1, 'Alex Dos Santos ', 'England');
INSERT INTO football.player (idplayer, position_id, name, nationality) VALUES (1595, 3, 'Keidi Bare ', 'Spain');
INSERT INTO football.player (idplayer, position_id, name, nationality) VALUES (1596, 2, 'Carlos Isaac ', 'Germany');
INSERT INTO football.player (idplayer, position_id, name, nationality) VALUES (1597, 3, 'Yannick Carrasco ', 'Portugal');
INSERT INTO football.player (idplayer, position_id, name, nationality) VALUES (1598, 4, 'Angel Correa ', 'Argentina');
INSERT INTO football.player (idplayer, position_id, name, nationality) VALUES (1599, 4, 'Diego Costa ', 'France');
INSERT INTO football.player (idplayer, position_id, name, nationality) VALUES (1600, 3, 'Gabi Fernandez ', 'Argentina');
INSERT INTO football.player (idplayer, position_id, name, nationality) VALUES (1601, 3, 'Augusto Fernandez ', 'France');
INSERT INTO football.player (idplayer, position_id, name, nationality) VALUES (1602, 2, 'Filipe Luis ', 'Portugal');
INSERT INTO football.player (idplayer, position_id, name, nationality) VALUES (1603, 3, 'Nicolas Gaitan ', 'France');
INSERT INTO football.player (idplayer, position_id, name, nationality) VALUES (1604, 4, 'Kevin Gameiro ', 'Spain');
INSERT INTO football.player (idplayer, position_id, name, nationality) VALUES (1605, 2, 'Jose Gimenez ', 'France');
INSERT INTO football.player (idplayer, position_id, name, nationality) VALUES (1606, 4, 'Giovanni ', 'Portugal');
INSERT INTO football.player (idplayer, position_id, name, nationality) VALUES (1607, 2, 'Diego Godin ', 'Spain');
INSERT INTO football.player (idplayer, position_id, name, nationality) VALUES (1608, 4, 'Antoine Griezmann ', 'Germany');
INSERT INTO football.player (idplayer, position_id, name, nationality) VALUES (1609, 2, 'Lucas Hernandez ', 'France');
INSERT INTO football.player (idplayer, position_id, name, nationality) VALUES (1610, 2, 'Torres Juanfran ', 'Argentina');
INSERT INTO football.player (idplayer, position_id, name, nationality) VALUES (1611, 3, 'Koke ', 'Italy');
INSERT INTO football.player (idplayer, position_id, name, nationality) VALUES (1612, 2, 'Antonio Montoro ', 'England');
INSERT INTO football.player (idplayer, position_id, name, nationality) VALUES (1613, 3, 'Juan Moreno ', 'England');
INSERT INTO football.player (idplayer, position_id, name, nationality) VALUES (1614, 1, 'Miguel Moya ', 'Germany');
INSERT INTO football.player (idplayer, position_id, name, nationality) VALUES (1615, 3, 'Antonio Moya ', 'Argentina');
INSERT INTO football.player (idplayer, position_id, name, nationality) VALUES (1616, 3, 'Saul Niguez ', 'Spain');
INSERT INTO football.player (idplayer, position_id, name, nationality) VALUES (1617, 1, 'Jan Oblak ', 'Spain');
INSERT INTO football.player (idplayer, position_id, name, nationality) VALUES (1618, 3, 'Roberto Olabe ', 'Portugal');
INSERT INTO football.player (idplayer, position_id, name, nationality) VALUES (1619, 3, 'Thomas Partey ', 'France');
INSERT INTO football.player (idplayer, position_id, name, nationality) VALUES (1620, 4, 'Alberto Rodenas ', 'Argentina');
INSERT INTO football.player (idplayer, position_id, name, nationality) VALUES (1621, 1, 'Miguel San Roman ', 'Portugal');
INSERT INTO football.player (idplayer, position_id, name, nationality) VALUES (1622, 3, 'Arona Sane ', 'Argentina');
INSERT INTO football.player (idplayer, position_id, name, nationality) VALUES (1623, 2, 'Stefan Savic ', 'Germany');
INSERT INTO football.player (idplayer, position_id, name, nationality) VALUES (1624, 2, 'Sergi ', 'Brazil');
INSERT INTO football.player (idplayer, position_id, name, nationality) VALUES (1625, 4, 'Fernando Torres ', 'Portugal');
INSERT INTO football.player (idplayer, position_id, name, nationality) VALUES (1626, 4, 'Luciano Vietto ', 'Italy');
INSERT INTO football.player (idplayer, position_id, name, nationality) VALUES (1627, 3, 'Vitolo ', 'Spain');
INSERT INTO football.player (idplayer, position_id, name, nationality) VALUES (1628, 2, 'Sime Vrsaljko ', 'Italy');
INSERT INTO football.player (idplayer, position_id, name, nationality) VALUES (1629, 1, 'Axel Werner ', 'Portugal');
INSERT INTO football.player (idplayer, position_id, name, nationality) VALUES (1630, 2, 'Jordi Alba ', 'England');
INSERT INTO football.player (idplayer, position_id, name, nationality) VALUES (1631, 4, 'Francisco Alcacer ', 'Brazil');
INSERT INTO football.player (idplayer, position_id, name, nationality) VALUES (1632, 2, 'Aleix Vidal ', 'Spain');
INSERT INTO football.player (idplayer, position_id, name, nationality) VALUES (1633, 3, 'Carlos Alena ', 'England');
INSERT INTO football.player (idplayer, position_id, name, nationality) VALUES (1634, 3, 'Andre Gomes ', 'Spain');
INSERT INTO football.player (idplayer, position_id, name, nationality) VALUES (1635, 3, 'Oriol Busquets ', 'Brazil');
INSERT INTO football.player (idplayer, position_id, name, nationality) VALUES (1636, 3, 'Sergi Busquets ', 'Brazil');
INSERT INTO football.player (idplayer, position_id, name, nationality) VALUES (1637, 1, 'Jasper Cillessen ', 'Spain');
INSERT INTO football.player (idplayer, position_id, name, nationality) VALUES (1638, 2, 'David Costas ', 'Portugal');
INSERT INTO football.player (idplayer, position_id, name, nationality) VALUES (1639, 3, 'Philippe Coutinho ', 'France');
INSERT INTO football.player (idplayer, position_id, name, nationality) VALUES (1640, 4, 'Ousmane Dembele ', 'France');
INSERT INTO football.player (idplayer, position_id, name, nationality) VALUES (1641, 4, 'Gerard Deulofeu ', 'Spain');
INSERT INTO football.player (idplayer, position_id, name, nationality) VALUES (1642, 2, 'Lucas Digne ', 'Portugal');
INSERT INTO football.player (idplayer, position_id, name, nationality) VALUES (1643, 3, 'Andres Iniesta ', 'Italy');
INSERT INTO football.player (idplayer, position_id, name, nationality) VALUES (1644, 4, 'Jose Arnaiz ', 'Argentina');
INSERT INTO football.player (idplayer, position_id, name, nationality) VALUES (1645, 3, 'Javier Mascherano ', 'Spain');
INSERT INTO football.player (idplayer, position_id, name, nationality) VALUES (1646, 4, 'Lionel Messi ', 'Argentina');
INSERT INTO football.player (idplayer, position_id, name, nationality) VALUES (1647, 2, 'Yerry Mina ', 'Italy');
INSERT INTO football.player (idplayer, position_id, name, nationality) VALUES (1648, 2, 'Nelson Semedo ', 'Brazil');
INSERT INTO football.player (idplayer, position_id, name, nationality) VALUES (1649, 1, 'Adrian Ortola ', 'Argentina');
INSERT INTO football.player (idplayer, position_id, name, nationality) VALUES (1650, 3, 'Paulinho ', 'England');
INSERT INTO football.player (idplayer, position_id, name, nationality) VALUES (1651, 2, 'Gerard Pique ', 'Argentina');
INSERT INTO football.player (idplayer, position_id, name, nationality) VALUES (1652, 3, 'Rafinha ', 'Argentina');
INSERT INTO football.player (idplayer, position_id, name, nationality) VALUES (1653, 3, 'Ivan Rakitic ', 'Argentina');
INSERT INTO football.player (idplayer, position_id, name, nationality) VALUES (1654, 3, 'Sergi Roberto ', 'Italy');
INSERT INTO football.player (idplayer, position_id, name, nationality) VALUES (1655, 3, 'Denis Suarez ', 'Germany');
INSERT INTO football.player (idplayer, position_id, name, nationality) VALUES (1656, 4, 'Luis Suarez ', 'England');
INSERT INTO football.player (idplayer, position_id, name, nationality) VALUES (1657, 3, 'Arda Turan ', 'Brazil');
INSERT INTO football.player (idplayer, position_id, name, nationality) VALUES (1658, 2, 'Samuel Umtiti ', 'Brazil');
INSERT INTO football.player (idplayer, position_id, name, nationality) VALUES (1659, 2, 'Thomas Vermaelen ', 'Brazil');
INSERT INTO football.player (idplayer, position_id, name, nationality) VALUES (1660, 1, 'Marc-Andre ter Stegen ', 'Brazil');
INSERT INTO football.player (idplayer, position_id, name, nationality) VALUES (1661, 2, 'Alende ', 'Portugal');
INSERT INTO football.player (idplayer, position_id, name, nationality) VALUES (1662, 1, 'Sergio Alvarez ', 'Spain');
INSERT INTO football.player (idplayer, position_id, name, nationality) VALUES (1663, 4, 'Iago Aspas ', 'Italy');
INSERT INTO football.player (idplayer, position_id, name, nationality) VALUES (1664, 4, 'Claudio Beauvue ', 'Germany');
INSERT INTO football.player (idplayer, position_id, name, nationality) VALUES (1665, 1, 'Ruben Blanco ', 'Argentina');
INSERT INTO football.player (idplayer, position_id, name, nationality) VALUES (1666, 4, 'Lucas Boye ', 'Germany');
INSERT INTO football.player (idplayer, position_id, name, nationality) VALUES (1667, 2, 'Gustavo Cabral ', 'Spain');
INSERT INTO football.player (idplayer, position_id, name, nationality) VALUES (1668, 3, 'Dejan Drazic ', 'England');
INSERT INTO football.player (idplayer, position_id, name, nationality) VALUES (1669, 4, 'Dennis Eckert ', 'Italy');
INSERT INTO football.player (idplayer, position_id, name, nationality) VALUES (1670, 2, 'Andreu Fontas ', 'Germany');
INSERT INTO football.player (idplayer, position_id, name, nationality) VALUES (1671, 4, 'Maxi Gomez ', 'England');
INSERT INTO football.player (idplayer, position_id, name, nationality) VALUES (1672, 4, 'John Guidetti ', 'Germany');
INSERT INTO football.player (idplayer, position_id, name, nationality) VALUES (1673, 3, 'Pablo Hernandez ', 'Portugal');
INSERT INTO football.player (idplayer, position_id, name, nationality) VALUES (1674, 3, 'Andrew Hjulsager ', 'Spain');
INSERT INTO football.player (idplayer, position_id, name, nationality) VALUES (1675, 2, 'Hugo Mallo ', 'Brazil');
INSERT INTO football.player (idplayer, position_id, name, nationality) VALUES (1676, 2, 'Jonny ', 'Germany');
INSERT INTO football.player (idplayer, position_id, name, nationality) VALUES (1677, 3, 'Jozabed ', 'Italy');
INSERT INTO football.player (idplayer, position_id, name, nationality) VALUES (1678, 3, 'Stanislav Lobotka ', 'Argentina');
INSERT INTO football.player (idplayer, position_id, name, nationality) VALUES (1679, 3, 'Brais Mendez ', 'England');
INSERT INTO football.player (idplayer, position_id, name, nationality) VALUES (1680, 3, 'Daniel Molina ', 'Argentina');
INSERT INTO football.player (idplayer, position_id, name, nationality) VALUES (1681, 4, 'Emre Mor ', 'Portugal');
INSERT INTO football.player (idplayer, position_id, name, nationality) VALUES (1682, 2, 'Diego Pampin ', 'Brazil');
INSERT INTO football.player (idplayer, position_id, name, nationality) VALUES (1683, 3, 'Victor Pastrana Carrasco ', 'Germany');
INSERT INTO football.player (idplayer, position_id, name, nationality) VALUES (1684, 3, 'Nemanja Radoja ', 'France');
INSERT INTO football.player (idplayer, position_id, name, nationality) VALUES (1685, 2, 'Robert Mazan ', 'Argentina');
INSERT INTO football.player (idplayer, position_id, name, nationality) VALUES (1686, 2, 'Facundo Roncaglia ', 'England');
INSERT INTO football.player (idplayer, position_id, name, nationality) VALUES (1687, 2, 'Sergi Gomez ', 'England');
INSERT INTO football.player (idplayer, position_id, name, nationality) VALUES (1688, 3, 'Pione Sisto ', 'Spain');
INSERT INTO football.player (idplayer, position_id, name, nationality) VALUES (1689, 1, 'Dani Sotres ', 'Brazil');
INSERT INTO football.player (idplayer, position_id, name, nationality) VALUES (1690, 1, 'Francisco Vieites ', 'Germany');
INSERT INTO football.player (idplayer, position_id, name, nationality) VALUES (1691, 1, 'Ivan Villar ', 'Italy');
INSERT INTO football.player (idplayer, position_id, name, nationality) VALUES (1692, 3, 'Daniel Wass ', 'Germany');
INSERT INTO football.player (idplayer, position_id, name, nationality) VALUES (1693, 3, 'Ivan Alejo ', 'France');
INSERT INTO football.player (idplayer, position_id, name, nationality) VALUES (1694, 2, 'Anaitz Arbilla ', 'Spain');
INSERT INTO football.player (idplayer, position_id, name, nationality) VALUES (1695, 1, 'Markel Areitio ', 'Spain');
INSERT INTO football.player (idplayer, position_id, name, nationality) VALUES (1696, 3, 'Julen Azkue ', 'Argentina');
INSERT INTO football.player (idplayer, position_id, name, nationality) VALUES (1697, 4, 'Bebe ', 'France');
INSERT INTO football.player (idplayer, position_id, name, nationality) VALUES (1698, 2, 'Ander Capa ', 'Portugal');
INSERT INTO football.player (idplayer, position_id, name, nationality) VALUES (1699, 3, 'Dani Garcia ', 'Portugal');
INSERT INTO football.player (idplayer, position_id, name, nationality) VALUES (1700, 4, 'Charles Dias de Oliveira ', 'Germany');
INSERT INTO football.player (idplayer, position_id, name, nationality) VALUES (1701, 3, 'Papakouly Diop ', 'Portugal');
INSERT INTO football.player (idplayer, position_id, name, nationality) VALUES (1702, 1, 'Marko Dmitrovic ', 'France');
INSERT INTO football.player (idplayer, position_id, name, nationality) VALUES (1703, 4, 'Sergi Enrich ', 'Italy');
INSERT INTO football.player (idplayer, position_id, name, nationality) VALUES (1704, 3, 'Gonzalo Escalante ', 'France');
INSERT INTO football.player (idplayer, position_id, name, nationality) VALUES (1705, 2, 'Alejandro Galvez ', 'Spain');
INSERT INTO football.player (idplayer, position_id, name, nationality) VALUES (1706, 3, 'Takashi Inui ', 'England');
INSERT INTO football.player (idplayer, position_id, name, nationality) VALUES (1707, 3, 'Joan Jordan ', 'Argentina');
INSERT INTO football.player (idplayer, position_id, name, nationality) VALUES (1708, 2, 'Jose Angel ', 'Portugal');
INSERT INTO football.player (idplayer, position_id, name, nationality) VALUES (1709, 2, 'Vukasin Jovanovic ', 'France');
INSERT INTO football.player (idplayer, position_id, name, nationality) VALUES (1710, 2, 'David Junca ', 'France');
INSERT INTO football.player (idplayer, position_id, name, nationality) VALUES (1711, 4, 'Kike ', 'England');
INSERT INTO football.player (idplayer, position_id, name, nationality) VALUES (1712, 2, 'David Lomban ', 'Portugal');
INSERT INTO football.player (idplayer, position_id, name, nationality) VALUES (1713, 2, 'Angel Lopez ', 'France');
INSERT INTO football.player (idplayer, position_id, name, nationality) VALUES (1714, 2, 'Julen Lopez ', 'France');
INSERT INTO football.player (idplayer, position_id, name, nationality) VALUES (1715, 4, 'Fabian Orellana ', 'Portugal');
INSERT INTO football.player (idplayer, position_id, name, nationality) VALUES (1716, 2, 'Paulo Oliveira ', 'Portugal');
INSERT INTO football.player (idplayer, position_id, name, nationality) VALUES (1717, 3, 'Pedro Leon ', 'Germany');
INSERT INTO football.player (idplayer, position_id, name, nationality) VALUES (1718, 3, 'Carlos Pena Jimenez ', 'Argentina');
INSERT INTO football.player (idplayer, position_id, name, nationality) VALUES (1719, 2, 'Ivan Ramis ', 'Germany');
INSERT INTO football.player (idplayer, position_id, name, nationality) VALUES (1720, 4, 'Francesc Regis ', 'Italy');
INSERT INTO football.player (idplayer, position_id, name, nationality) VALUES (1721, 1, 'Asier Riesgo ', 'Italy');
INSERT INTO football.player (idplayer, position_id, name, nationality) VALUES (1722, 3, 'Cristian Rivera ', 'England');
INSERT INTO football.player (idplayer, position_id, name, nationality) VALUES (1723, 3, 'Imanol Sarriegui ', 'Argentina');
INSERT INTO football.player (idplayer, position_id, name, nationality) VALUES (1724, 1, 'Yoel ', 'Germany');
INSERT INTO football.player (idplayer, position_id, name, nationality) VALUES (1725, 3, 'David Alba ', 'Portugal');
INSERT INTO football.player (idplayer, position_id, name, nationality) VALUES (1726, 3, 'Alvaro ', 'France');
INSERT INTO football.player (idplayer, position_id, name, nationality) VALUES (1727, 4, 'Angel ', 'Brazil');
INSERT INTO football.player (idplayer, position_id, name, nationality) VALUES (1728, 2, 'Vitorino Antunes ', 'Spain');
INSERT INTO football.player (idplayer, position_id, name, nationality) VALUES (1729, 3, 'Mauro Arambarri ', 'Portugal');
INSERT INTO football.player (idplayer, position_id, name, nationality) VALUES (1730, 3, 'Markel Bergara ', 'France');
INSERT INTO football.player (idplayer, position_id, name, nationality) VALUES (1731, 2, 'Leandro Cabrera ', 'France');
INSERT INTO football.player (idplayer, position_id, name, nationality) VALUES (1732, 2, 'Cala ', 'England');
INSERT INTO football.player (idplayer, position_id, name, nationality) VALUES (1733, 3, 'Carlos Calderon ', 'England');
INSERT INTO football.player (idplayer, position_id, name, nationality) VALUES (1734, 3, 'Amath Diedhiou ', 'France');
INSERT INTO football.player (idplayer, position_id, name, nationality) VALUES (1735, 2, 'Dakonam Djene ', 'England');
INSERT INTO football.player (idplayer, position_id, name, nationality) VALUES (1736, 4, 'Hugo Duro ', 'Spain');
INSERT INTO football.player (idplayer, position_id, name, nationality) VALUES (1737, 3, 'Faycal Fajr ', 'Italy');
INSERT INTO football.player (idplayer, position_id, name, nationality) VALUES (1738, 3, 'Mathieu Flamini ', 'Argentina');
INSERT INTO football.player (idplayer, position_id, name, nationality) VALUES (1739, 2, 'Bruno Gonzalez Cabrera ', 'Spain');
INSERT INTO football.player (idplayer, position_id, name, nationality) VALUES (1740, 2, 'Nicolas Gorosito ', 'Spain');
INSERT INTO football.player (idplayer, position_id, name, nationality) VALUES (1741, 1, 'Vincente Guaita ', 'Argentina');
INSERT INTO football.player (idplayer, position_id, name, nationality) VALUES (1742, 3, 'Diego Hernandez Barriuso ', 'Germany');
INSERT INTO football.player (idplayer, position_id, name, nationality) VALUES (1743, 3, 'Mehdi Lacen ', 'Germany');
INSERT INTO football.player (idplayer, position_id, name, nationality) VALUES (1744, 1, 'Filip Manojlovic ', 'Portugal');
INSERT INTO football.player (idplayer, position_id, name, nationality) VALUES (1745, 1, 'Emiliano Martinez ', 'Argentina');
INSERT INTO football.player (idplayer, position_id, name, nationality) VALUES (1746, 3, 'Pape Mbodji ', 'Spain');
INSERT INTO football.player (idplayer, position_id, name, nationality) VALUES (1747, 4, 'Jorge Molina ', 'Portugal');
INSERT INTO football.player (idplayer, position_id, name, nationality) VALUES (1748, 2, 'Francisco Molinero ', 'Germany');
INSERT INTO football.player (idplayer, position_id, name, nationality) VALUES (1749, 3, 'Jefferson Montero ', 'Portugal');
INSERT INTO football.player (idplayer, position_id, name, nationality) VALUES (1750, 3, 'Sergio Mora ', 'Spain');
INSERT INTO football.player (idplayer, position_id, name, nationality) VALUES (1751, 3, 'Merveil Ndockyt ', 'France');
INSERT INTO football.player (idplayer, position_id, name, nationality) VALUES (1752, 2, 'Mathias Olivera ', 'Brazil');
INSERT INTO football.player (idplayer, position_id, name, nationality) VALUES (1753, 3, 'Dani Pacheco ', 'Brazil');
INSERT INTO football.player (idplayer, position_id, name, nationality) VALUES (1754, 3, 'Francisco Portillo ', 'Germany');
INSERT INTO football.player (idplayer, position_id, name, nationality) VALUES (1755, 3, 'Gustavo Quezada ', 'Germany');
INSERT INTO football.player (idplayer, position_id, name, nationality) VALUES (1756, 2, 'Alberto Redondo ', 'Brazil');
INSERT INTO football.player (idplayer, position_id, name, nationality) VALUES (1757, 4, 'Loic Remy ', 'England');
INSERT INTO football.player (idplayer, position_id, name, nationality) VALUES (1758, 2, 'Miguel Angel Rubio ', 'Brazil');
INSERT INTO football.player (idplayer, position_id, name, nationality) VALUES (1759, 3, 'Gaku Shibasaki ', 'Italy');
INSERT INTO football.player (idplayer, position_id, name, nationality) VALUES (1760, 2, 'Damian Suarez ', 'France');
INSERT INTO football.player (idplayer, position_id, name, nationality) VALUES (1761, 4, 'Vazquez Florido ', 'Italy');
INSERT INTO football.player (idplayer, position_id, name, nationality) VALUES (1762, 2, 'Aly Abeid ', 'Portugal');
INSERT INTO football.player (idplayer, position_id, name, nationality) VALUES (1763, 4, 'Fhad Al Muwallad ', 'France');
INSERT INTO football.player (idplayer, position_id, name, nationality) VALUES (1764, 4, 'Alexander Alegria Moreno ', 'Germany');
INSERT INTO football.player (idplayer, position_id, name, nationality) VALUES (1765, 3, 'Enis Bardhi ', 'Argentina');
INSERT INTO football.player (idplayer, position_id, name, nationality) VALUES (1766, 4, 'Boateng ', 'Portugal');
INSERT INTO football.player (idplayer, position_id, name, nationality) VALUES (1767, 2, 'Erick Cabaco ', 'England');
INSERT INTO football.player (idplayer, position_id, name, nationality) VALUES (1768, 2, 'Chema ', 'Portugal');
INSERT INTO football.player (idplayer, position_id, name, nationality) VALUES (1769, 2, 'Coke ', 'France');
INSERT INTO football.player (idplayer, position_id, name, nationality) VALUES (1770, 3, 'Cheick Doukoure ', 'Italy');
INSERT INTO football.player (idplayer, position_id, name, nationality) VALUES (1771, 4, 'Enes Unal ', 'Germany');
INSERT INTO football.player (idplayer, position_id, name, nationality) VALUES (1772, 3, 'Jose Gomez Campana ', 'Spain');
INSERT INTO football.player (idplayer, position_id, name, nationality) VALUES (1773, 3, 'Hacen ', 'Spain');
INSERT INTO football.player (idplayer, position_id, name, nationality) VALUES (1774, 3, 'Ivi ', 'Portugal');
INSERT INTO football.player (idplayer, position_id, name, nationality) VALUES (1775, 3, 'Jason ', 'Brazil');
INSERT INTO football.player (idplayer, position_id, name, nationality) VALUES (1776, 1, 'Koke ', 'Brazil');
INSERT INTO football.player (idplayer, position_id, name, nationality) VALUES (1777, 1, 'Mitchell Langerak ', 'Portugal');
INSERT INTO football.player (idplayer, position_id, name, nationality) VALUES (1778, 3, 'Jefferson Lerma ', 'Italy');
INSERT INTO football.player (idplayer, position_id, name, nationality) VALUES (1779, 2, 'Pedro Lopez ', 'Germany');
INSERT INTO football.player (idplayer, position_id, name, nationality) VALUES (1780, 2, 'Ivan Lopez ', 'Argentina');
INSERT INTO football.player (idplayer, position_id, name, nationality) VALUES (1781, 3, 'Sasa Lukic ', 'England');
INSERT INTO football.player (idplayer, position_id, name, nationality) VALUES (1782, 2, 'Antonio Luna ', 'Italy');
INSERT INTO football.player (idplayer, position_id, name, nationality) VALUES (1783, 2, 'Shaquell Moore ', 'Portugal');
INSERT INTO football.player (idplayer, position_id, name, nationality) VALUES (1784, 3, 'Jose Luis Morales ', 'Brazil');
INSERT INTO football.player (idplayer, position_id, name, nationality) VALUES (1785, 4, 'Nano Mesa ', 'Portugal');
INSERT INTO football.player (idplayer, position_id, name, nationality) VALUES (1786, 1, 'Oier ', 'Argentina');
INSERT INTO football.player (idplayer, position_id, name, nationality) VALUES (1787, 4, 'Giampaolo Pazzini ', 'Italy');
INSERT INTO football.player (idplayer, position_id, name, nationality) VALUES (1788, 2, 'Sergio Postigo ', 'Argentina');
INSERT INTO football.player (idplayer, position_id, name, nationality) VALUES (1789, 1, 'Raul Fernandez ', 'Portugal');
INSERT INTO football.player (idplayer, position_id, name, nationality) VALUES (1790, 2, 'Rober ', 'France');
INSERT INTO football.player (idplayer, position_id, name, nationality) VALUES (1791, 3, 'Ruben Rochina ', 'Spain');
INSERT INTO football.player (idplayer, position_id, name, nationality) VALUES (1792, 4, 'Roger ', 'Argentina');
INSERT INTO football.player (idplayer, position_id, name, nationality) VALUES (1793, 4, 'Armando Sadiku ', 'France');
INSERT INTO football.player (idplayer, position_id, name, nationality) VALUES (1794, 3, 'Samuel ', 'France');
INSERT INTO football.player (idplayer, position_id, name, nationality) VALUES (1795, 2, 'Tono ', 'Spain');
INSERT INTO football.player (idplayer, position_id, name, nationality) VALUES (1796, 3, 'Verza ', 'Italy');
INSERT INTO football.player (idplayer, position_id, name, nationality) VALUES (1797, 1, 'Ivan Villar ', 'France');
INSERT INTO football.player (idplayer, position_id, name, nationality) VALUES (1798, 3, 'Youssouf Yalike ', 'Italy');
INSERT INTO football.player (idplayer, position_id, name, nationality) VALUES (1799, 1, 'Antonio Adan ', 'Portugal');
INSERT INTO football.player (idplayer, position_id, name, nationality) VALUES (1800, 2, 'Jordi Amat ', 'Brazil');
INSERT INTO football.player (idplayer, position_id, name, nationality) VALUES (1801, 2, 'Antonio Barragan ', 'Spain');
INSERT INTO football.player (idplayer, position_id, name, nationality) VALUES (1802, 2, 'Marc Bartra ', 'Spain');
INSERT INTO football.player (idplayer, position_id, name, nationality) VALUES (1803, 3, 'Ryad Boudebouz ', 'Spain');
INSERT INTO football.player (idplayer, position_id, name, nationality) VALUES (1804, 3, 'Victor Camarasa ', 'Italy');
INSERT INTO football.player (idplayer, position_id, name, nationality) VALUES (1805, 4, 'Joel Campbell ', 'Spain');
INSERT INTO football.player (idplayer, position_id, name, nationality) VALUES (1806, 4, 'Ruben Castro ', 'Spain');
INSERT INTO football.player (idplayer, position_id, name, nationality) VALUES (1807, 1, 'Dani Gimenez ', 'Italy');
INSERT INTO football.player (idplayer, position_id, name, nationality) VALUES (1808, 2, 'Riza Durmisi ', 'England');
INSERT INTO football.player (idplayer, position_id, name, nationality) VALUES (1809, 2, 'Francis ', 'Italy');
INSERT INTO football.player (idplayer, position_id, name, nationality) VALUES (1810, 3, 'Julio Gracia ', 'England');
INSERT INTO football.player (idplayer, position_id, name, nationality) VALUES (1811, 3, 'Andres Guardado ', 'England');
INSERT INTO football.player (idplayer, position_id, name, nationality) VALUES (1812, 3, 'Javi Garcia ', 'Spain');
INSERT INTO football.player (idplayer, position_id, name, nationality) VALUES (1813, 3, 'Joaquin ', 'Portugal');
INSERT INTO football.player (idplayer, position_id, name, nationality) VALUES (1814, 4, 'Juanjo Narvaez ', 'England');
INSERT INTO football.player (idplayer, position_id, name, nationality) VALUES (1815, 2, 'Junior Firpo ', 'Brazil');
INSERT INTO football.player (idplayer, position_id, name, nationality) VALUES (1816, 3, 'Nahuel Leiva ', 'Italy');
INSERT INTO football.player (idplayer, position_id, name, nationality) VALUES (1817, 4, 'Sergio Leon ', 'France');
INSERT INTO football.player (idplayer, position_id, name, nationality) VALUES (1818, 1, 'Pedro Lopez ', 'Italy');
INSERT INTO football.player (idplayer, position_id, name, nationality) VALUES (1819, 4, 'Loren Moron ', 'Argentina');
INSERT INTO football.player (idplayer, position_id, name, nationality) VALUES (1820, 2, 'Aissa Mandi ', 'France');
INSERT INTO football.player (idplayer, position_id, name, nationality) VALUES (1821, 2, 'Rafa Navarro ', 'Argentina');
INSERT INTO football.player (idplayer, position_id, name, nationality) VALUES (1822, 1, 'Daniel Rebollo ', 'France');
INSERT INTO football.player (idplayer, position_id, name, nationality) VALUES (1823, 2, 'Redru ', 'Brazil');
INSERT INTO football.player (idplayer, position_id, name, nationality) VALUES (1824, 4, 'Aitor Ruibal ', 'Portugal');
INSERT INTO football.player (idplayer, position_id, name, nationality) VALUES (1825, 3, 'Fabian Ruiz Pena ', 'Argentina');
INSERT INTO football.player (idplayer, position_id, name, nationality) VALUES (1826, 4, 'Antonio Sanabria ', 'Spain');
INSERT INTO football.player (idplayer, position_id, name, nationality) VALUES (1827, 4, 'Cristian Tello ', 'Germany');
INSERT INTO football.player (idplayer, position_id, name, nationality) VALUES (1828, 2, 'Alin Tosca ', 'England');
INSERT INTO football.player (idplayer, position_id, name, nationality) VALUES (1829, 2, 'Zou Feddal ', 'Spain');
INSERT INTO football.player (idplayer, position_id, name, nationality) VALUES (1830, 3, 'Marco Asensio ', 'Italy');
INSERT INTO football.player (idplayer, position_id, name, nationality) VALUES (1831, 4, 'Gareth Bale ', 'France');
INSERT INTO football.player (idplayer, position_id, name, nationality) VALUES (1832, 4, 'Karim Benzema ', 'England');
INSERT INTO football.player (idplayer, position_id, name, nationality) VALUES (1833, 4, 'Borja Mayoral ', 'Germany');
INSERT INTO football.player (idplayer, position_id, name, nationality) VALUES (1834, 2, 'Daniel Carvajal ', 'Spain');
INSERT INTO football.player (idplayer, position_id, name, nationality) VALUES (1835, 3, 'Casemiro ', 'Germany');
INSERT INTO football.player (idplayer, position_id, name, nationality) VALUES (1836, 1, 'Casilla ', 'Brazil');
INSERT INTO football.player (idplayer, position_id, name, nationality) VALUES (1837, 3, 'Dani Ceballos ', 'Germany');
INSERT INTO football.player (idplayer, position_id, name, nationality) VALUES (1838, 4, 'Franchu ', 'France');
INSERT INTO football.player (idplayer, position_id, name, nationality) VALUES (1839, 4, 'Cristo Gonzalez ', 'Brazil');
INSERT INTO football.player (idplayer, position_id, name, nationality) VALUES (1840, 2, 'Achraf Hakimi ', 'Argentina');
INSERT INTO football.player (idplayer, position_id, name, nationality) VALUES (1841, 2, 'Theo Hernandez ', 'Brazil');
INSERT INTO football.player (idplayer, position_id, name, nationality) VALUES (1842, 3, 'Isco ', 'Brazil');
INSERT INTO football.player (idplayer, position_id, name, nationality) VALUES (1843, 3, 'Mateo Kovacic ', 'Portugal');
INSERT INTO football.player (idplayer, position_id, name, nationality) VALUES (1844, 3, 'Toni Kroos ', 'Italy');
INSERT INTO football.player (idplayer, position_id, name, nationality) VALUES (1845, 3, 'Lucas Vazquez ', 'Spain');
INSERT INTO football.player (idplayer, position_id, name, nationality) VALUES (1846, 2, 'Manu ', 'Portugal');
INSERT INTO football.player (idplayer, position_id, name, nationality) VALUES (1847, 2, 'Marcelo ', 'England');
INSERT INTO football.player (idplayer, position_id, name, nationality) VALUES (1848, 3, 'Marcos Llorente ', 'Italy');
INSERT INTO football.player (idplayer, position_id, name, nationality) VALUES (1849, 3, 'Luka Modric ', 'England');
INSERT INTO football.player (idplayer, position_id, name, nationality) VALUES (1850, 1, 'Moha Ramos ', 'Germany');
INSERT INTO football.player (idplayer, position_id, name, nationality) VALUES (1851, 2, 'Nacho Fernandez ', 'England');
INSERT INTO football.player (idplayer, position_id, name, nationality) VALUES (1852, 1, 'Keylor Navas ', 'England');
INSERT INTO football.player (idplayer, position_id, name, nationality) VALUES (1853, 3, 'Oscar ', 'Portugal');
INSERT INTO football.player (idplayer, position_id, name, nationality) VALUES (1854, 3, 'Luis Miguel Quezada ', 'England');
INSERT INTO football.player (idplayer, position_id, name, nationality) VALUES (1855, 2, 'Sergio Ramos ', 'Spain');
INSERT INTO football.player (idplayer, position_id, name, nationality) VALUES (1856, 4, 'Cristiano Ronaldo ', 'Portugal');
INSERT INTO football.player (idplayer, position_id, name, nationality) VALUES (1857, 3, 'Jaime Seoane ', 'England');
INSERT INTO football.player (idplayer, position_id, name, nationality) VALUES (1858, 2, 'Tejero ', 'Spain');
INSERT INTO football.player (idplayer, position_id, name, nationality) VALUES (1859, 2, 'Jesus Vallejo ', 'Italy');
INSERT INTO football.player (idplayer, position_id, name, nationality) VALUES (1860, 2, 'Raphael Varane ', 'Italy');
INSERT INTO football.player (idplayer, position_id, name, nationality) VALUES (1861, 1, 'Luca Zidane ', 'Germany');
INSERT INTO football.player (idplayer, position_id, name, nationality) VALUES (1862, 3, 'Jose Alonso ', 'Argentina');
INSERT INTO football.player (idplayer, position_id, name, nationality) VALUES (1863, 3, 'Ever Banega ', 'Portugal');
INSERT INTO football.player (idplayer, position_id, name, nationality) VALUES (1864, 4, 'Wissam Ben Yedder ', 'Germany');
INSERT INTO football.player (idplayer, position_id, name, nationality) VALUES (1865, 3, 'Borja Lasso ', 'Spain');
INSERT INTO football.player (idplayer, position_id, name, nationality) VALUES (1866, 4, 'Carlos Fernandez ', 'England');
INSERT INTO football.player (idplayer, position_id, name, nationality) VALUES (1867, 2, 'Lionel Carole ', 'England');
INSERT INTO football.player (idplayer, position_id, name, nationality) VALUES (1868, 2, 'Daniel Carrico ', 'Argentina');
INSERT INTO football.player (idplayer, position_id, name, nationality) VALUES (1869, 2, 'Sebastien Corchia ', 'Argentina');
INSERT INTO football.player (idplayer, position_id, name, nationality) VALUES (1870, 3, 'Joaquin Correa ', 'Germany');
INSERT INTO football.player (idplayer, position_id, name, nationality) VALUES (1871, 1, 'David Soria ', 'England');
INSERT INTO football.player (idplayer, position_id, name, nationality) VALUES (1872, 3, 'Paulo Ganso ', 'Brazil');
INSERT INTO football.player (idplayer, position_id, name, nationality) VALUES (1873, 3, 'Johannes Geis ', 'Italy');
INSERT INTO football.player (idplayer, position_id, name, nationality) VALUES (1874, 2, 'Guilherme Arana ', 'Germany');
INSERT INTO football.player (idplayer, position_id, name, nationality) VALUES (1875, 2, 'Simon Kjaer ', 'England');
INSERT INTO football.player (idplayer, position_id, name, nationality) VALUES (1876, 3, 'Michael Krohn-Dehli ', 'Spain');
INSERT INTO football.player (idplayer, position_id, name, nationality) VALUES (1877, 2, 'Miguel Layun ', 'Argentina');
INSERT INTO football.player (idplayer, position_id, name, nationality) VALUES (1878, 2, 'Clement Lenglet ', 'Portugal');
INSERT INTO football.player (idplayer, position_id, name, nationality) VALUES (1879, 2, 'Gabriel Mercado ', 'Argentina');
INSERT INTO football.player (idplayer, position_id, name, nationality) VALUES (1880, 3, 'Roque Mesa ', 'Spain');
INSERT INTO football.player (idplayer, position_id, name, nationality) VALUES (1881, 3, 'Walter Montoya ', 'Spain');
INSERT INTO football.player (idplayer, position_id, name, nationality) VALUES (1882, 4, 'Luis Muriel ', 'Spain');
INSERT INTO football.player (idplayer, position_id, name, nationality) VALUES (1883, 2, 'Jesus Navas ', 'Italy');
INSERT INTO football.player (idplayer, position_id, name, nationality) VALUES (1884, 4, 'Nolito ', 'France');
INSERT INTO football.player (idplayer, position_id, name, nationality) VALUES (1885, 3, 'Steven Nzonzi ', 'Germany');
INSERT INTO football.player (idplayer, position_id, name, nationality) VALUES (1886, 2, 'Nicolas Pareja ', 'Brazil');
INSERT INTO football.player (idplayer, position_id, name, nationality) VALUES (1887, 3, 'Guido Pizarro ', 'England');
INSERT INTO football.player (idplayer, position_id, name, nationality) VALUES (1888, 3, 'Alejandro Pozo ', 'France');
INSERT INTO football.player (idplayer, position_id, name, nationality) VALUES (1889, 4, 'Sandro Ramirez ', 'France');
INSERT INTO football.player (idplayer, position_id, name, nationality) VALUES (1890, 1, 'Sergio Rico ', 'France');
INSERT INTO football.player (idplayer, position_id, name, nationality) VALUES (1891, 3, 'Pablo Sarabia ', 'Brazil');
INSERT INTO football.player (idplayer, position_id, name, nationality) VALUES (1892, 2, 'Sergio Escudero ', 'Portugal');
INSERT INTO football.player (idplayer, position_id, name, nationality) VALUES (1893, 1, 'Juan Soriano ', 'Argentina');
INSERT INTO football.player (idplayer, position_id, name, nationality) VALUES (1894, 3, 'Franco Vazquez ', 'Argentina');
INSERT INTO football.player (idplayer, position_id, name, nationality) VALUES (1895, 4, 'Imanol Agirretxe ', 'Portugal');
INSERT INTO football.player (idplayer, position_id, name, nationality) VALUES (1896, 2, 'Alvaro Odriozola ', 'Italy');
INSERT INTO football.player (idplayer, position_id, name, nationality) VALUES (1897, 4, 'Jon Bautista ', 'France');
INSERT INTO football.player (idplayer, position_id, name, nationality) VALUES (1898, 3, 'Sergio Canales ', 'Brazil');
INSERT INTO football.player (idplayer, position_id, name, nationality) VALUES (1899, 2, 'Alberto De la Bella ', 'France');
INSERT INTO football.player (idplayer, position_id, name, nationality) VALUES (1900, 2, 'Aritz Elustondo ', 'Argentina');
INSERT INTO football.player (idplayer, position_id, name, nationality) VALUES (1901, 2, 'Gorosabel ', 'Germany');
INSERT INTO football.player (idplayer, position_id, name, nationality) VALUES (1902, 3, 'Ander Guevara ', 'England');
INSERT INTO football.player (idplayer, position_id, name, nationality) VALUES (1903, 3, 'Jon Guridi ', 'Germany');
INSERT INTO football.player (idplayer, position_id, name, nationality) VALUES (1904, 3, 'Asier Illarramendi ', 'Germany');
INSERT INTO football.player (idplayer, position_id, name, nationality) VALUES (1905, 3, 'Adnan Januzaj ', 'Brazil');
INSERT INTO football.player (idplayer, position_id, name, nationality) VALUES (1906, 4, 'Juanmi ', 'Germany');
INSERT INTO football.player (idplayer, position_id, name, nationality) VALUES (1907, 2, 'Diego Llorente ', 'Brazil');
INSERT INTO football.player (idplayer, position_id, name, nationality) VALUES (1908, 2, 'Carlos Martinez ', 'France');
INSERT INTO football.player (idplayer, position_id, name, nationality) VALUES (1909, 2, 'Inigo Martinez ', 'Italy');
INSERT INTO football.player (idplayer, position_id, name, nationality) VALUES (1910, 2, 'Hector Moreno ', 'Argentina');
INSERT INTO football.player (idplayer, position_id, name, nationality) VALUES (1911, 1, 'Miguel Moya ', 'Germany');
INSERT INTO football.player (idplayer, position_id, name, nationality) VALUES (1912, 4, 'Mikel Oyarzabal ', 'Portugal');
INSERT INTO football.player (idplayer, position_id, name, nationality) VALUES (1913, 3, 'Ruben Pardo ', 'France');
INSERT INTO football.player (idplayer, position_id, name, nationality) VALUES (1914, 3, 'Xavi Prieto ', 'Germany');
INSERT INTO football.player (idplayer, position_id, name, nationality) VALUES (1915, 2, 'Raul Navas ', 'France');
INSERT INTO football.player (idplayer, position_id, name, nationality) VALUES (1916, 2, 'Kevin Rodrigues ', 'Spain');
INSERT INTO football.player (idplayer, position_id, name, nationality) VALUES (1917, 1, 'Geronimo Rulli ', 'Germany');
INSERT INTO football.player (idplayer, position_id, name, nationality) VALUES (1918, 1, 'Tono Ramirez ', 'Germany');
INSERT INTO football.player (idplayer, position_id, name, nationality) VALUES (1919, 4, 'Carlos Vela ', 'Brazil');
INSERT INTO football.player (idplayer, position_id, name, nationality) VALUES (1920, 4, 'William Jose ', 'Brazil');
INSERT INTO football.player (idplayer, position_id, name, nationality) VALUES (1921, 3, 'Igor Zubeldia ', 'England');
INSERT INTO football.player (idplayer, position_id, name, nationality) VALUES (1922, 1, 'Andoni Zubiaurre ', 'England');
INSERT INTO football.player (idplayer, position_id, name, nationality) VALUES (1923, 3, 'David Zurutuza ', 'Italy');
INSERT INTO football.player (idplayer, position_id, name, nationality) VALUES (1924, 3, 'Francis Coquelin ', 'Argentina');
INSERT INTO football.player (idplayer, position_id, name, nationality) VALUES (1925, 2, 'Gabriel Paulista ', 'Spain');
INSERT INTO football.player (idplayer, position_id, name, nationality) VALUES (1926, 2, 'Ezequiel Garay ', 'Brazil');
INSERT INTO football.player (idplayer, position_id, name, nationality) VALUES (1927, 2, 'Jose Luis Gaya ', 'Portugal');
INSERT INTO football.player (idplayer, position_id, name, nationality) VALUES (1928, 3, 'Ignacio Gil de Pareja ', 'Italy');
INSERT INTO football.player (idplayer, position_id, name, nationality) VALUES (1929, 3, 'Goncalo Guedes ', 'France');
INSERT INTO football.player (idplayer, position_id, name, nationality) VALUES (1930, 3, 'Robert Ibanez ', 'Spain');
INSERT INTO football.player (idplayer, position_id, name, nationality) VALUES (1931, 1, 'Jaume ', 'Spain');
INSERT INTO football.player (idplayer, position_id, name, nationality) VALUES (1932, 2, 'Javier Jimenez Garcia ', 'France');
INSERT INTO football.player (idplayer, position_id, name, nationality) VALUES (1933, 2, 'Joao Cancelo ', 'Brazil');
INSERT INTO football.player (idplayer, position_id, name, nationality) VALUES (1934, 3, 'Geoffrey Kondogbia ', 'Brazil');
INSERT INTO football.player (idplayer, position_id, name, nationality) VALUES (1935, 3, 'Nemanja Maksimovic ', 'England');
INSERT INTO football.player (idplayer, position_id, name, nationality) VALUES (1936, 3, 'Alvaro Medran ', 'Italy');
INSERT INTO football.player (idplayer, position_id, name, nationality) VALUES (1937, 4, 'Santiago Mina ', 'Spain');
INSERT INTO football.player (idplayer, position_id, name, nationality) VALUES (1938, 2, 'Martin Montoya ', 'Brazil');
INSERT INTO football.player (idplayer, position_id, name, nationality) VALUES (1939, 4, 'Rodrigo Moreno Machado ', 'Spain');
INSERT INTO football.player (idplayer, position_id, name, nationality) VALUES (1940, 2, 'Jeison Murillo ', 'Portugal');
INSERT INTO football.player (idplayer, position_id, name, nationality) VALUES (1941, 1, 'Neto ', 'England');
INSERT INTO football.player (idplayer, position_id, name, nationality) VALUES (1942, 4, 'Fabian Orellana ', 'Portugal');
INSERT INTO football.player (idplayer, position_id, name, nationality) VALUES (1943, 3, 'Daniel Parejo ', 'Spain');
INSERT INTO football.player (idplayer, position_id, name, nationality) VALUES (1944, 3, 'Andreas Pereira ', 'Argentina');
INSERT INTO football.player (idplayer, position_id, name, nationality) VALUES (1945, 1, 'Cristian Rivero ', 'Germany');
INSERT INTO football.player (idplayer, position_id, name, nationality) VALUES (1946, 3, 'Carlos Soler ', 'Germany');
INSERT INTO football.player (idplayer, position_id, name, nationality) VALUES (1947, 2, 'Toni Lato ', 'Portugal');
INSERT INTO football.player (idplayer, position_id, name, nationality) VALUES (1948, 4, 'Ferran Torres ', 'Italy');
INSERT INTO football.player (idplayer, position_id, name, nationality) VALUES (1949, 2, 'Ruben Vezo ', 'Germany');
INSERT INTO football.player (idplayer, position_id, name, nationality) VALUES (1950, 2, 'Nacho Vidal ', 'Spain');
INSERT INTO football.player (idplayer, position_id, name, nationality) VALUES (1951, 4, 'Luciano Vietto ', 'Italy');
INSERT INTO football.player (idplayer, position_id, name, nationality) VALUES (1952, 3, 'Gonzalo Villar ', 'England');
INSERT INTO football.player (idplayer, position_id, name, nationality) VALUES (1953, 4, 'Simone Zaza ', 'France');
INSERT INTO football.player (idplayer, position_id, name, nationality) VALUES (1954, 2, 'Adrian Gomez ', 'Portugal');
INSERT INTO football.player (idplayer, position_id, name, nationality) VALUES (1955, 4, 'Salem Al Dawsari ', 'England');
INSERT INTO football.player (idplayer, position_id, name, nationality) VALUES (1956, 2, 'A Alvaro Gonzalez ', 'Argentina');
INSERT INTO football.player (idplayer, position_id, name, nationality) VALUES (1957, 1, 'Andres ', 'England');
INSERT INTO football.player (idplayer, position_id, name, nationality) VALUES (1958, 1, 'Sergio Asenjo ', 'Argentina');
INSERT INTO football.player (idplayer, position_id, name, nationality) VALUES (1959, 4, 'Carlos Bacca ', 'England');
INSERT INTO football.player (idplayer, position_id, name, nationality) VALUES (1960, 4, 'Cedric Bakambu ', 'Brazil');
INSERT INTO football.player (idplayer, position_id, name, nationality) VALUES (1961, 1, 'Mariano Barbosa ', 'France');
INSERT INTO football.player (idplayer, position_id, name, nationality) VALUES (1962, 2, 'Daniele Bonera ', 'Argentina');
INSERT INTO football.player (idplayer, position_id, name, nationality) VALUES (1963, 1, 'Ander Cantero ', 'Italy');
INSERT INTO football.player (idplayer, position_id, name, nationality) VALUES (1964, 3, 'Denis Cheryshev ', 'Italy');
INSERT INTO football.player (idplayer, position_id, name, nationality) VALUES (1965, 3, 'Chuca ', 'Portugal');
INSERT INTO football.player (idplayer, position_id, name, nationality) VALUES (1966, 4, 'Enes Unal ', 'Spain');
INSERT INTO football.player (idplayer, position_id, name, nationality) VALUES (1967, 3, 'Pablo Fornals ', 'France');
INSERT INTO football.player (idplayer, position_id, name, nationality) VALUES (1968, 3, 'Javi Fuego ', 'Spain');
INSERT INTO football.player (idplayer, position_id, name, nationality) VALUES (1969, 3, 'Imanol Garcia ', 'Germany');
INSERT INTO football.player (idplayer, position_id, name, nationality) VALUES (1970, 4, 'Mario Gonzalez ', 'France');
INSERT INTO football.player (idplayer, position_id, name, nationality) VALUES (1971, 3, 'Ramiro Guerra ', 'England');
INSERT INTO football.player (idplayer, position_id, name, nationality) VALUES (1972, 2, 'Jaume Costa ', 'Spain');
INSERT INTO football.player (idplayer, position_id, name, nationality) VALUES (1973, 3, 'Leo Suarez ', 'Argentina');
INSERT INTO football.player (idplayer, position_id, name, nationality) VALUES (1974, 3, 'Sergio Lozano ', 'Argentina');
INSERT INTO football.player (idplayer, position_id, name, nationality) VALUES (1975, 2, 'Mario ', 'Argentina');
INSERT INTO football.player (idplayer, position_id, name, nationality) VALUES (1976, 3, 'Pedro Martinez ', 'Germany');
INSERT INTO football.player (idplayer, position_id, name, nationality) VALUES (1977, 2, 'Genis Montolio ', 'Italy');
INSERT INTO football.player (idplayer, position_id, name, nationality) VALUES (1978, 3, 'Manuel Morlanes ', 'Brazil');
INSERT INTO football.player (idplayer, position_id, name, nationality) VALUES (1979, 3, 'Alfred N''Diaye ', 'Italy');
INSERT INTO football.player (idplayer, position_id, name, nationality) VALUES (1980, 3, 'Pepe Castano ', 'Portugal');
INSERT INTO football.player (idplayer, position_id, name, nationality) VALUES (1981, 4, 'Dario Poveda ', 'Argentina');
INSERT INTO football.player (idplayer, position_id, name, nationality) VALUES (1982, 4, 'Raba ', 'France');
INSERT INTO football.player (idplayer, position_id, name, nationality) VALUES (1983, 3, 'Rodri ', 'Italy');
INSERT INTO football.player (idplayer, position_id, name, nationality) VALUES (1984, 4, 'Roger Martinez ', 'France');
INSERT INTO football.player (idplayer, position_id, name, nationality) VALUES (1985, 2, 'Ruben Semedo ', 'Portugal');
INSERT INTO football.player (idplayer, position_id, name, nationality) VALUES (1986, 2, 'Victor Ruiz ', 'Spain');
INSERT INTO football.player (idplayer, position_id, name, nationality) VALUES (1987, 2, 'Antonio Rukavina ', 'Portugal');
INSERT INTO football.player (idplayer, position_id, name, nationality) VALUES (1988, 3, 'Samu Castillejo ', 'Spain');
INSERT INTO football.player (idplayer, position_id, name, nationality) VALUES (1989, 4, 'Nicola Sansone ', 'France');
INSERT INTO football.player (idplayer, position_id, name, nationality) VALUES (1990, 3, 'Roberto Soriano ', 'Argentina');
INSERT INTO football.player (idplayer, position_id, name, nationality) VALUES (1991, 2, 'Pau Francisco Torres ', 'Argentina');
INSERT INTO football.player (idplayer, position_id, name, nationality) VALUES (1992, 3, 'Manu Trigueros ', 'England');
INSERT INTO football.player (idplayer, position_id, name, nationality) VALUES (1993, 2, 'Aday ', 'France');
INSERT INTO football.player (idplayer, position_id, name, nationality) VALUES (1994, 2, 'Pedro Alcala ', 'Brazil');
INSERT INTO football.player (idplayer, position_id, name, nationality) VALUES (1995, 2, 'Bernardo ', 'Brazil');
INSERT INTO football.player (idplayer, position_id, name, nationality) VALUES (1996, 1, 'Bono ', 'France');
INSERT INTO football.player (idplayer, position_id, name, nationality) VALUES (1997, 3, 'Borja ', 'France');
INSERT INTO football.player (idplayer, position_id, name, nationality) VALUES (1998, 3, 'Farid Boulaya ', 'Spain');
INSERT INTO football.player (idplayer, position_id, name, nationality) VALUES (1999, 2, 'Bambo Diaby ', 'Italy');
INSERT INTO football.player (idplayer, position_id, name, nationality) VALUES (2000, 3, 'Douglas Luiz ', 'France');
INSERT INTO football.player (idplayer, position_id, name, nationality) VALUES (2001, 3, 'Eloi ', 'Germany');
INSERT INTO football.player (idplayer, position_id, name, nationality) VALUES (2002, 3, 'Aleix Garcia ', 'Germany');
INSERT INTO football.player (idplayer, position_id, name, nationality) VALUES (2003, 3, 'Alex Granell ', 'Germany');
INSERT INTO football.player (idplayer, position_id, name, nationality) VALUES (2004, 1, 'Gorka Iraizoz ', 'Brazil');
INSERT INTO football.player (idplayer, position_id, name, nationality) VALUES (2005, 2, 'Juanpe ', 'Italy');
INSERT INTO football.player (idplayer, position_id, name, nationality) VALUES (2006, 4, 'Olarenwaju Kayode ', 'Portugal');
INSERT INTO football.player (idplayer, position_id, name, nationality) VALUES (2007, 1, 'Marcel Lizak ', 'England');
INSERT INTO football.player (idplayer, position_id, name, nationality) VALUES (2008, 4, 'Anthony Lozano ', 'Germany');
INSERT INTO football.player (idplayer, position_id, name, nationality) VALUES (2009, 2, 'Pablo Maffeo Becerra ', 'Spain');
INSERT INTO football.player (idplayer, position_id, name, nationality) VALUES (2010, 2, 'Johan Mojica ', 'Germany');
INSERT INTO football.player (idplayer, position_id, name, nationality) VALUES (2011, 4, 'Marlos Moreno ', 'Germany');
INSERT INTO football.player (idplayer, position_id, name, nationality) VALUES (2012, 2, 'Marc Muniesa ', 'Italy');
INSERT INTO football.player (idplayer, position_id, name, nationality) VALUES (2013, 4, 'Michael Olunga ', 'Argentina');
INSERT INTO football.player (idplayer, position_id, name, nationality) VALUES (2014, 3, 'Pere ', 'England');
INSERT INTO football.player (idplayer, position_id, name, nationality) VALUES (2015, 2, 'Carles Planas ', 'Argentina');
INSERT INTO football.player (idplayer, position_id, name, nationality) VALUES (2016, 2, 'Pedro Porro ', 'Argentina');
INSERT INTO football.player (idplayer, position_id, name, nationality) VALUES (2017, 4, 'Portu ', 'France');
INSERT INTO football.player (idplayer, position_id, name, nationality) VALUES (2018, 2, 'Jonas Ramalho ', 'Portugal');
INSERT INTO football.player (idplayer, position_id, name, nationality) VALUES (2019, 4, 'Kevin Soni ', 'England');
INSERT INTO football.player (idplayer, position_id, name, nationality) VALUES (2020, 4, 'Cristhian Stuani ', 'Italy');
INSERT INTO football.player (idplayer, position_id, name, nationality) VALUES (2021, 3, 'David Timor ', 'France');
INSERT INTO football.player (idplayer, position_id, name, nationality) VALUES (2022, 2, 'Maximiliano Villa ', 'Portugal');
INSERT INTO football.player (idplayer, position_id, name, nationality) VALUES (2023, 4, 'Nordin Amrabat ', 'France');
INSERT INTO football.player (idplayer, position_id, name, nationality) VALUES (2024, 3, 'Gabriel Appelt Pires ', 'Portugal');
INSERT INTO football.player (idplayer, position_id, name, nationality) VALUES (2025, 3, 'Sergio Arribas ', 'France');
INSERT INTO football.player (idplayer, position_id, name, nationality) VALUES (2026, 4, 'Claudio Beauvue ', 'Germany');
INSERT INTO football.player (idplayer, position_id, name, nationality) VALUES (2027, 3, 'Darko Brasanac ', 'England');
INSERT INTO football.player (idplayer, position_id, name, nationality) VALUES (2028, 2, 'Unai Bustinza ', 'Italy');
INSERT INTO football.player (idplayer, position_id, name, nationality) VALUES (2029, 1, 'Nereo Champagne ', 'England');
INSERT INTO football.player (idplayer, position_id, name, nationality) VALUES (2030, 1, 'Ivan Cuellar ', 'France');
INSERT INTO football.player (idplayer, position_id, name, nationality) VALUES (2031, 2, 'Mauro Dos Santos ', 'England');
INSERT INTO football.player (idplayer, position_id, name, nationality) VALUES (2032, 3, 'Nabil El Zhar ', 'Argentina');
INSERT INTO football.player (idplayer, position_id, name, nationality) VALUES (2033, 3, 'Javier Eraso ', 'Argentina');
INSERT INTO football.player (idplayer, position_id, name, nationality) VALUES (2034, 2, 'Daniel Gallardo ', 'Portugal');
INSERT INTO football.player (idplayer, position_id, name, nationality) VALUES (2035, 3, 'Gerard ', 'England');
INSERT INTO football.player (idplayer, position_id, name, nationality) VALUES (2036, 4, 'Miguel Angel Guerrero ', 'Brazil');
INSERT INTO football.player (idplayer, position_id, name, nationality) VALUES (2037, 1, 'Jon Serantes ', 'Spain');
INSERT INTO football.player (idplayer, position_id, name, nationality) VALUES (2038, 4, 'Mahamadou Kone ', 'Italy');
INSERT INTO football.player (idplayer, position_id, name, nationality) VALUES (2039, 2, 'Martin Mantovani ', 'Italy');
INSERT INTO football.player (idplayer, position_id, name, nationality) VALUES (2040, 4, 'Leonardo Miramar Rocha ', 'Spain');
INSERT INTO football.player (idplayer, position_id, name, nationality) VALUES (2041, 3, 'Erik Moran ', 'Argentina');
INSERT INTO football.player (idplayer, position_id, name, nationality) VALUES (2042, 2, 'Ezequiel Munoz ', 'Argentina');
INSERT INTO football.player (idplayer, position_id, name, nationality) VALUES (2043, 4, 'Jose Naranjo ', 'France');
INSERT INTO football.player (idplayer, position_id, name, nationality) VALUES (2044, 3, 'Omar Ramos ', 'Spain');
INSERT INTO football.player (idplayer, position_id, name, nationality) VALUES (2045, 2, 'Raul Garcia ', 'Brazil');
INSERT INTO football.player (idplayer, position_id, name, nationality) VALUES (2046, 2, 'Diego Rico ', 'England');
INSERT INTO football.player (idplayer, position_id, name, nationality) VALUES (2047, 3, 'Alejandro Rodriguez Mozo ', 'Argentina');
INSERT INTO football.player (idplayer, position_id, name, nationality) VALUES (2048, 3, 'Ruben Perez ', 'Spain');
INSERT INTO football.player (idplayer, position_id, name, nationality) VALUES (2049, 4, 'Gabriel Salazar ', 'Germany');
INSERT INTO football.player (idplayer, position_id, name, nationality) VALUES (2050, 3, 'Jaime Sierra ', 'Portugal');
INSERT INTO football.player (idplayer, position_id, name, nationality) VALUES (2051, 2, 'Dimitrios Siovas ', 'England');
INSERT INTO football.player (idplayer, position_id, name, nationality) VALUES (2052, 3, 'Alexander Szymanowski ', 'Italy');
INSERT INTO football.player (idplayer, position_id, name, nationality) VALUES (2053, 2, 'Tito ', 'Spain');
INSERT INTO football.player (idplayer, position_id, name, nationality) VALUES (2054, 4, 'William De Camargo ', 'Brazil');
INSERT INTO football.player (idplayer, position_id, name, nationality) VALUES (2055, 2, 'Zaldua ', 'Brazil');
INSERT INTO football.player (idplayer, position_id, name, nationality) VALUES (2056, 4, 'Adrian ', 'Portugal');
INSERT INTO football.player (idplayer, position_id, name, nationality) VALUES (2057, 2, 'Raul Albentosa ', 'Spain');
INSERT INTO football.player (idplayer, position_id, name, nationality) VALUES (2058, 4, 'Florin Andone ', 'Spain');
INSERT INTO football.player (idplayer, position_id, name, nationality) VALUES (2059, 2, 'Alejandro Arribas ', 'Brazil');
INSERT INTO football.player (idplayer, position_id, name, nationality) VALUES (2060, 4, 'Zakaria Bakkali ', 'Argentina');
INSERT INTO football.player (idplayer, position_id, name, nationality) VALUES (2061, 2, 'Blas Alonso ', 'England');
INSERT INTO football.player (idplayer, position_id, name, nationality) VALUES (2062, 3, 'Celso Borges ', 'England');
INSERT INTO football.player (idplayer, position_id, name, nationality) VALUES (2063, 3, 'Borja Valle ', 'Brazil');
INSERT INTO football.player (idplayer, position_id, name, nationality) VALUES (2064, 2, 'Eneko Boveda ', 'France');
INSERT INTO football.player (idplayer, position_id, name, nationality) VALUES (2065, 3, 'Carles Gil ', 'Portugal');
INSERT INTO football.player (idplayer, position_id, name, nationality) VALUES (2066, 3, 'Edu Exposito ', 'Portugal');
INSERT INTO football.player (idplayer, position_id, name, nationality) VALUES (2067, 3, 'Emre Colak ', 'Brazil');
INSERT INTO football.player (idplayer, position_id, name, nationality) VALUES (2068, 3, 'Fede Cartabia ', 'Portugal');
INSERT INTO football.player (idplayer, position_id, name, nationality) VALUES (2069, 3, 'Bruno Gama ', 'Portugal');
INSERT INTO football.player (idplayer, position_id, name, nationality) VALUES (2070, 2, 'Saul Garcia ', 'Argentina');
INSERT INTO football.player (idplayer, position_id, name, nationality) VALUES (2071, 3, 'Guilherme ', 'Germany');
INSERT INTO football.player (idplayer, position_id, name, nationality) VALUES (2072, 2, 'Juanfran ', 'Portugal');
INSERT INTO football.player (idplayer, position_id, name, nationality) VALUES (2073, 1, 'Maxim Koval ', 'France');
INSERT INTO football.player (idplayer, position_id, name, nationality) VALUES (2074, 3, 'Michael Krohn-Dehli ', 'Spain');
INSERT INTO football.player (idplayer, position_id, name, nationality) VALUES (2075, 4, 'Lucas Perez ', 'England');
INSERT INTO football.player (idplayer, position_id, name, nationality) VALUES (2076, 2, 'Luisinho ', 'France');
INSERT INTO football.player (idplayer, position_id, name, nationality) VALUES (2077, 3, 'Sulley Ali Muntari ', 'Germany');
INSERT INTO football.player (idplayer, position_id, name, nationality) VALUES (2078, 2, 'Fernando Navarro ', 'Spain');
INSERT INTO football.player (idplayer, position_id, name, nationality) VALUES (2079, 2, 'Aldo One Esteve ', 'Italy');
INSERT INTO football.player (idplayer, position_id, name, nationality) VALUES (2080, 4, 'Oscar ', 'France');
INSERT INTO football.player (idplayer, position_id, name, nationality) VALUES (2081, 1, 'Costel Pantilimon ', 'England');
INSERT INTO football.player (idplayer, position_id, name, nationality) VALUES (2082, 3, 'Pedro Mosquera ', 'Brazil');
INSERT INTO football.player (idplayer, position_id, name, nationality) VALUES (2083, 2, 'Quique Fornos ', 'Germany');
INSERT INTO football.player (idplayer, position_id, name, nationality) VALUES (2084, 1, 'Ruben ', 'Portugal');
INSERT INTO football.player (idplayer, position_id, name, nationality) VALUES (2085, 2, 'Mujaid Sadick ', 'Portugal');
INSERT INTO football.player (idplayer, position_id, name, nationality) VALUES (2086, 2, 'Fabian Schar ', 'England');
INSERT INTO football.player (idplayer, position_id, name, nationality) VALUES (2087, 2, 'Sidnei ', 'Brazil');
INSERT INTO football.player (idplayer, position_id, name, nationality) VALUES (2088, 1, 'Przemyslaw Tyton ', 'France');
INSERT INTO football.player (idplayer, position_id, name, nationality) VALUES (2089, 1, 'Francis Uzoho ', 'Italy');
INSERT INTO football.player (idplayer, position_id, name, nationality) VALUES (2090, 2, 'Gerard Valentin ', 'Argentina');
INSERT INTO football.player (idplayer, position_id, name, nationality) VALUES (2091, 3, 'Federico Valverde ', 'Argentina');
INSERT INTO football.player (idplayer, position_id, name, nationality) VALUES (2092, 2, 'Matias Aguirregaray ', 'Portugal');
INSERT INTO football.player (idplayer, position_id, name, nationality) VALUES (2093, 3, 'Alberto Aquilani ', 'Spain');
INSERT INTO football.player (idplayer, position_id, name, nationality) VALUES (2094, 4, 'Sergio Araujo ', 'Spain');
INSERT INTO football.player (idplayer, position_id, name, nationality) VALUES (2095, 2, 'Aythami ', 'France');
INSERT INTO football.player (idplayer, position_id, name, nationality) VALUES (2096, 2, 'Pedro Bigas ', 'Germany');
INSERT INTO football.player (idplayer, position_id, name, nationality) VALUES (2097, 4, 'Jonathan Calleri ', 'France');
INSERT INTO football.player (idplayer, position_id, name, nationality) VALUES (2098, 1, 'Leandro Chichizola ', 'Spain');
INSERT INTO football.player (idplayer, position_id, name, nationality) VALUES (2099, 2, 'Dani Castellano ', 'England');
INSERT INTO football.player (idplayer, position_id, name, nationality) VALUES (2100, 4, 'Erik Exposito ', 'Spain');
INSERT INTO football.player (idplayer, position_id, name, nationality) VALUES (2101, 4, 'Imoh Ezekiel ', 'Portugal');
INSERT INTO football.player (idplayer, position_id, name, nationality) VALUES (2102, 2, 'Alejandro Galvez ', 'England');
INSERT INTO football.player (idplayer, position_id, name, nationality) VALUES (2103, 2, 'David Garcia ', 'Italy');
INSERT INTO football.player (idplayer, position_id, name, nationality) VALUES (2104, 3, 'Ignacio Gil de Pareja ', 'Brazil');
INSERT INTO football.player (idplayer, position_id, name, nationality) VALUES (2105, 3, 'Fabio Gonzalez ', 'Portugal');
INSERT INTO football.player (idplayer, position_id, name, nationality) VALUES (2106, 3, 'Alen Halilovic ', 'Italy');
INSERT INTO football.player (idplayer, position_id, name, nationality) VALUES (2107, 3, 'Hernan ', 'Portugal');
INSERT INTO football.player (idplayer, position_id, name, nationality) VALUES (2108, 2, 'Borja Herrera ', 'Germany');
INSERT INTO football.player (idplayer, position_id, name, nationality) VALUES (2109, 3, 'Javi Castellano ', 'Portugal');
INSERT INTO football.player (idplayer, position_id, name, nationality) VALUES (2110, 2, 'Mauricio Lemos ', 'Spain');
INSERT INTO football.player (idplayer, position_id, name, nationality) VALUES (2111, 2, 'Michel ', 'France');
INSERT INTO football.player (idplayer, position_id, name, nationality) VALUES (2112, 3, 'Figueroa Momo ', 'Argentina');
INSERT INTO football.player (idplayer, position_id, name, nationality) VALUES (2113, 3, 'Gabriel Penalba ', 'Germany');
INSERT INTO football.player (idplayer, position_id, name, nationality) VALUES (2114, 3, 'Peter Etebo ', 'Italy');
INSERT INTO football.player (idplayer, position_id, name, nationality) VALUES (2115, 3, 'Benito Ramirez del Toro ', 'Germany');
INSERT INTO football.player (idplayer, position_id, name, nationality) VALUES (2116, 1, 'Raul ', 'Spain');
INSERT INTO football.player (idplayer, position_id, name, nationality) VALUES (2117, 4, 'Loic Remy ', 'Portugal');
INSERT INTO football.player (idplayer, position_id, name, nationality) VALUES (2118, 3, 'Sergi Samper ', 'Portugal');
INSERT INTO football.player (idplayer, position_id, name, nationality) VALUES (2119, 3, 'Jairo Samperio ', 'Portugal');
INSERT INTO football.player (idplayer, position_id, name, nationality) VALUES (2120, 2, 'David Simon ', 'Italy');
INSERT INTO football.player (idplayer, position_id, name, nationality) VALUES (2121, 3, 'Tana ', 'Italy');
INSERT INTO football.player (idplayer, position_id, name, nationality) VALUES (2122, 3, 'Oussama Tannane ', 'England');
INSERT INTO football.player (idplayer, position_id, name, nationality) VALUES (2123, 4, 'Hernan Toledo ', 'France');
INSERT INTO football.player (idplayer, position_id, name, nationality) VALUES (2124, 3, 'Vicente Gomez ', 'Portugal');
INSERT INTO football.player (idplayer, position_id, name, nationality) VALUES (2125, 3, 'Jonathan Viera ', 'Argentina');
INSERT INTO football.player (idplayer, position_id, name, nationality) VALUES (2126, 3, 'Vitolo ', 'Germany');
INSERT INTO football.player (idplayer, position_id, name, nationality) VALUES (2127, 2, 'Ximo Navarro ', 'Spain');
INSERT INTO football.player (idplayer, position_id, name, nationality) VALUES (2128, 2, 'Alberto Lopez ', 'Portugal');
INSERT INTO football.player (idplayer, position_id, name, nationality) VALUES (2129, 3, 'Alex Mula ', 'Brazil');
INSERT INTO football.player (idplayer, position_id, name, nationality) VALUES (2130, 1, 'Andres ', 'Italy');
INSERT INTO football.player (idplayer, position_id, name, nationality) VALUES (2131, 3, 'Juan Pablo Anor ', 'England');
INSERT INTO football.player (idplayer, position_id, name, nationality) VALUES (2132, 2, 'Paul Baysse ', 'Italy');
INSERT INTO football.player (idplayer, position_id, name, nationality) VALUES (2133, 4, 'Borja Baston ', 'Portugal');
INSERT INTO football.player (idplayer, position_id, name, nationality) VALUES (2134, 4, 'Ideye Brown ', 'Germany');
INSERT INTO football.player (idplayer, position_id, name, nationality) VALUES (2135, 3, 'Alberto Bueno ', 'Spain');
INSERT INTO football.player (idplayer, position_id, name, nationality) VALUES (2136, 3, 'Gonzalo Castro ', 'Portugal');
INSERT INTO football.player (idplayer, position_id, name, nationality) VALUES (2137, 3, 'Emanuel Cecchini ', 'Argentina');
INSERT INTO football.player (idplayer, position_id, name, nationality) VALUES (2138, 2, 'Cifuentes ', 'England');
INSERT INTO football.player (idplayer, position_id, name, nationality) VALUES (2139, 3, 'Juan Cruz ', 'Italy');
INSERT INTO football.player (idplayer, position_id, name, nationality) VALUES (2140, 2, 'Diego Gonzalez ', 'Italy');
INSERT INTO football.player (idplayer, position_id, name, nationality) VALUES (2141, 4, 'Youssef En-Nesyri ', 'France');
INSERT INTO football.player (idplayer, position_id, name, nationality) VALUES (2142, 1, 'Cenk Gonen ', 'Italy');
INSERT INTO football.player (idplayer, position_id, name, nationality) VALUES (2143, 3, 'Adrian Gonzalez ', 'Brazil');
INSERT INTO football.player (idplayer, position_id, name, nationality) VALUES (2144, 2, 'Luis Hernandez ', 'England');
INSERT INTO football.player (idplayer, position_id, name, nationality) VALUES (2145, 4, 'Isaac Success ', 'Portugal');
INSERT INTO football.player (idplayer, position_id, name, nationality) VALUES (2146, 3, 'Manuel Iturra ', 'Brazil');
INSERT INTO football.player (idplayer, position_id, name, nationality) VALUES (2147, 2, 'Ivan Rodriguez ', 'England');
INSERT INTO football.player (idplayer, position_id, name, nationality) VALUES (2148, 4, 'Jony ', 'Spain');
INSERT INTO football.player (idplayer, position_id, name, nationality) VALUES (2149, 3, 'Jose Carlos ', 'England');
INSERT INTO football.player (idplayer, position_id, name, nationality) VALUES (2150, 2, 'Juan Carlos ', 'England');
INSERT INTO football.player (idplayer, position_id, name, nationality) VALUES (2151, 3, 'Keko ', 'Argentina');
INSERT INTO football.player (idplayer, position_id, name, nationality) VALUES (2152, 3, 'Zdravko Kuzmanovic ', 'Germany');
INSERT INTO football.player (idplayer, position_id, name, nationality) VALUES (2153, 3, 'Mehdi Lacen ', 'Argentina');
INSERT INTO football.player (idplayer, position_id, name, nationality) VALUES (2154, 3, 'Maxime Lestienne ', 'Portugal');
INSERT INTO football.player (idplayer, position_id, name, nationality) VALUES (2155, 2, 'Ignasi Miquel ', 'Germany');
INSERT INTO football.player (idplayer, position_id, name, nationality) VALUES (2156, 3, 'Javier Ontiveros Parra ', 'England');
INSERT INTO football.player (idplayer, position_id, name, nationality) VALUES (2157, 4, 'Adalberto Penaranda ', 'Argentina');
INSERT INTO football.player (idplayer, position_id, name, nationality) VALUES (2158, 2, 'Ian Pino ', 'Spain');
INSERT INTO football.player (idplayer, position_id, name, nationality) VALUES (2159, 3, 'Recio ', 'Germany');
INSERT INTO football.player (idplayer, position_id, name, nationality) VALUES (2160, 2, 'Federico Ricca ', 'Portugal');
INSERT INTO football.player (idplayer, position_id, name, nationality) VALUES (2161, 1, 'Roberto ', 'Brazil');
INSERT INTO football.player (idplayer, position_id, name, nationality) VALUES (2162, 2, 'Alejandro Robles ', 'Germany');
INSERT INTO football.player (idplayer, position_id, name, nationality) VALUES (2163, 4, 'Diego Rolan ', 'Germany');
INSERT INTO football.player (idplayer, position_id, name, nationality) VALUES (2164, 3, 'Esteban Rolon ', 'England');
INSERT INTO football.player (idplayer, position_id, name, nationality) VALUES (2165, 2, 'Roberto Rosales ', 'Argentina');
INSERT INTO football.player (idplayer, position_id, name, nationality) VALUES (2166, 3, 'Samuel ', 'Portugal');
INSERT INTO football.player (idplayer, position_id, name, nationality) VALUES (2167, 2, 'Miguel Torres ', 'France');

create table club
(
    idclub     int auto_increment
        primary key,
    league_id  int                    not null,
    stadium_id int                    not null,
    captain_id int                    not null,
    name       varchar(45)            not null,
    founded    int                    not null,
    manager    varchar(45)            not null,
    city       varchar(45)            not null,
    points     int                    not null,
    constraint club_has_captain
        foreign key (captain_id) references player (idplayer),
    constraint club_has_league
        foreign key (league_id) references league (idleague),
    constraint club_has_stadium
        foreign key (stadium_id) references stadium (idstadium)
)
    charset = utf8;

INSERT INTO football.club (idclub, league_id, stadium_id, captain_id, name, founded, manager, city, points) VALUES (1, 1, 1, 6, 'Arsenal', 1886, 'Mikel Arteta', 'London', 3);
INSERT INTO football.club (idclub, league_id, stadium_id, captain_id, name, founded, manager, city, points) VALUES (2, 1, 2, 15, 'Aston Villa', 1874, 'Dean Smith', 'Birmingham', 9);
INSERT INTO football.club (idclub, league_id, stadium_id, captain_id, name, founded, manager, city, points) VALUES (3, 1, 3, 27, 'Bournemouth', 1899, 'Eddie Howe', 'Bournemouth', 0);
INSERT INTO football.club (idclub, league_id, stadium_id, captain_id, name, founded, manager, city, points) VALUES (4, 1, 4, 36, 'Brighton & Hove Albions', 1901, 'Graham Potter', 'Brighton', 0);
INSERT INTO football.club (idclub, league_id, stadium_id, captain_id, name, founded, manager, city, points) VALUES (5, 1, 5, 47, 'Burnley', 1882, 'Sean Dyche', 'Burnley', 0);
INSERT INTO football.club (idclub, league_id, stadium_id, captain_id, name, founded, manager, city, points) VALUES (6, 1, 6, 57, 'Chelsea', 1905, 'Frank Lampard', 'London', 0);
INSERT INTO football.club (idclub, league_id, stadium_id, captain_id, name, founded, manager, city, points) VALUES (7, 1, 7, 72, 'Crystal Palace', 1905, 'Roy Hodgson', 'London', 0);
INSERT INTO football.club (idclub, league_id, stadium_id, captain_id, name, founded, manager, city, points) VALUES (8, 1, 8, 81, 'Everton', 1878, 'Carlo Ancelotti', 'Liverpool', 0);
INSERT INTO football.club (idclub, league_id, stadium_id, captain_id, name, founded, manager, city, points) VALUES (9, 1, 9, 91, 'Leicester City', 1884, 'Brendan Rodgers', 'Leicester', 0);
INSERT INTO football.club (idclub, league_id, stadium_id, captain_id, name, founded, manager, city, points) VALUES (10, 1, 10, 107, 'Liverpool', 1892, 'Jürgen Klopp', 'Liverpool', 0);
INSERT INTO football.club (idclub, league_id, stadium_id, captain_id, name, founded, manager, city, points) VALUES (11, 1, 11, 119, 'Manchester City', 1892, 'Pep Guardiola', 'Manchester', 0);
INSERT INTO football.club (idclub, league_id, stadium_id, captain_id, name, founded, manager, city, points) VALUES (12, 1, 12, 130, 'Manchester United', 1902, 'Ole Gunnar Solskjær', 'Old Trafford', 0);
INSERT INTO football.club (idclub, league_id, stadium_id, captain_id, name, founded, manager, city, points) VALUES (13, 1, 13, 135, 'Newcastle United', 1882, 'Steve Bruce', 'Newcastle upon Tyne', 0);
INSERT INTO football.club (idclub, league_id, stadium_id, captain_id, name, founded, manager, city, points) VALUES (14, 1, 14, 145, 'Norwich City', 1863, 'Daniel Farke', 'Norwich', 0);
INSERT INTO football.club (idclub, league_id, stadium_id, captain_id, name, founded, manager, city, points) VALUES (15, 1, 15, 164, 'Sheffield United', 1879, 'Chris Wilder', 'Sheffield', 0);
INSERT INTO football.club (idclub, league_id, stadium_id, captain_id, name, founded, manager, city, points) VALUES (16, 1, 16, 173, 'Southampton', 1912, 'Ralph Hasenhüttl', 'Southampton', 0);
INSERT INTO football.club (idclub, league_id, stadium_id, captain_id, name, founded, manager, city, points) VALUES (17, 1, 17, 177, 'Tottenham Hotspur', 1882, 'José Mourinho', 'London', 0);
INSERT INTO football.club (idclub, league_id, stadium_id, captain_id, name, founded, manager, city, points) VALUES (18, 1, 18, 198, 'Watford', 1878, 'Hayden Mullins', 'Watford', 0);
INSERT INTO football.club (idclub, league_id, stadium_id, captain_id, name, founded, manager, city, points) VALUES (19, 1, 19, 204, 'West Ham United', 1932, 'David Moyes', 'London', 0);
INSERT INTO football.club (idclub, league_id, stadium_id, captain_id, name, founded, manager, city, points) VALUES (20, 1, 20, 213, 'Wolverhampton Wanderers', 1877, 'Nuno Espírito Santo', 'Wolverhampton', 0);
INSERT INTO football.club (idclub, league_id, stadium_id, captain_id, name, founded, manager, city, points) VALUES (21, 2, 39, 1560, 'Athletic Bilbao', 1898, 'José Ángel Ziganda', 'Bilbao', 0);
INSERT INTO football.club (idclub, league_id, stadium_id, captain_id, name, founded, manager, city, points) VALUES (22, 2, 40, 1600, 'Atlético Madrid', 1903, 'Diego Simeone', 'Madrid', 0);
INSERT INTO football.club (idclub, league_id, stadium_id, captain_id, name, founded, manager, city, points) VALUES (23, 2, 41, 1643, 'Barcelona', 1899, 'Ernesto Valverde', 'Barcelona', 0);
INSERT INTO football.club (idclub, league_id, stadium_id, captain_id, name, founded, manager, city, points) VALUES (24, 2, 52, 1813, 'Real Betis', 1907, 'Quique Setién', 'Seville', 0);
INSERT INTO football.club (idclub, league_id, stadium_id, captain_id, name, founded, manager, city, points) VALUES (25, 2, 45, 1579, 'Espanyol', 1900, 'David Gallego', 'Cornellà de Llobregat', 0);
INSERT INTO football.club (idclub, league_id, stadium_id, captain_id, name, founded, manager, city, points) VALUES (26, 2, 46, 1747, 'Getafe', 1983, 'José Bordalás', 'Madrid', 0);
INSERT INTO football.club (idclub, league_id, stadium_id, captain_id, name, founded, manager, city, points) VALUES (28, 2, 50, 1779, 'Levante', 1909, 'Asier Garitano', 'Valencia', 0);
INSERT INTO football.club (idclub, league_id, stadium_id, captain_id, name, founded, manager, city, points) VALUES (30, 2, 51, 2159, 'Málaga', 1948, 'José González', 'Málaga', 0);
INSERT INTO football.club (idclub, league_id, stadium_id, captain_id, name, founded, manager, city, points) VALUES (34, 2, 53, 1855, 'Real Madrid', 1902, 'Zinedine Zidane', 'Madrid', 0);
INSERT INTO football.club (idclub, league_id, stadium_id, captain_id, name, founded, manager, city, points) VALUES (35, 2, 54, 1, 'Real Sociedad', 1909, 'Imanol Alguacil', 'San Sebastián', 0);
INSERT INTO football.club (idclub, league_id, stadium_id, captain_id, name, founded, manager, city, points) VALUES (36, 2, 55, 1886, 'Sevilla', 1905, 'Joaquín Caparrós', 'Seville', 0);
INSERT INTO football.club (idclub, league_id, stadium_id, captain_id, name, founded, manager, city, points) VALUES (38, 2, 56, 1943, 'Valencia', 1919, 'Marcelino', 'Valencia', 0);
INSERT INTO football.club (idclub, league_id, stadium_id, captain_id, name, founded, manager, city, points) VALUES (39, 2, 57, 1739, 'Villarreal', 1923, 'Javier Calleja', 'Villarreal', 0);
INSERT INTO football.club (idclub, league_id, stadium_id, captain_id, name, founded, manager, city, points) VALUES (43, 2, 38, 1518, 'Alavés', 1921, 'Abelardo Fernández', 'Vitoria-Gasteiz', 0);
INSERT INTO football.club (idclub, league_id, stadium_id, captain_id, name, founded, manager, city, points) VALUES (44, 2, 42, 1675, 'Celta Vigo', 1923, 'Juan Carlos Unzué', 'Vigo', 0);
INSERT INTO football.club (idclub, league_id, stadium_id, captain_id, name, founded, manager, city, points) VALUES (45, 2, 43, 2082, 'Deportivo La Coruña', 1906, 'Clarence Seedorf', 'A Coruña', 0);
INSERT INTO football.club (idclub, league_id, stadium_id, captain_id, name, founded, manager, city, points) VALUES (46, 2, 44, 1699, 'Eibar', 1940, 'José Luis Mendilibar', 'Eibar', 0);
INSERT INTO football.club (idclub, league_id, stadium_id, captain_id, name, founded, manager, city, points) VALUES (47, 2, 47, 2001, 'Girona', 1930, 'Pablo Machín', 'Girona', 0);
INSERT INTO football.club (idclub, league_id, stadium_id, captain_id, name, founded, manager, city, points) VALUES (48, 2, 48, 2103, 'Las Palmas	', 1949, 'Paco Jémez', 'Las Palmas', 0);
INSERT INTO football.club (idclub, league_id, stadium_id, captain_id, name, founded, manager, city, points) VALUES (49, 2, 49, 2039, 'Leganés', 1928, 'Asier Garitano	', 'Leganés', 0);

create table squad
(
    idsquad   int auto_increment
        primary key,
    player_id int not null,
    club_id   int not null,
    season_id int not null,
    constraint squad_has_club
        foreign key (club_id) references club (idclub),
    constraint squad_has_player
        foreign key (player_id) references player (idplayer),
    constraint squad_has_season
        foreign key (season_id) references season (idseason)
)
    charset = utf8;

INSERT INTO football.squad (idsquad, player_id, club_id, season_id) VALUES (1, 1, 1, 1);
INSERT INTO football.squad (idsquad, player_id, club_id, season_id) VALUES (2, 2, 1, 1);
INSERT INTO football.squad (idsquad, player_id, club_id, season_id) VALUES (3, 3, 1, 1);
INSERT INTO football.squad (idsquad, player_id, club_id, season_id) VALUES (4, 4, 1, 1);
INSERT INTO football.squad (idsquad, player_id, club_id, season_id) VALUES (5, 5, 1, 1);
INSERT INTO football.squad (idsquad, player_id, club_id, season_id) VALUES (6, 6, 1, 1);
INSERT INTO football.squad (idsquad, player_id, club_id, season_id) VALUES (7, 7, 1, 1);
INSERT INTO football.squad (idsquad, player_id, club_id, season_id) VALUES (8, 8, 1, 1);
INSERT INTO football.squad (idsquad, player_id, club_id, season_id) VALUES (9, 9, 1, 1);
INSERT INTO football.squad (idsquad, player_id, club_id, season_id) VALUES (10, 10, 1, 1);
INSERT INTO football.squad (idsquad, player_id, club_id, season_id) VALUES (11, 11, 1, 1);
INSERT INTO football.squad (idsquad, player_id, club_id, season_id) VALUES (12, 12, 2, 1);
INSERT INTO football.squad (idsquad, player_id, club_id, season_id) VALUES (13, 13, 2, 1);
INSERT INTO football.squad (idsquad, player_id, club_id, season_id) VALUES (14, 14, 2, 1);
INSERT INTO football.squad (idsquad, player_id, club_id, season_id) VALUES (15, 15, 2, 1);
INSERT INTO football.squad (idsquad, player_id, club_id, season_id) VALUES (16, 16, 2, 1);
INSERT INTO football.squad (idsquad, player_id, club_id, season_id) VALUES (17, 17, 2, 1);
INSERT INTO football.squad (idsquad, player_id, club_id, season_id) VALUES (18, 18, 2, 1);
INSERT INTO football.squad (idsquad, player_id, club_id, season_id) VALUES (19, 19, 2, 1);
INSERT INTO football.squad (idsquad, player_id, club_id, season_id) VALUES (20, 20, 2, 1);
INSERT INTO football.squad (idsquad, player_id, club_id, season_id) VALUES (21, 21, 2, 1);
INSERT INTO football.squad (idsquad, player_id, club_id, season_id) VALUES (22, 22, 2, 1);
INSERT INTO football.squad (idsquad, player_id, club_id, season_id) VALUES (23, 23, 3, 1);
INSERT INTO football.squad (idsquad, player_id, club_id, season_id) VALUES (24, 24, 3, 1);
INSERT INTO football.squad (idsquad, player_id, club_id, season_id) VALUES (25, 25, 3, 1);
INSERT INTO football.squad (idsquad, player_id, club_id, season_id) VALUES (26, 26, 3, 1);
INSERT INTO football.squad (idsquad, player_id, club_id, season_id) VALUES (27, 27, 3, 1);
INSERT INTO football.squad (idsquad, player_id, club_id, season_id) VALUES (28, 28, 3, 1);
INSERT INTO football.squad (idsquad, player_id, club_id, season_id) VALUES (29, 29, 3, 1);
INSERT INTO football.squad (idsquad, player_id, club_id, season_id) VALUES (30, 30, 3, 1);
INSERT INTO football.squad (idsquad, player_id, club_id, season_id) VALUES (31, 31, 3, 1);
INSERT INTO football.squad (idsquad, player_id, club_id, season_id) VALUES (32, 32, 3, 1);
INSERT INTO football.squad (idsquad, player_id, club_id, season_id) VALUES (33, 33, 3, 1);
INSERT INTO football.squad (idsquad, player_id, club_id, season_id) VALUES (34, 34, 4, 1);
INSERT INTO football.squad (idsquad, player_id, club_id, season_id) VALUES (35, 35, 4, 1);
INSERT INTO football.squad (idsquad, player_id, club_id, season_id) VALUES (36, 36, 4, 1);
INSERT INTO football.squad (idsquad, player_id, club_id, season_id) VALUES (37, 37, 4, 1);
INSERT INTO football.squad (idsquad, player_id, club_id, season_id) VALUES (38, 38, 4, 1);
INSERT INTO football.squad (idsquad, player_id, club_id, season_id) VALUES (39, 39, 4, 1);
INSERT INTO football.squad (idsquad, player_id, club_id, season_id) VALUES (40, 40, 4, 1);
INSERT INTO football.squad (idsquad, player_id, club_id, season_id) VALUES (41, 41, 4, 1);
INSERT INTO football.squad (idsquad, player_id, club_id, season_id) VALUES (42, 42, 4, 1);
INSERT INTO football.squad (idsquad, player_id, club_id, season_id) VALUES (43, 43, 4, 1);
INSERT INTO football.squad (idsquad, player_id, club_id, season_id) VALUES (44, 44, 4, 1);
INSERT INTO football.squad (idsquad, player_id, club_id, season_id) VALUES (45, 45, 5, 1);
INSERT INTO football.squad (idsquad, player_id, club_id, season_id) VALUES (46, 46, 5, 1);
INSERT INTO football.squad (idsquad, player_id, club_id, season_id) VALUES (47, 47, 5, 1);
INSERT INTO football.squad (idsquad, player_id, club_id, season_id) VALUES (48, 48, 5, 1);
INSERT INTO football.squad (idsquad, player_id, club_id, season_id) VALUES (49, 49, 5, 1);
INSERT INTO football.squad (idsquad, player_id, club_id, season_id) VALUES (50, 50, 5, 1);
INSERT INTO football.squad (idsquad, player_id, club_id, season_id) VALUES (51, 51, 5, 1);
INSERT INTO football.squad (idsquad, player_id, club_id, season_id) VALUES (52, 52, 5, 1);
INSERT INTO football.squad (idsquad, player_id, club_id, season_id) VALUES (53, 53, 5, 1);
INSERT INTO football.squad (idsquad, player_id, club_id, season_id) VALUES (54, 54, 5, 1);
INSERT INTO football.squad (idsquad, player_id, club_id, season_id) VALUES (55, 55, 5, 1);
INSERT INTO football.squad (idsquad, player_id, club_id, season_id) VALUES (56, 56, 6, 1);
INSERT INTO football.squad (idsquad, player_id, club_id, season_id) VALUES (57, 57, 6, 1);
INSERT INTO football.squad (idsquad, player_id, club_id, season_id) VALUES (58, 58, 6, 1);
INSERT INTO football.squad (idsquad, player_id, club_id, season_id) VALUES (59, 59, 6, 1);
INSERT INTO football.squad (idsquad, player_id, club_id, season_id) VALUES (60, 60, 6, 1);
INSERT INTO football.squad (idsquad, player_id, club_id, season_id) VALUES (61, 61, 6, 1);
INSERT INTO football.squad (idsquad, player_id, club_id, season_id) VALUES (62, 62, 6, 1);
INSERT INTO football.squad (idsquad, player_id, club_id, season_id) VALUES (63, 63, 6, 1);
INSERT INTO football.squad (idsquad, player_id, club_id, season_id) VALUES (64, 64, 6, 1);
INSERT INTO football.squad (idsquad, player_id, club_id, season_id) VALUES (65, 65, 6, 1);
INSERT INTO football.squad (idsquad, player_id, club_id, season_id) VALUES (66, 66, 6, 1);
INSERT INTO football.squad (idsquad, player_id, club_id, season_id) VALUES (67, 67, 7, 1);
INSERT INTO football.squad (idsquad, player_id, club_id, season_id) VALUES (68, 68, 7, 1);
INSERT INTO football.squad (idsquad, player_id, club_id, season_id) VALUES (69, 69, 7, 1);
INSERT INTO football.squad (idsquad, player_id, club_id, season_id) VALUES (70, 70, 7, 1);
INSERT INTO football.squad (idsquad, player_id, club_id, season_id) VALUES (71, 71, 7, 1);
INSERT INTO football.squad (idsquad, player_id, club_id, season_id) VALUES (72, 72, 7, 1);
INSERT INTO football.squad (idsquad, player_id, club_id, season_id) VALUES (73, 73, 7, 1);
INSERT INTO football.squad (idsquad, player_id, club_id, season_id) VALUES (74, 74, 7, 1);
INSERT INTO football.squad (idsquad, player_id, club_id, season_id) VALUES (75, 75, 7, 1);
INSERT INTO football.squad (idsquad, player_id, club_id, season_id) VALUES (76, 76, 7, 1);
INSERT INTO football.squad (idsquad, player_id, club_id, season_id) VALUES (77, 77, 7, 1);
INSERT INTO football.squad (idsquad, player_id, club_id, season_id) VALUES (78, 78, 8, 1);
INSERT INTO football.squad (idsquad, player_id, club_id, season_id) VALUES (79, 79, 8, 1);
INSERT INTO football.squad (idsquad, player_id, club_id, season_id) VALUES (80, 80, 8, 1);
INSERT INTO football.squad (idsquad, player_id, club_id, season_id) VALUES (81, 81, 8, 1);
INSERT INTO football.squad (idsquad, player_id, club_id, season_id) VALUES (82, 82, 8, 1);
INSERT INTO football.squad (idsquad, player_id, club_id, season_id) VALUES (83, 83, 8, 1);
INSERT INTO football.squad (idsquad, player_id, club_id, season_id) VALUES (84, 84, 8, 1);
INSERT INTO football.squad (idsquad, player_id, club_id, season_id) VALUES (85, 85, 8, 1);
INSERT INTO football.squad (idsquad, player_id, club_id, season_id) VALUES (86, 86, 8, 1);
INSERT INTO football.squad (idsquad, player_id, club_id, season_id) VALUES (87, 87, 8, 1);
INSERT INTO football.squad (idsquad, player_id, club_id, season_id) VALUES (88, 88, 8, 1);
INSERT INTO football.squad (idsquad, player_id, club_id, season_id) VALUES (89, 89, 9, 1);
INSERT INTO football.squad (idsquad, player_id, club_id, season_id) VALUES (90, 90, 9, 1);
INSERT INTO football.squad (idsquad, player_id, club_id, season_id) VALUES (91, 91, 9, 1);
INSERT INTO football.squad (idsquad, player_id, club_id, season_id) VALUES (92, 92, 9, 1);
INSERT INTO football.squad (idsquad, player_id, club_id, season_id) VALUES (93, 93, 9, 1);
INSERT INTO football.squad (idsquad, player_id, club_id, season_id) VALUES (94, 94, 9, 1);
INSERT INTO football.squad (idsquad, player_id, club_id, season_id) VALUES (95, 95, 9, 1);
INSERT INTO football.squad (idsquad, player_id, club_id, season_id) VALUES (96, 96, 9, 1);
INSERT INTO football.squad (idsquad, player_id, club_id, season_id) VALUES (97, 97, 9, 1);
INSERT INTO football.squad (idsquad, player_id, club_id, season_id) VALUES (98, 98, 9, 1);
INSERT INTO football.squad (idsquad, player_id, club_id, season_id) VALUES (99, 99, 9, 1);
INSERT INTO football.squad (idsquad, player_id, club_id, season_id) VALUES (100, 100, 10, 1);
INSERT INTO football.squad (idsquad, player_id, club_id, season_id) VALUES (101, 101, 10, 1);
INSERT INTO football.squad (idsquad, player_id, club_id, season_id) VALUES (102, 102, 10, 1);
INSERT INTO football.squad (idsquad, player_id, club_id, season_id) VALUES (103, 103, 10, 1);
INSERT INTO football.squad (idsquad, player_id, club_id, season_id) VALUES (104, 104, 10, 1);
INSERT INTO football.squad (idsquad, player_id, club_id, season_id) VALUES (105, 105, 10, 1);
INSERT INTO football.squad (idsquad, player_id, club_id, season_id) VALUES (106, 106, 10, 1);
INSERT INTO football.squad (idsquad, player_id, club_id, season_id) VALUES (107, 107, 10, 1);
INSERT INTO football.squad (idsquad, player_id, club_id, season_id) VALUES (108, 108, 10, 1);
INSERT INTO football.squad (idsquad, player_id, club_id, season_id) VALUES (109, 109, 10, 1);
INSERT INTO football.squad (idsquad, player_id, club_id, season_id) VALUES (110, 110, 10, 1);
INSERT INTO football.squad (idsquad, player_id, club_id, season_id) VALUES (111, 111, 11, 1);
INSERT INTO football.squad (idsquad, player_id, club_id, season_id) VALUES (112, 112, 11, 1);
INSERT INTO football.squad (idsquad, player_id, club_id, season_id) VALUES (113, 113, 11, 1);
INSERT INTO football.squad (idsquad, player_id, club_id, season_id) VALUES (114, 114, 11, 1);
INSERT INTO football.squad (idsquad, player_id, club_id, season_id) VALUES (115, 115, 11, 1);
INSERT INTO football.squad (idsquad, player_id, club_id, season_id) VALUES (116, 116, 11, 1);
INSERT INTO football.squad (idsquad, player_id, club_id, season_id) VALUES (117, 117, 11, 1);
INSERT INTO football.squad (idsquad, player_id, club_id, season_id) VALUES (118, 118, 11, 1);
INSERT INTO football.squad (idsquad, player_id, club_id, season_id) VALUES (119, 119, 11, 1);
INSERT INTO football.squad (idsquad, player_id, club_id, season_id) VALUES (120, 120, 11, 1);
INSERT INTO football.squad (idsquad, player_id, club_id, season_id) VALUES (121, 121, 11, 1);
INSERT INTO football.squad (idsquad, player_id, club_id, season_id) VALUES (122, 122, 12, 1);
INSERT INTO football.squad (idsquad, player_id, club_id, season_id) VALUES (123, 123, 12, 1);
INSERT INTO football.squad (idsquad, player_id, club_id, season_id) VALUES (124, 124, 12, 1);
INSERT INTO football.squad (idsquad, player_id, club_id, season_id) VALUES (125, 125, 12, 1);
INSERT INTO football.squad (idsquad, player_id, club_id, season_id) VALUES (126, 126, 12, 1);
INSERT INTO football.squad (idsquad, player_id, club_id, season_id) VALUES (127, 127, 12, 1);
INSERT INTO football.squad (idsquad, player_id, club_id, season_id) VALUES (128, 128, 12, 1);
INSERT INTO football.squad (idsquad, player_id, club_id, season_id) VALUES (129, 129, 12, 1);
INSERT INTO football.squad (idsquad, player_id, club_id, season_id) VALUES (130, 130, 12, 1);
INSERT INTO football.squad (idsquad, player_id, club_id, season_id) VALUES (131, 131, 12, 1);
INSERT INTO football.squad (idsquad, player_id, club_id, season_id) VALUES (132, 132, 12, 1);
INSERT INTO football.squad (idsquad, player_id, club_id, season_id) VALUES (133, 133, 13, 1);
INSERT INTO football.squad (idsquad, player_id, club_id, season_id) VALUES (134, 134, 13, 1);
INSERT INTO football.squad (idsquad, player_id, club_id, season_id) VALUES (135, 135, 13, 1);
INSERT INTO football.squad (idsquad, player_id, club_id, season_id) VALUES (136, 136, 13, 1);
INSERT INTO football.squad (idsquad, player_id, club_id, season_id) VALUES (137, 137, 13, 1);
INSERT INTO football.squad (idsquad, player_id, club_id, season_id) VALUES (138, 138, 13, 1);
INSERT INTO football.squad (idsquad, player_id, club_id, season_id) VALUES (139, 139, 13, 1);
INSERT INTO football.squad (idsquad, player_id, club_id, season_id) VALUES (140, 140, 13, 1);
INSERT INTO football.squad (idsquad, player_id, club_id, season_id) VALUES (141, 141, 13, 1);
INSERT INTO football.squad (idsquad, player_id, club_id, season_id) VALUES (142, 142, 13, 1);
INSERT INTO football.squad (idsquad, player_id, club_id, season_id) VALUES (143, 143, 13, 1);
INSERT INTO football.squad (idsquad, player_id, club_id, season_id) VALUES (144, 144, 14, 1);
INSERT INTO football.squad (idsquad, player_id, club_id, season_id) VALUES (145, 145, 14, 1);
INSERT INTO football.squad (idsquad, player_id, club_id, season_id) VALUES (146, 146, 14, 1);
INSERT INTO football.squad (idsquad, player_id, club_id, season_id) VALUES (147, 147, 14, 1);
INSERT INTO football.squad (idsquad, player_id, club_id, season_id) VALUES (148, 148, 14, 1);
INSERT INTO football.squad (idsquad, player_id, club_id, season_id) VALUES (149, 149, 14, 1);
INSERT INTO football.squad (idsquad, player_id, club_id, season_id) VALUES (150, 150, 14, 1);
INSERT INTO football.squad (idsquad, player_id, club_id, season_id) VALUES (151, 151, 14, 1);
INSERT INTO football.squad (idsquad, player_id, club_id, season_id) VALUES (152, 152, 14, 1);
INSERT INTO football.squad (idsquad, player_id, club_id, season_id) VALUES (153, 153, 14, 1);
INSERT INTO football.squad (idsquad, player_id, club_id, season_id) VALUES (154, 154, 14, 1);
INSERT INTO football.squad (idsquad, player_id, club_id, season_id) VALUES (155, 155, 15, 1);
INSERT INTO football.squad (idsquad, player_id, club_id, season_id) VALUES (156, 156, 15, 1);
INSERT INTO football.squad (idsquad, player_id, club_id, season_id) VALUES (157, 157, 15, 1);
INSERT INTO football.squad (idsquad, player_id, club_id, season_id) VALUES (158, 158, 15, 1);
INSERT INTO football.squad (idsquad, player_id, club_id, season_id) VALUES (159, 159, 15, 1);
INSERT INTO football.squad (idsquad, player_id, club_id, season_id) VALUES (160, 160, 15, 1);
INSERT INTO football.squad (idsquad, player_id, club_id, season_id) VALUES (161, 161, 15, 1);
INSERT INTO football.squad (idsquad, player_id, club_id, season_id) VALUES (162, 162, 15, 1);
INSERT INTO football.squad (idsquad, player_id, club_id, season_id) VALUES (163, 163, 15, 1);
INSERT INTO football.squad (idsquad, player_id, club_id, season_id) VALUES (164, 164, 15, 1);
INSERT INTO football.squad (idsquad, player_id, club_id, season_id) VALUES (165, 165, 15, 1);
INSERT INTO football.squad (idsquad, player_id, club_id, season_id) VALUES (166, 166, 16, 1);
INSERT INTO football.squad (idsquad, player_id, club_id, season_id) VALUES (167, 167, 16, 1);
INSERT INTO football.squad (idsquad, player_id, club_id, season_id) VALUES (168, 168, 16, 1);
INSERT INTO football.squad (idsquad, player_id, club_id, season_id) VALUES (169, 169, 16, 1);
INSERT INTO football.squad (idsquad, player_id, club_id, season_id) VALUES (170, 170, 16, 1);
INSERT INTO football.squad (idsquad, player_id, club_id, season_id) VALUES (171, 171, 16, 1);
INSERT INTO football.squad (idsquad, player_id, club_id, season_id) VALUES (172, 172, 16, 1);
INSERT INTO football.squad (idsquad, player_id, club_id, season_id) VALUES (173, 173, 16, 1);
INSERT INTO football.squad (idsquad, player_id, club_id, season_id) VALUES (174, 174, 16, 1);
INSERT INTO football.squad (idsquad, player_id, club_id, season_id) VALUES (175, 175, 16, 1);
INSERT INTO football.squad (idsquad, player_id, club_id, season_id) VALUES (176, 176, 16, 1);
INSERT INTO football.squad (idsquad, player_id, club_id, season_id) VALUES (177, 177, 17, 1);
INSERT INTO football.squad (idsquad, player_id, club_id, season_id) VALUES (178, 178, 17, 1);
INSERT INTO football.squad (idsquad, player_id, club_id, season_id) VALUES (179, 179, 17, 1);
INSERT INTO football.squad (idsquad, player_id, club_id, season_id) VALUES (180, 180, 17, 1);
INSERT INTO football.squad (idsquad, player_id, club_id, season_id) VALUES (181, 181, 17, 1);
INSERT INTO football.squad (idsquad, player_id, club_id, season_id) VALUES (182, 182, 17, 1);
INSERT INTO football.squad (idsquad, player_id, club_id, season_id) VALUES (183, 183, 17, 1);
INSERT INTO football.squad (idsquad, player_id, club_id, season_id) VALUES (184, 184, 17, 1);
INSERT INTO football.squad (idsquad, player_id, club_id, season_id) VALUES (185, 185, 17, 1);
INSERT INTO football.squad (idsquad, player_id, club_id, season_id) VALUES (186, 186, 17, 1);
INSERT INTO football.squad (idsquad, player_id, club_id, season_id) VALUES (187, 187, 17, 1);
INSERT INTO football.squad (idsquad, player_id, club_id, season_id) VALUES (188, 188, 18, 1);
INSERT INTO football.squad (idsquad, player_id, club_id, season_id) VALUES (189, 189, 18, 1);
INSERT INTO football.squad (idsquad, player_id, club_id, season_id) VALUES (190, 190, 18, 1);
INSERT INTO football.squad (idsquad, player_id, club_id, season_id) VALUES (191, 191, 18, 1);
INSERT INTO football.squad (idsquad, player_id, club_id, season_id) VALUES (192, 192, 18, 1);
INSERT INTO football.squad (idsquad, player_id, club_id, season_id) VALUES (193, 193, 18, 1);
INSERT INTO football.squad (idsquad, player_id, club_id, season_id) VALUES (194, 194, 18, 1);
INSERT INTO football.squad (idsquad, player_id, club_id, season_id) VALUES (195, 195, 18, 1);
INSERT INTO football.squad (idsquad, player_id, club_id, season_id) VALUES (196, 196, 18, 1);
INSERT INTO football.squad (idsquad, player_id, club_id, season_id) VALUES (197, 197, 18, 1);
INSERT INTO football.squad (idsquad, player_id, club_id, season_id) VALUES (198, 198, 18, 1);
INSERT INTO football.squad (idsquad, player_id, club_id, season_id) VALUES (199, 199, 19, 1);
INSERT INTO football.squad (idsquad, player_id, club_id, season_id) VALUES (200, 200, 19, 1);
INSERT INTO football.squad (idsquad, player_id, club_id, season_id) VALUES (201, 201, 19, 1);
INSERT INTO football.squad (idsquad, player_id, club_id, season_id) VALUES (202, 202, 19, 1);
INSERT INTO football.squad (idsquad, player_id, club_id, season_id) VALUES (203, 203, 19, 1);
INSERT INTO football.squad (idsquad, player_id, club_id, season_id) VALUES (204, 204, 19, 1);
INSERT INTO football.squad (idsquad, player_id, club_id, season_id) VALUES (205, 205, 19, 1);
INSERT INTO football.squad (idsquad, player_id, club_id, season_id) VALUES (206, 206, 19, 1);
INSERT INTO football.squad (idsquad, player_id, club_id, season_id) VALUES (207, 207, 19, 1);
INSERT INTO football.squad (idsquad, player_id, club_id, season_id) VALUES (208, 208, 19, 1);
INSERT INTO football.squad (idsquad, player_id, club_id, season_id) VALUES (209, 209, 19, 1);
INSERT INTO football.squad (idsquad, player_id, club_id, season_id) VALUES (210, 210, 20, 1);
INSERT INTO football.squad (idsquad, player_id, club_id, season_id) VALUES (211, 211, 20, 1);
INSERT INTO football.squad (idsquad, player_id, club_id, season_id) VALUES (212, 212, 20, 1);
INSERT INTO football.squad (idsquad, player_id, club_id, season_id) VALUES (213, 213, 20, 1);
INSERT INTO football.squad (idsquad, player_id, club_id, season_id) VALUES (214, 214, 20, 1);
INSERT INTO football.squad (idsquad, player_id, club_id, season_id) VALUES (215, 215, 20, 1);
INSERT INTO football.squad (idsquad, player_id, club_id, season_id) VALUES (216, 216, 20, 1);
INSERT INTO football.squad (idsquad, player_id, club_id, season_id) VALUES (217, 217, 20, 1);
INSERT INTO football.squad (idsquad, player_id, club_id, season_id) VALUES (218, 218, 20, 1);
INSERT INTO football.squad (idsquad, player_id, club_id, season_id) VALUES (219, 219, 20, 1);
INSERT INTO football.squad (idsquad, player_id, club_id, season_id) VALUES (220, 220, 20, 1);
INSERT INTO football.squad (idsquad, player_id, club_id, season_id) VALUES (221, 1499, 43, 2);
INSERT INTO football.squad (idsquad, player_id, club_id, season_id) VALUES (222, 1500, 43, 2);
INSERT INTO football.squad (idsquad, player_id, club_id, season_id) VALUES (223, 1501, 43, 2);
INSERT INTO football.squad (idsquad, player_id, club_id, season_id) VALUES (224, 1502, 43, 2);
INSERT INTO football.squad (idsquad, player_id, club_id, season_id) VALUES (225, 1503, 43, 2);
INSERT INTO football.squad (idsquad, player_id, club_id, season_id) VALUES (226, 1504, 43, 2);
INSERT INTO football.squad (idsquad, player_id, club_id, season_id) VALUES (227, 1505, 43, 2);
INSERT INTO football.squad (idsquad, player_id, club_id, season_id) VALUES (228, 1506, 43, 2);
INSERT INTO football.squad (idsquad, player_id, club_id, season_id) VALUES (229, 1507, 43, 2);
INSERT INTO football.squad (idsquad, player_id, club_id, season_id) VALUES (230, 1508, 43, 2);
INSERT INTO football.squad (idsquad, player_id, club_id, season_id) VALUES (231, 1509, 43, 2);
INSERT INTO football.squad (idsquad, player_id, club_id, season_id) VALUES (232, 1510, 43, 2);
INSERT INTO football.squad (idsquad, player_id, club_id, season_id) VALUES (233, 1511, 43, 2);
INSERT INTO football.squad (idsquad, player_id, club_id, season_id) VALUES (234, 1512, 43, 2);
INSERT INTO football.squad (idsquad, player_id, club_id, season_id) VALUES (235, 1513, 43, 2);
INSERT INTO football.squad (idsquad, player_id, club_id, season_id) VALUES (236, 1514, 43, 2);
INSERT INTO football.squad (idsquad, player_id, club_id, season_id) VALUES (237, 1515, 43, 2);
INSERT INTO football.squad (idsquad, player_id, club_id, season_id) VALUES (238, 1516, 43, 2);
INSERT INTO football.squad (idsquad, player_id, club_id, season_id) VALUES (239, 1517, 43, 2);
INSERT INTO football.squad (idsquad, player_id, club_id, season_id) VALUES (240, 1518, 43, 2);
INSERT INTO football.squad (idsquad, player_id, club_id, season_id) VALUES (241, 1519, 43, 2);
INSERT INTO football.squad (idsquad, player_id, club_id, season_id) VALUES (242, 1520, 43, 2);
INSERT INTO football.squad (idsquad, player_id, club_id, season_id) VALUES (243, 1521, 43, 2);
INSERT INTO football.squad (idsquad, player_id, club_id, season_id) VALUES (244, 1522, 43, 2);
INSERT INTO football.squad (idsquad, player_id, club_id, season_id) VALUES (245, 1523, 43, 2);
INSERT INTO football.squad (idsquad, player_id, club_id, season_id) VALUES (246, 1524, 43, 2);
INSERT INTO football.squad (idsquad, player_id, club_id, season_id) VALUES (247, 1525, 43, 2);
INSERT INTO football.squad (idsquad, player_id, club_id, season_id) VALUES (248, 1526, 43, 2);
INSERT INTO football.squad (idsquad, player_id, club_id, season_id) VALUES (249, 1527, 43, 2);
INSERT INTO football.squad (idsquad, player_id, club_id, season_id) VALUES (250, 1528, 43, 2);
INSERT INTO football.squad (idsquad, player_id, club_id, season_id) VALUES (251, 1529, 43, 2);
INSERT INTO football.squad (idsquad, player_id, club_id, season_id) VALUES (252, 1530, 43, 2);
INSERT INTO football.squad (idsquad, player_id, club_id, season_id) VALUES (253, 1531, 43, 2);
INSERT INTO football.squad (idsquad, player_id, club_id, season_id) VALUES (254, 1532, 21, 2);
INSERT INTO football.squad (idsquad, player_id, club_id, season_id) VALUES (255, 1533, 21, 2);
INSERT INTO football.squad (idsquad, player_id, club_id, season_id) VALUES (256, 1534, 21, 2);
INSERT INTO football.squad (idsquad, player_id, club_id, season_id) VALUES (257, 1535, 21, 2);
INSERT INTO football.squad (idsquad, player_id, club_id, season_id) VALUES (258, 1536, 21, 2);
INSERT INTO football.squad (idsquad, player_id, club_id, season_id) VALUES (259, 1537, 21, 2);
INSERT INTO football.squad (idsquad, player_id, club_id, season_id) VALUES (260, 1538, 21, 2);
INSERT INTO football.squad (idsquad, player_id, club_id, season_id) VALUES (261, 1539, 21, 2);
INSERT INTO football.squad (idsquad, player_id, club_id, season_id) VALUES (262, 1540, 21, 2);
INSERT INTO football.squad (idsquad, player_id, club_id, season_id) VALUES (263, 1541, 21, 2);
INSERT INTO football.squad (idsquad, player_id, club_id, season_id) VALUES (264, 1542, 21, 2);
INSERT INTO football.squad (idsquad, player_id, club_id, season_id) VALUES (265, 1543, 21, 2);
INSERT INTO football.squad (idsquad, player_id, club_id, season_id) VALUES (266, 1544, 21, 2);
INSERT INTO football.squad (idsquad, player_id, club_id, season_id) VALUES (267, 1545, 21, 2);
INSERT INTO football.squad (idsquad, player_id, club_id, season_id) VALUES (268, 1546, 21, 2);
INSERT INTO football.squad (idsquad, player_id, club_id, season_id) VALUES (269, 1547, 21, 2);
INSERT INTO football.squad (idsquad, player_id, club_id, season_id) VALUES (270, 1548, 21, 2);
INSERT INTO football.squad (idsquad, player_id, club_id, season_id) VALUES (271, 1549, 21, 2);
INSERT INTO football.squad (idsquad, player_id, club_id, season_id) VALUES (272, 1550, 21, 2);
INSERT INTO football.squad (idsquad, player_id, club_id, season_id) VALUES (273, 1551, 21, 2);
INSERT INTO football.squad (idsquad, player_id, club_id, season_id) VALUES (274, 1552, 21, 2);
INSERT INTO football.squad (idsquad, player_id, club_id, season_id) VALUES (275, 1553, 21, 2);
INSERT INTO football.squad (idsquad, player_id, club_id, season_id) VALUES (276, 1554, 21, 2);
INSERT INTO football.squad (idsquad, player_id, club_id, season_id) VALUES (277, 1555, 21, 2);
INSERT INTO football.squad (idsquad, player_id, club_id, season_id) VALUES (278, 1556, 21, 2);
INSERT INTO football.squad (idsquad, player_id, club_id, season_id) VALUES (279, 1557, 21, 2);
INSERT INTO football.squad (idsquad, player_id, club_id, season_id) VALUES (280, 1558, 21, 2);
INSERT INTO football.squad (idsquad, player_id, club_id, season_id) VALUES (281, 1559, 21, 2);
INSERT INTO football.squad (idsquad, player_id, club_id, season_id) VALUES (282, 1560, 21, 2);
INSERT INTO football.squad (idsquad, player_id, club_id, season_id) VALUES (283, 1561, 21, 2);
INSERT INTO football.squad (idsquad, player_id, club_id, season_id) VALUES (284, 1562, 21, 2);
INSERT INTO football.squad (idsquad, player_id, club_id, season_id) VALUES (285, 1563, 21, 2);
INSERT INTO football.squad (idsquad, player_id, club_id, season_id) VALUES (286, 1564, 21, 2);
INSERT INTO football.squad (idsquad, player_id, club_id, season_id) VALUES (287, 1565, 25, 2);
INSERT INTO football.squad (idsquad, player_id, club_id, season_id) VALUES (288, 1566, 25, 2);
INSERT INTO football.squad (idsquad, player_id, club_id, season_id) VALUES (289, 1567, 25, 2);
INSERT INTO football.squad (idsquad, player_id, club_id, season_id) VALUES (290, 1568, 25, 2);
INSERT INTO football.squad (idsquad, player_id, club_id, season_id) VALUES (291, 1569, 25, 2);
INSERT INTO football.squad (idsquad, player_id, club_id, season_id) VALUES (292, 1570, 25, 2);
INSERT INTO football.squad (idsquad, player_id, club_id, season_id) VALUES (293, 1571, 25, 2);
INSERT INTO football.squad (idsquad, player_id, club_id, season_id) VALUES (294, 1572, 25, 2);
INSERT INTO football.squad (idsquad, player_id, club_id, season_id) VALUES (295, 1573, 25, 2);
INSERT INTO football.squad (idsquad, player_id, club_id, season_id) VALUES (296, 1574, 25, 2);
INSERT INTO football.squad (idsquad, player_id, club_id, season_id) VALUES (297, 1575, 25, 2);
INSERT INTO football.squad (idsquad, player_id, club_id, season_id) VALUES (298, 1576, 25, 2);
INSERT INTO football.squad (idsquad, player_id, club_id, season_id) VALUES (299, 1577, 25, 2);
INSERT INTO football.squad (idsquad, player_id, club_id, season_id) VALUES (300, 1578, 25, 2);
INSERT INTO football.squad (idsquad, player_id, club_id, season_id) VALUES (301, 1579, 25, 2);
INSERT INTO football.squad (idsquad, player_id, club_id, season_id) VALUES (302, 1580, 25, 2);
INSERT INTO football.squad (idsquad, player_id, club_id, season_id) VALUES (303, 1581, 25, 2);
INSERT INTO football.squad (idsquad, player_id, club_id, season_id) VALUES (304, 1582, 25, 2);
INSERT INTO football.squad (idsquad, player_id, club_id, season_id) VALUES (305, 1583, 25, 2);
INSERT INTO football.squad (idsquad, player_id, club_id, season_id) VALUES (306, 1584, 25, 2);
INSERT INTO football.squad (idsquad, player_id, club_id, season_id) VALUES (307, 1585, 25, 2);
INSERT INTO football.squad (idsquad, player_id, club_id, season_id) VALUES (308, 1586, 25, 2);
INSERT INTO football.squad (idsquad, player_id, club_id, season_id) VALUES (309, 1587, 25, 2);
INSERT INTO football.squad (idsquad, player_id, club_id, season_id) VALUES (310, 1588, 25, 2);
INSERT INTO football.squad (idsquad, player_id, club_id, season_id) VALUES (311, 1589, 25, 2);
INSERT INTO football.squad (idsquad, player_id, club_id, season_id) VALUES (312, 1590, 25, 2);
INSERT INTO football.squad (idsquad, player_id, club_id, season_id) VALUES (313, 1591, 25, 2);
INSERT INTO football.squad (idsquad, player_id, club_id, season_id) VALUES (314, 1592, 25, 2);
INSERT INTO football.squad (idsquad, player_id, club_id, season_id) VALUES (315, 1593, 22, 2);
INSERT INTO football.squad (idsquad, player_id, club_id, season_id) VALUES (316, 1594, 22, 2);
INSERT INTO football.squad (idsquad, player_id, club_id, season_id) VALUES (317, 1595, 22, 2);
INSERT INTO football.squad (idsquad, player_id, club_id, season_id) VALUES (318, 1596, 22, 2);
INSERT INTO football.squad (idsquad, player_id, club_id, season_id) VALUES (319, 1597, 22, 2);
INSERT INTO football.squad (idsquad, player_id, club_id, season_id) VALUES (320, 1598, 22, 2);
INSERT INTO football.squad (idsquad, player_id, club_id, season_id) VALUES (321, 1599, 22, 2);
INSERT INTO football.squad (idsquad, player_id, club_id, season_id) VALUES (322, 1600, 22, 2);
INSERT INTO football.squad (idsquad, player_id, club_id, season_id) VALUES (323, 1601, 22, 2);
INSERT INTO football.squad (idsquad, player_id, club_id, season_id) VALUES (324, 1602, 22, 2);
INSERT INTO football.squad (idsquad, player_id, club_id, season_id) VALUES (325, 1603, 22, 2);
INSERT INTO football.squad (idsquad, player_id, club_id, season_id) VALUES (326, 1604, 22, 2);
INSERT INTO football.squad (idsquad, player_id, club_id, season_id) VALUES (327, 1605, 22, 2);
INSERT INTO football.squad (idsquad, player_id, club_id, season_id) VALUES (328, 1606, 22, 2);
INSERT INTO football.squad (idsquad, player_id, club_id, season_id) VALUES (329, 1607, 22, 2);
INSERT INTO football.squad (idsquad, player_id, club_id, season_id) VALUES (330, 1608, 22, 2);
INSERT INTO football.squad (idsquad, player_id, club_id, season_id) VALUES (331, 1609, 22, 2);
INSERT INTO football.squad (idsquad, player_id, club_id, season_id) VALUES (332, 1610, 22, 2);
INSERT INTO football.squad (idsquad, player_id, club_id, season_id) VALUES (333, 1611, 22, 2);
INSERT INTO football.squad (idsquad, player_id, club_id, season_id) VALUES (334, 1612, 22, 2);
INSERT INTO football.squad (idsquad, player_id, club_id, season_id) VALUES (335, 1613, 22, 2);
INSERT INTO football.squad (idsquad, player_id, club_id, season_id) VALUES (336, 1614, 22, 2);
INSERT INTO football.squad (idsquad, player_id, club_id, season_id) VALUES (337, 1615, 22, 2);
INSERT INTO football.squad (idsquad, player_id, club_id, season_id) VALUES (338, 1616, 22, 2);
INSERT INTO football.squad (idsquad, player_id, club_id, season_id) VALUES (339, 1617, 22, 2);
INSERT INTO football.squad (idsquad, player_id, club_id, season_id) VALUES (340, 1618, 22, 2);
INSERT INTO football.squad (idsquad, player_id, club_id, season_id) VALUES (341, 1619, 22, 2);
INSERT INTO football.squad (idsquad, player_id, club_id, season_id) VALUES (342, 1620, 22, 2);
INSERT INTO football.squad (idsquad, player_id, club_id, season_id) VALUES (343, 1621, 22, 2);
INSERT INTO football.squad (idsquad, player_id, club_id, season_id) VALUES (344, 1622, 22, 2);
INSERT INTO football.squad (idsquad, player_id, club_id, season_id) VALUES (345, 1623, 22, 2);
INSERT INTO football.squad (idsquad, player_id, club_id, season_id) VALUES (346, 1624, 22, 2);
INSERT INTO football.squad (idsquad, player_id, club_id, season_id) VALUES (347, 1625, 22, 2);
INSERT INTO football.squad (idsquad, player_id, club_id, season_id) VALUES (348, 1626, 22, 2);
INSERT INTO football.squad (idsquad, player_id, club_id, season_id) VALUES (349, 1627, 22, 2);
INSERT INTO football.squad (idsquad, player_id, club_id, season_id) VALUES (350, 1628, 22, 2);
INSERT INTO football.squad (idsquad, player_id, club_id, season_id) VALUES (351, 1629, 22, 2);
INSERT INTO football.squad (idsquad, player_id, club_id, season_id) VALUES (352, 1630, 23, 2);
INSERT INTO football.squad (idsquad, player_id, club_id, season_id) VALUES (353, 1631, 23, 2);
INSERT INTO football.squad (idsquad, player_id, club_id, season_id) VALUES (354, 1632, 23, 2);
INSERT INTO football.squad (idsquad, player_id, club_id, season_id) VALUES (355, 1633, 23, 2);
INSERT INTO football.squad (idsquad, player_id, club_id, season_id) VALUES (356, 1634, 23, 2);
INSERT INTO football.squad (idsquad, player_id, club_id, season_id) VALUES (357, 1635, 23, 2);
INSERT INTO football.squad (idsquad, player_id, club_id, season_id) VALUES (358, 1636, 23, 2);
INSERT INTO football.squad (idsquad, player_id, club_id, season_id) VALUES (359, 1637, 23, 2);
INSERT INTO football.squad (idsquad, player_id, club_id, season_id) VALUES (360, 1638, 23, 2);
INSERT INTO football.squad (idsquad, player_id, club_id, season_id) VALUES (361, 1639, 23, 2);
INSERT INTO football.squad (idsquad, player_id, club_id, season_id) VALUES (362, 1640, 23, 2);
INSERT INTO football.squad (idsquad, player_id, club_id, season_id) VALUES (363, 1641, 23, 2);
INSERT INTO football.squad (idsquad, player_id, club_id, season_id) VALUES (364, 1642, 23, 2);
INSERT INTO football.squad (idsquad, player_id, club_id, season_id) VALUES (365, 1643, 23, 2);
INSERT INTO football.squad (idsquad, player_id, club_id, season_id) VALUES (366, 1644, 23, 2);
INSERT INTO football.squad (idsquad, player_id, club_id, season_id) VALUES (367, 1645, 23, 2);
INSERT INTO football.squad (idsquad, player_id, club_id, season_id) VALUES (368, 1646, 23, 2);
INSERT INTO football.squad (idsquad, player_id, club_id, season_id) VALUES (369, 1647, 23, 2);
INSERT INTO football.squad (idsquad, player_id, club_id, season_id) VALUES (370, 1648, 23, 2);
INSERT INTO football.squad (idsquad, player_id, club_id, season_id) VALUES (371, 1649, 23, 2);
INSERT INTO football.squad (idsquad, player_id, club_id, season_id) VALUES (372, 1650, 23, 2);
INSERT INTO football.squad (idsquad, player_id, club_id, season_id) VALUES (373, 1651, 23, 2);
INSERT INTO football.squad (idsquad, player_id, club_id, season_id) VALUES (374, 1652, 23, 2);
INSERT INTO football.squad (idsquad, player_id, club_id, season_id) VALUES (375, 1653, 23, 2);
INSERT INTO football.squad (idsquad, player_id, club_id, season_id) VALUES (376, 1654, 23, 2);
INSERT INTO football.squad (idsquad, player_id, club_id, season_id) VALUES (377, 1655, 23, 2);
INSERT INTO football.squad (idsquad, player_id, club_id, season_id) VALUES (378, 1656, 23, 2);
INSERT INTO football.squad (idsquad, player_id, club_id, season_id) VALUES (379, 1657, 23, 2);
INSERT INTO football.squad (idsquad, player_id, club_id, season_id) VALUES (380, 1658, 23, 2);
INSERT INTO football.squad (idsquad, player_id, club_id, season_id) VALUES (381, 1659, 23, 2);
INSERT INTO football.squad (idsquad, player_id, club_id, season_id) VALUES (382, 1660, 23, 2);
INSERT INTO football.squad (idsquad, player_id, club_id, season_id) VALUES (383, 1661, 44, 2);
INSERT INTO football.squad (idsquad, player_id, club_id, season_id) VALUES (384, 1662, 44, 2);
INSERT INTO football.squad (idsquad, player_id, club_id, season_id) VALUES (385, 1663, 44, 2);
INSERT INTO football.squad (idsquad, player_id, club_id, season_id) VALUES (386, 1664, 44, 2);
INSERT INTO football.squad (idsquad, player_id, club_id, season_id) VALUES (387, 1665, 44, 2);
INSERT INTO football.squad (idsquad, player_id, club_id, season_id) VALUES (388, 1666, 44, 2);
INSERT INTO football.squad (idsquad, player_id, club_id, season_id) VALUES (389, 1667, 44, 2);
INSERT INTO football.squad (idsquad, player_id, club_id, season_id) VALUES (390, 1668, 44, 2);
INSERT INTO football.squad (idsquad, player_id, club_id, season_id) VALUES (391, 1669, 44, 2);
INSERT INTO football.squad (idsquad, player_id, club_id, season_id) VALUES (392, 1670, 44, 2);
INSERT INTO football.squad (idsquad, player_id, club_id, season_id) VALUES (393, 1671, 44, 2);
INSERT INTO football.squad (idsquad, player_id, club_id, season_id) VALUES (394, 1672, 44, 2);
INSERT INTO football.squad (idsquad, player_id, club_id, season_id) VALUES (395, 1673, 44, 2);
INSERT INTO football.squad (idsquad, player_id, club_id, season_id) VALUES (396, 1674, 44, 2);
INSERT INTO football.squad (idsquad, player_id, club_id, season_id) VALUES (397, 1675, 44, 2);
INSERT INTO football.squad (idsquad, player_id, club_id, season_id) VALUES (398, 1676, 44, 2);
INSERT INTO football.squad (idsquad, player_id, club_id, season_id) VALUES (399, 1677, 44, 2);
INSERT INTO football.squad (idsquad, player_id, club_id, season_id) VALUES (400, 1678, 44, 2);
INSERT INTO football.squad (idsquad, player_id, club_id, season_id) VALUES (401, 1679, 44, 2);
INSERT INTO football.squad (idsquad, player_id, club_id, season_id) VALUES (402, 1680, 44, 2);
INSERT INTO football.squad (idsquad, player_id, club_id, season_id) VALUES (403, 1681, 44, 2);
INSERT INTO football.squad (idsquad, player_id, club_id, season_id) VALUES (404, 1682, 44, 2);
INSERT INTO football.squad (idsquad, player_id, club_id, season_id) VALUES (405, 1683, 44, 2);
INSERT INTO football.squad (idsquad, player_id, club_id, season_id) VALUES (406, 1684, 44, 2);
INSERT INTO football.squad (idsquad, player_id, club_id, season_id) VALUES (407, 1685, 44, 2);
INSERT INTO football.squad (idsquad, player_id, club_id, season_id) VALUES (408, 1686, 44, 2);
INSERT INTO football.squad (idsquad, player_id, club_id, season_id) VALUES (409, 1687, 44, 2);
INSERT INTO football.squad (idsquad, player_id, club_id, season_id) VALUES (410, 1688, 44, 2);
INSERT INTO football.squad (idsquad, player_id, club_id, season_id) VALUES (411, 1689, 44, 2);
INSERT INTO football.squad (idsquad, player_id, club_id, season_id) VALUES (412, 1690, 44, 2);
INSERT INTO football.squad (idsquad, player_id, club_id, season_id) VALUES (413, 1691, 44, 2);
INSERT INTO football.squad (idsquad, player_id, club_id, season_id) VALUES (414, 1692, 44, 2);
INSERT INTO football.squad (idsquad, player_id, club_id, season_id) VALUES (415, 1693, 46, 2);
INSERT INTO football.squad (idsquad, player_id, club_id, season_id) VALUES (416, 1694, 46, 2);
INSERT INTO football.squad (idsquad, player_id, club_id, season_id) VALUES (417, 1695, 46, 2);
INSERT INTO football.squad (idsquad, player_id, club_id, season_id) VALUES (418, 1696, 46, 2);
INSERT INTO football.squad (idsquad, player_id, club_id, season_id) VALUES (419, 1697, 46, 2);
INSERT INTO football.squad (idsquad, player_id, club_id, season_id) VALUES (420, 1698, 46, 2);
INSERT INTO football.squad (idsquad, player_id, club_id, season_id) VALUES (421, 1699, 46, 2);
INSERT INTO football.squad (idsquad, player_id, club_id, season_id) VALUES (422, 1700, 46, 2);
INSERT INTO football.squad (idsquad, player_id, club_id, season_id) VALUES (423, 1701, 46, 2);
INSERT INTO football.squad (idsquad, player_id, club_id, season_id) VALUES (424, 1702, 46, 2);
INSERT INTO football.squad (idsquad, player_id, club_id, season_id) VALUES (425, 1703, 46, 2);
INSERT INTO football.squad (idsquad, player_id, club_id, season_id) VALUES (426, 1704, 46, 2);
INSERT INTO football.squad (idsquad, player_id, club_id, season_id) VALUES (427, 1705, 46, 2);
INSERT INTO football.squad (idsquad, player_id, club_id, season_id) VALUES (428, 1706, 46, 2);
INSERT INTO football.squad (idsquad, player_id, club_id, season_id) VALUES (429, 1707, 46, 2);
INSERT INTO football.squad (idsquad, player_id, club_id, season_id) VALUES (430, 1708, 46, 2);
INSERT INTO football.squad (idsquad, player_id, club_id, season_id) VALUES (431, 1709, 46, 2);
INSERT INTO football.squad (idsquad, player_id, club_id, season_id) VALUES (432, 1710, 46, 2);
INSERT INTO football.squad (idsquad, player_id, club_id, season_id) VALUES (433, 1711, 46, 2);
INSERT INTO football.squad (idsquad, player_id, club_id, season_id) VALUES (434, 1712, 46, 2);
INSERT INTO football.squad (idsquad, player_id, club_id, season_id) VALUES (435, 1713, 46, 2);
INSERT INTO football.squad (idsquad, player_id, club_id, season_id) VALUES (436, 1714, 46, 2);
INSERT INTO football.squad (idsquad, player_id, club_id, season_id) VALUES (437, 1715, 46, 2);
INSERT INTO football.squad (idsquad, player_id, club_id, season_id) VALUES (438, 1716, 46, 2);
INSERT INTO football.squad (idsquad, player_id, club_id, season_id) VALUES (439, 1717, 46, 2);
INSERT INTO football.squad (idsquad, player_id, club_id, season_id) VALUES (440, 1718, 46, 2);
INSERT INTO football.squad (idsquad, player_id, club_id, season_id) VALUES (441, 1719, 46, 2);
INSERT INTO football.squad (idsquad, player_id, club_id, season_id) VALUES (442, 1720, 46, 2);
INSERT INTO football.squad (idsquad, player_id, club_id, season_id) VALUES (443, 1721, 46, 2);
INSERT INTO football.squad (idsquad, player_id, club_id, season_id) VALUES (444, 1722, 46, 2);
INSERT INTO football.squad (idsquad, player_id, club_id, season_id) VALUES (445, 1723, 46, 2);
INSERT INTO football.squad (idsquad, player_id, club_id, season_id) VALUES (446, 1724, 46, 2);
INSERT INTO football.squad (idsquad, player_id, club_id, season_id) VALUES (447, 1725, 26, 2);
INSERT INTO football.squad (idsquad, player_id, club_id, season_id) VALUES (448, 1726, 26, 2);
INSERT INTO football.squad (idsquad, player_id, club_id, season_id) VALUES (449, 1727, 26, 2);
INSERT INTO football.squad (idsquad, player_id, club_id, season_id) VALUES (450, 1728, 26, 2);
INSERT INTO football.squad (idsquad, player_id, club_id, season_id) VALUES (451, 1729, 26, 2);
INSERT INTO football.squad (idsquad, player_id, club_id, season_id) VALUES (452, 1730, 26, 2);
INSERT INTO football.squad (idsquad, player_id, club_id, season_id) VALUES (453, 1731, 26, 2);
INSERT INTO football.squad (idsquad, player_id, club_id, season_id) VALUES (454, 1732, 26, 2);
INSERT INTO football.squad (idsquad, player_id, club_id, season_id) VALUES (455, 1733, 26, 2);
INSERT INTO football.squad (idsquad, player_id, club_id, season_id) VALUES (456, 1734, 26, 2);
INSERT INTO football.squad (idsquad, player_id, club_id, season_id) VALUES (457, 1735, 26, 2);
INSERT INTO football.squad (idsquad, player_id, club_id, season_id) VALUES (458, 1736, 26, 2);
INSERT INTO football.squad (idsquad, player_id, club_id, season_id) VALUES (459, 1737, 26, 2);
INSERT INTO football.squad (idsquad, player_id, club_id, season_id) VALUES (460, 1738, 26, 2);
INSERT INTO football.squad (idsquad, player_id, club_id, season_id) VALUES (461, 1739, 26, 2);
INSERT INTO football.squad (idsquad, player_id, club_id, season_id) VALUES (462, 1740, 26, 2);
INSERT INTO football.squad (idsquad, player_id, club_id, season_id) VALUES (463, 1741, 26, 2);
INSERT INTO football.squad (idsquad, player_id, club_id, season_id) VALUES (464, 1742, 26, 2);
INSERT INTO football.squad (idsquad, player_id, club_id, season_id) VALUES (465, 1743, 26, 2);
INSERT INTO football.squad (idsquad, player_id, club_id, season_id) VALUES (466, 1744, 26, 2);
INSERT INTO football.squad (idsquad, player_id, club_id, season_id) VALUES (467, 1745, 26, 2);
INSERT INTO football.squad (idsquad, player_id, club_id, season_id) VALUES (468, 1746, 26, 2);
INSERT INTO football.squad (idsquad, player_id, club_id, season_id) VALUES (469, 1747, 26, 2);
INSERT INTO football.squad (idsquad, player_id, club_id, season_id) VALUES (470, 1748, 26, 2);
INSERT INTO football.squad (idsquad, player_id, club_id, season_id) VALUES (471, 1749, 26, 2);
INSERT INTO football.squad (idsquad, player_id, club_id, season_id) VALUES (472, 1750, 26, 2);
INSERT INTO football.squad (idsquad, player_id, club_id, season_id) VALUES (473, 1751, 26, 2);
INSERT INTO football.squad (idsquad, player_id, club_id, season_id) VALUES (474, 1752, 26, 2);
INSERT INTO football.squad (idsquad, player_id, club_id, season_id) VALUES (475, 1753, 26, 2);
INSERT INTO football.squad (idsquad, player_id, club_id, season_id) VALUES (476, 1754, 26, 2);
INSERT INTO football.squad (idsquad, player_id, club_id, season_id) VALUES (477, 1755, 26, 2);
INSERT INTO football.squad (idsquad, player_id, club_id, season_id) VALUES (478, 1756, 26, 2);
INSERT INTO football.squad (idsquad, player_id, club_id, season_id) VALUES (479, 1757, 26, 2);
INSERT INTO football.squad (idsquad, player_id, club_id, season_id) VALUES (480, 1758, 26, 2);
INSERT INTO football.squad (idsquad, player_id, club_id, season_id) VALUES (481, 1759, 26, 2);
INSERT INTO football.squad (idsquad, player_id, club_id, season_id) VALUES (482, 1760, 26, 2);
INSERT INTO football.squad (idsquad, player_id, club_id, season_id) VALUES (483, 1761, 26, 2);
INSERT INTO football.squad (idsquad, player_id, club_id, season_id) VALUES (484, 1762, 28, 2);
INSERT INTO football.squad (idsquad, player_id, club_id, season_id) VALUES (485, 1763, 28, 2);
INSERT INTO football.squad (idsquad, player_id, club_id, season_id) VALUES (486, 1764, 28, 2);
INSERT INTO football.squad (idsquad, player_id, club_id, season_id) VALUES (487, 1765, 28, 2);
INSERT INTO football.squad (idsquad, player_id, club_id, season_id) VALUES (488, 1766, 28, 2);
INSERT INTO football.squad (idsquad, player_id, club_id, season_id) VALUES (489, 1767, 28, 2);
INSERT INTO football.squad (idsquad, player_id, club_id, season_id) VALUES (490, 1768, 28, 2);
INSERT INTO football.squad (idsquad, player_id, club_id, season_id) VALUES (491, 1769, 28, 2);
INSERT INTO football.squad (idsquad, player_id, club_id, season_id) VALUES (492, 1770, 28, 2);
INSERT INTO football.squad (idsquad, player_id, club_id, season_id) VALUES (493, 1771, 28, 2);
INSERT INTO football.squad (idsquad, player_id, club_id, season_id) VALUES (494, 1772, 28, 2);
INSERT INTO football.squad (idsquad, player_id, club_id, season_id) VALUES (495, 1773, 28, 2);
INSERT INTO football.squad (idsquad, player_id, club_id, season_id) VALUES (496, 1774, 28, 2);
INSERT INTO football.squad (idsquad, player_id, club_id, season_id) VALUES (497, 1775, 28, 2);
INSERT INTO football.squad (idsquad, player_id, club_id, season_id) VALUES (498, 1776, 28, 2);
INSERT INTO football.squad (idsquad, player_id, club_id, season_id) VALUES (499, 1777, 28, 2);
INSERT INTO football.squad (idsquad, player_id, club_id, season_id) VALUES (500, 1778, 28, 2);
INSERT INTO football.squad (idsquad, player_id, club_id, season_id) VALUES (501, 1779, 28, 2);
INSERT INTO football.squad (idsquad, player_id, club_id, season_id) VALUES (502, 1780, 28, 2);
INSERT INTO football.squad (idsquad, player_id, club_id, season_id) VALUES (503, 1781, 28, 2);
INSERT INTO football.squad (idsquad, player_id, club_id, season_id) VALUES (504, 1782, 28, 2);
INSERT INTO football.squad (idsquad, player_id, club_id, season_id) VALUES (505, 1783, 28, 2);
INSERT INTO football.squad (idsquad, player_id, club_id, season_id) VALUES (506, 1784, 28, 2);
INSERT INTO football.squad (idsquad, player_id, club_id, season_id) VALUES (507, 1785, 28, 2);
INSERT INTO football.squad (idsquad, player_id, club_id, season_id) VALUES (508, 1786, 28, 2);
INSERT INTO football.squad (idsquad, player_id, club_id, season_id) VALUES (509, 1787, 28, 2);
INSERT INTO football.squad (idsquad, player_id, club_id, season_id) VALUES (510, 1788, 28, 2);
INSERT INTO football.squad (idsquad, player_id, club_id, season_id) VALUES (511, 1789, 28, 2);
INSERT INTO football.squad (idsquad, player_id, club_id, season_id) VALUES (512, 1790, 28, 2);
INSERT INTO football.squad (idsquad, player_id, club_id, season_id) VALUES (513, 1791, 28, 2);
INSERT INTO football.squad (idsquad, player_id, club_id, season_id) VALUES (514, 1792, 28, 2);
INSERT INTO football.squad (idsquad, player_id, club_id, season_id) VALUES (515, 1793, 28, 2);
INSERT INTO football.squad (idsquad, player_id, club_id, season_id) VALUES (516, 1794, 28, 2);
INSERT INTO football.squad (idsquad, player_id, club_id, season_id) VALUES (517, 1795, 28, 2);
INSERT INTO football.squad (idsquad, player_id, club_id, season_id) VALUES (518, 1796, 28, 2);
INSERT INTO football.squad (idsquad, player_id, club_id, season_id) VALUES (519, 1797, 28, 2);
INSERT INTO football.squad (idsquad, player_id, club_id, season_id) VALUES (520, 1798, 28, 2);
INSERT INTO football.squad (idsquad, player_id, club_id, season_id) VALUES (521, 1799, 24, 2);
INSERT INTO football.squad (idsquad, player_id, club_id, season_id) VALUES (522, 1800, 24, 2);
INSERT INTO football.squad (idsquad, player_id, club_id, season_id) VALUES (523, 1801, 24, 2);
INSERT INTO football.squad (idsquad, player_id, club_id, season_id) VALUES (524, 1802, 24, 2);
INSERT INTO football.squad (idsquad, player_id, club_id, season_id) VALUES (525, 1803, 24, 2);
INSERT INTO football.squad (idsquad, player_id, club_id, season_id) VALUES (526, 1804, 24, 2);
INSERT INTO football.squad (idsquad, player_id, club_id, season_id) VALUES (527, 1805, 24, 2);
INSERT INTO football.squad (idsquad, player_id, club_id, season_id) VALUES (528, 1806, 24, 2);
INSERT INTO football.squad (idsquad, player_id, club_id, season_id) VALUES (529, 1807, 24, 2);
INSERT INTO football.squad (idsquad, player_id, club_id, season_id) VALUES (530, 1808, 24, 2);
INSERT INTO football.squad (idsquad, player_id, club_id, season_id) VALUES (531, 1809, 24, 2);
INSERT INTO football.squad (idsquad, player_id, club_id, season_id) VALUES (532, 1810, 24, 2);
INSERT INTO football.squad (idsquad, player_id, club_id, season_id) VALUES (533, 1811, 24, 2);
INSERT INTO football.squad (idsquad, player_id, club_id, season_id) VALUES (534, 1812, 24, 2);
INSERT INTO football.squad (idsquad, player_id, club_id, season_id) VALUES (535, 1813, 24, 2);
INSERT INTO football.squad (idsquad, player_id, club_id, season_id) VALUES (536, 1814, 24, 2);
INSERT INTO football.squad (idsquad, player_id, club_id, season_id) VALUES (537, 1815, 24, 2);
INSERT INTO football.squad (idsquad, player_id, club_id, season_id) VALUES (538, 1816, 24, 2);
INSERT INTO football.squad (idsquad, player_id, club_id, season_id) VALUES (539, 1817, 24, 2);
INSERT INTO football.squad (idsquad, player_id, club_id, season_id) VALUES (540, 1818, 24, 2);
INSERT INTO football.squad (idsquad, player_id, club_id, season_id) VALUES (541, 1819, 24, 2);
INSERT INTO football.squad (idsquad, player_id, club_id, season_id) VALUES (542, 1820, 24, 2);
INSERT INTO football.squad (idsquad, player_id, club_id, season_id) VALUES (543, 1821, 24, 2);
INSERT INTO football.squad (idsquad, player_id, club_id, season_id) VALUES (544, 1822, 24, 2);
INSERT INTO football.squad (idsquad, player_id, club_id, season_id) VALUES (545, 1823, 24, 2);
INSERT INTO football.squad (idsquad, player_id, club_id, season_id) VALUES (546, 1824, 24, 2);
INSERT INTO football.squad (idsquad, player_id, club_id, season_id) VALUES (547, 1825, 24, 2);
INSERT INTO football.squad (idsquad, player_id, club_id, season_id) VALUES (548, 1826, 24, 2);
INSERT INTO football.squad (idsquad, player_id, club_id, season_id) VALUES (549, 1827, 24, 2);
INSERT INTO football.squad (idsquad, player_id, club_id, season_id) VALUES (550, 1828, 24, 2);
INSERT INTO football.squad (idsquad, player_id, club_id, season_id) VALUES (551, 1829, 24, 2);
INSERT INTO football.squad (idsquad, player_id, club_id, season_id) VALUES (552, 1830, 34, 2);
INSERT INTO football.squad (idsquad, player_id, club_id, season_id) VALUES (553, 1831, 34, 2);
INSERT INTO football.squad (idsquad, player_id, club_id, season_id) VALUES (554, 1832, 34, 2);
INSERT INTO football.squad (idsquad, player_id, club_id, season_id) VALUES (555, 1833, 34, 2);
INSERT INTO football.squad (idsquad, player_id, club_id, season_id) VALUES (556, 1834, 34, 2);
INSERT INTO football.squad (idsquad, player_id, club_id, season_id) VALUES (557, 1835, 34, 2);
INSERT INTO football.squad (idsquad, player_id, club_id, season_id) VALUES (558, 1836, 34, 2);
INSERT INTO football.squad (idsquad, player_id, club_id, season_id) VALUES (559, 1837, 34, 2);
INSERT INTO football.squad (idsquad, player_id, club_id, season_id) VALUES (560, 1838, 34, 2);
INSERT INTO football.squad (idsquad, player_id, club_id, season_id) VALUES (561, 1839, 34, 2);
INSERT INTO football.squad (idsquad, player_id, club_id, season_id) VALUES (562, 1840, 34, 2);
INSERT INTO football.squad (idsquad, player_id, club_id, season_id) VALUES (563, 1841, 34, 2);
INSERT INTO football.squad (idsquad, player_id, club_id, season_id) VALUES (564, 1842, 34, 2);
INSERT INTO football.squad (idsquad, player_id, club_id, season_id) VALUES (565, 1843, 34, 2);
INSERT INTO football.squad (idsquad, player_id, club_id, season_id) VALUES (566, 1844, 34, 2);
INSERT INTO football.squad (idsquad, player_id, club_id, season_id) VALUES (567, 1845, 34, 2);
INSERT INTO football.squad (idsquad, player_id, club_id, season_id) VALUES (568, 1846, 34, 2);
INSERT INTO football.squad (idsquad, player_id, club_id, season_id) VALUES (569, 1847, 34, 2);
INSERT INTO football.squad (idsquad, player_id, club_id, season_id) VALUES (570, 1848, 34, 2);
INSERT INTO football.squad (idsquad, player_id, club_id, season_id) VALUES (571, 1849, 34, 2);
INSERT INTO football.squad (idsquad, player_id, club_id, season_id) VALUES (572, 1850, 34, 2);
INSERT INTO football.squad (idsquad, player_id, club_id, season_id) VALUES (573, 1851, 34, 2);
INSERT INTO football.squad (idsquad, player_id, club_id, season_id) VALUES (574, 1852, 34, 2);
INSERT INTO football.squad (idsquad, player_id, club_id, season_id) VALUES (575, 1853, 34, 2);
INSERT INTO football.squad (idsquad, player_id, club_id, season_id) VALUES (576, 1854, 34, 2);
INSERT INTO football.squad (idsquad, player_id, club_id, season_id) VALUES (577, 1855, 34, 2);
INSERT INTO football.squad (idsquad, player_id, club_id, season_id) VALUES (578, 1856, 34, 2);
INSERT INTO football.squad (idsquad, player_id, club_id, season_id) VALUES (579, 1857, 34, 2);
INSERT INTO football.squad (idsquad, player_id, club_id, season_id) VALUES (580, 1858, 34, 2);
INSERT INTO football.squad (idsquad, player_id, club_id, season_id) VALUES (581, 1859, 34, 2);
INSERT INTO football.squad (idsquad, player_id, club_id, season_id) VALUES (582, 1860, 34, 2);
INSERT INTO football.squad (idsquad, player_id, club_id, season_id) VALUES (583, 1861, 34, 2);
INSERT INTO football.squad (idsquad, player_id, club_id, season_id) VALUES (584, 1862, 36, 2);
INSERT INTO football.squad (idsquad, player_id, club_id, season_id) VALUES (585, 1863, 36, 2);
INSERT INTO football.squad (idsquad, player_id, club_id, season_id) VALUES (586, 1864, 36, 2);
INSERT INTO football.squad (idsquad, player_id, club_id, season_id) VALUES (587, 1865, 36, 2);
INSERT INTO football.squad (idsquad, player_id, club_id, season_id) VALUES (588, 1866, 36, 2);
INSERT INTO football.squad (idsquad, player_id, club_id, season_id) VALUES (589, 1867, 36, 2);
INSERT INTO football.squad (idsquad, player_id, club_id, season_id) VALUES (590, 1868, 36, 2);
INSERT INTO football.squad (idsquad, player_id, club_id, season_id) VALUES (591, 1869, 36, 2);
INSERT INTO football.squad (idsquad, player_id, club_id, season_id) VALUES (592, 1870, 36, 2);
INSERT INTO football.squad (idsquad, player_id, club_id, season_id) VALUES (593, 1871, 36, 2);
INSERT INTO football.squad (idsquad, player_id, club_id, season_id) VALUES (594, 1872, 36, 2);
INSERT INTO football.squad (idsquad, player_id, club_id, season_id) VALUES (595, 1873, 36, 2);
INSERT INTO football.squad (idsquad, player_id, club_id, season_id) VALUES (596, 1874, 36, 2);
INSERT INTO football.squad (idsquad, player_id, club_id, season_id) VALUES (597, 1875, 36, 2);
INSERT INTO football.squad (idsquad, player_id, club_id, season_id) VALUES (598, 1876, 36, 2);
INSERT INTO football.squad (idsquad, player_id, club_id, season_id) VALUES (599, 1877, 36, 2);
INSERT INTO football.squad (idsquad, player_id, club_id, season_id) VALUES (600, 1878, 36, 2);
INSERT INTO football.squad (idsquad, player_id, club_id, season_id) VALUES (601, 1879, 36, 2);
INSERT INTO football.squad (idsquad, player_id, club_id, season_id) VALUES (602, 1880, 36, 2);
INSERT INTO football.squad (idsquad, player_id, club_id, season_id) VALUES (603, 1881, 36, 2);
INSERT INTO football.squad (idsquad, player_id, club_id, season_id) VALUES (604, 1882, 36, 2);
INSERT INTO football.squad (idsquad, player_id, club_id, season_id) VALUES (605, 1883, 36, 2);
INSERT INTO football.squad (idsquad, player_id, club_id, season_id) VALUES (606, 1884, 36, 2);
INSERT INTO football.squad (idsquad, player_id, club_id, season_id) VALUES (607, 1885, 36, 2);
INSERT INTO football.squad (idsquad, player_id, club_id, season_id) VALUES (608, 1886, 36, 2);
INSERT INTO football.squad (idsquad, player_id, club_id, season_id) VALUES (609, 1887, 36, 2);
INSERT INTO football.squad (idsquad, player_id, club_id, season_id) VALUES (610, 1888, 36, 2);
INSERT INTO football.squad (idsquad, player_id, club_id, season_id) VALUES (611, 1889, 36, 2);
INSERT INTO football.squad (idsquad, player_id, club_id, season_id) VALUES (612, 1890, 36, 2);
INSERT INTO football.squad (idsquad, player_id, club_id, season_id) VALUES (613, 1891, 36, 2);
INSERT INTO football.squad (idsquad, player_id, club_id, season_id) VALUES (614, 1892, 36, 2);
INSERT INTO football.squad (idsquad, player_id, club_id, season_id) VALUES (615, 1893, 36, 2);
INSERT INTO football.squad (idsquad, player_id, club_id, season_id) VALUES (616, 1894, 36, 2);
INSERT INTO football.squad (idsquad, player_id, club_id, season_id) VALUES (617, 1895, 35, 2);
INSERT INTO football.squad (idsquad, player_id, club_id, season_id) VALUES (618, 1896, 35, 2);
INSERT INTO football.squad (idsquad, player_id, club_id, season_id) VALUES (619, 1897, 35, 2);
INSERT INTO football.squad (idsquad, player_id, club_id, season_id) VALUES (620, 1898, 35, 2);
INSERT INTO football.squad (idsquad, player_id, club_id, season_id) VALUES (621, 1899, 35, 2);
INSERT INTO football.squad (idsquad, player_id, club_id, season_id) VALUES (622, 1900, 35, 2);
INSERT INTO football.squad (idsquad, player_id, club_id, season_id) VALUES (623, 1901, 35, 2);
INSERT INTO football.squad (idsquad, player_id, club_id, season_id) VALUES (624, 1902, 35, 2);
INSERT INTO football.squad (idsquad, player_id, club_id, season_id) VALUES (625, 1903, 35, 2);
INSERT INTO football.squad (idsquad, player_id, club_id, season_id) VALUES (626, 1904, 35, 2);
INSERT INTO football.squad (idsquad, player_id, club_id, season_id) VALUES (627, 1905, 35, 2);
INSERT INTO football.squad (idsquad, player_id, club_id, season_id) VALUES (628, 1906, 35, 2);
INSERT INTO football.squad (idsquad, player_id, club_id, season_id) VALUES (629, 1907, 35, 2);
INSERT INTO football.squad (idsquad, player_id, club_id, season_id) VALUES (630, 1908, 35, 2);
INSERT INTO football.squad (idsquad, player_id, club_id, season_id) VALUES (631, 1909, 35, 2);
INSERT INTO football.squad (idsquad, player_id, club_id, season_id) VALUES (632, 1910, 35, 2);
INSERT INTO football.squad (idsquad, player_id, club_id, season_id) VALUES (633, 1911, 35, 2);
INSERT INTO football.squad (idsquad, player_id, club_id, season_id) VALUES (634, 1912, 35, 2);
INSERT INTO football.squad (idsquad, player_id, club_id, season_id) VALUES (635, 1913, 35, 2);
INSERT INTO football.squad (idsquad, player_id, club_id, season_id) VALUES (636, 1914, 35, 2);
INSERT INTO football.squad (idsquad, player_id, club_id, season_id) VALUES (637, 1915, 35, 2);
INSERT INTO football.squad (idsquad, player_id, club_id, season_id) VALUES (638, 1916, 35, 2);
INSERT INTO football.squad (idsquad, player_id, club_id, season_id) VALUES (639, 1917, 35, 2);
INSERT INTO football.squad (idsquad, player_id, club_id, season_id) VALUES (640, 1918, 35, 2);
INSERT INTO football.squad (idsquad, player_id, club_id, season_id) VALUES (641, 1919, 35, 2);
INSERT INTO football.squad (idsquad, player_id, club_id, season_id) VALUES (642, 1920, 35, 2);
INSERT INTO football.squad (idsquad, player_id, club_id, season_id) VALUES (643, 1921, 35, 2);
INSERT INTO football.squad (idsquad, player_id, club_id, season_id) VALUES (644, 1922, 35, 2);
INSERT INTO football.squad (idsquad, player_id, club_id, season_id) VALUES (645, 1923, 35, 2);
INSERT INTO football.squad (idsquad, player_id, club_id, season_id) VALUES (646, 1924, 38, 2);
INSERT INTO football.squad (idsquad, player_id, club_id, season_id) VALUES (647, 1925, 38, 2);
INSERT INTO football.squad (idsquad, player_id, club_id, season_id) VALUES (648, 1926, 38, 2);
INSERT INTO football.squad (idsquad, player_id, club_id, season_id) VALUES (649, 1927, 38, 2);
INSERT INTO football.squad (idsquad, player_id, club_id, season_id) VALUES (650, 1928, 38, 2);
INSERT INTO football.squad (idsquad, player_id, club_id, season_id) VALUES (651, 1929, 38, 2);
INSERT INTO football.squad (idsquad, player_id, club_id, season_id) VALUES (652, 1930, 38, 2);
INSERT INTO football.squad (idsquad, player_id, club_id, season_id) VALUES (653, 1931, 38, 2);
INSERT INTO football.squad (idsquad, player_id, club_id, season_id) VALUES (654, 1932, 38, 2);
INSERT INTO football.squad (idsquad, player_id, club_id, season_id) VALUES (655, 1933, 38, 2);
INSERT INTO football.squad (idsquad, player_id, club_id, season_id) VALUES (656, 1934, 38, 2);
INSERT INTO football.squad (idsquad, player_id, club_id, season_id) VALUES (657, 1935, 38, 2);
INSERT INTO football.squad (idsquad, player_id, club_id, season_id) VALUES (658, 1936, 38, 2);
INSERT INTO football.squad (idsquad, player_id, club_id, season_id) VALUES (659, 1937, 38, 2);
INSERT INTO football.squad (idsquad, player_id, club_id, season_id) VALUES (660, 1938, 38, 2);
INSERT INTO football.squad (idsquad, player_id, club_id, season_id) VALUES (661, 1939, 38, 2);
INSERT INTO football.squad (idsquad, player_id, club_id, season_id) VALUES (662, 1940, 38, 2);
INSERT INTO football.squad (idsquad, player_id, club_id, season_id) VALUES (663, 1941, 38, 2);
INSERT INTO football.squad (idsquad, player_id, club_id, season_id) VALUES (664, 1942, 38, 2);
INSERT INTO football.squad (idsquad, player_id, club_id, season_id) VALUES (665, 1943, 38, 2);
INSERT INTO football.squad (idsquad, player_id, club_id, season_id) VALUES (666, 1944, 38, 2);
INSERT INTO football.squad (idsquad, player_id, club_id, season_id) VALUES (667, 1945, 38, 2);
INSERT INTO football.squad (idsquad, player_id, club_id, season_id) VALUES (668, 1946, 38, 2);
INSERT INTO football.squad (idsquad, player_id, club_id, season_id) VALUES (669, 1947, 38, 2);
INSERT INTO football.squad (idsquad, player_id, club_id, season_id) VALUES (670, 1948, 38, 2);
INSERT INTO football.squad (idsquad, player_id, club_id, season_id) VALUES (671, 1949, 38, 2);
INSERT INTO football.squad (idsquad, player_id, club_id, season_id) VALUES (672, 1950, 38, 2);
INSERT INTO football.squad (idsquad, player_id, club_id, season_id) VALUES (673, 1951, 38, 2);
INSERT INTO football.squad (idsquad, player_id, club_id, season_id) VALUES (674, 1952, 38, 2);
INSERT INTO football.squad (idsquad, player_id, club_id, season_id) VALUES (675, 1953, 38, 2);
INSERT INTO football.squad (idsquad, player_id, club_id, season_id) VALUES (676, 1954, 39, 2);
INSERT INTO football.squad (idsquad, player_id, club_id, season_id) VALUES (677, 1955, 39, 2);
INSERT INTO football.squad (idsquad, player_id, club_id, season_id) VALUES (678, 1956, 39, 2);
INSERT INTO football.squad (idsquad, player_id, club_id, season_id) VALUES (679, 1957, 39, 2);
INSERT INTO football.squad (idsquad, player_id, club_id, season_id) VALUES (680, 1958, 39, 2);
INSERT INTO football.squad (idsquad, player_id, club_id, season_id) VALUES (681, 1959, 39, 2);
INSERT INTO football.squad (idsquad, player_id, club_id, season_id) VALUES (682, 1960, 39, 2);
INSERT INTO football.squad (idsquad, player_id, club_id, season_id) VALUES (683, 1961, 39, 2);
INSERT INTO football.squad (idsquad, player_id, club_id, season_id) VALUES (684, 1962, 39, 2);
INSERT INTO football.squad (idsquad, player_id, club_id, season_id) VALUES (685, 1963, 39, 2);
INSERT INTO football.squad (idsquad, player_id, club_id, season_id) VALUES (686, 1964, 39, 2);
INSERT INTO football.squad (idsquad, player_id, club_id, season_id) VALUES (687, 1965, 39, 2);
INSERT INTO football.squad (idsquad, player_id, club_id, season_id) VALUES (688, 1966, 39, 2);
INSERT INTO football.squad (idsquad, player_id, club_id, season_id) VALUES (689, 1967, 39, 2);
INSERT INTO football.squad (idsquad, player_id, club_id, season_id) VALUES (690, 1968, 39, 2);
INSERT INTO football.squad (idsquad, player_id, club_id, season_id) VALUES (691, 1969, 39, 2);
INSERT INTO football.squad (idsquad, player_id, club_id, season_id) VALUES (692, 1970, 39, 2);
INSERT INTO football.squad (idsquad, player_id, club_id, season_id) VALUES (693, 1971, 39, 2);
INSERT INTO football.squad (idsquad, player_id, club_id, season_id) VALUES (694, 1972, 39, 2);
INSERT INTO football.squad (idsquad, player_id, club_id, season_id) VALUES (695, 1973, 39, 2);
INSERT INTO football.squad (idsquad, player_id, club_id, season_id) VALUES (696, 1974, 39, 2);
INSERT INTO football.squad (idsquad, player_id, club_id, season_id) VALUES (697, 1975, 39, 2);
INSERT INTO football.squad (idsquad, player_id, club_id, season_id) VALUES (698, 1976, 39, 2);
INSERT INTO football.squad (idsquad, player_id, club_id, season_id) VALUES (699, 1977, 39, 2);
INSERT INTO football.squad (idsquad, player_id, club_id, season_id) VALUES (700, 1978, 39, 2);
INSERT INTO football.squad (idsquad, player_id, club_id, season_id) VALUES (701, 1979, 39, 2);
INSERT INTO football.squad (idsquad, player_id, club_id, season_id) VALUES (702, 1980, 39, 2);
INSERT INTO football.squad (idsquad, player_id, club_id, season_id) VALUES (703, 1981, 39, 2);
INSERT INTO football.squad (idsquad, player_id, club_id, season_id) VALUES (704, 1982, 39, 2);
INSERT INTO football.squad (idsquad, player_id, club_id, season_id) VALUES (705, 1983, 39, 2);
INSERT INTO football.squad (idsquad, player_id, club_id, season_id) VALUES (706, 1984, 39, 2);
INSERT INTO football.squad (idsquad, player_id, club_id, season_id) VALUES (707, 1985, 39, 2);
INSERT INTO football.squad (idsquad, player_id, club_id, season_id) VALUES (708, 1986, 39, 2);
INSERT INTO football.squad (idsquad, player_id, club_id, season_id) VALUES (709, 1987, 39, 2);
INSERT INTO football.squad (idsquad, player_id, club_id, season_id) VALUES (710, 1988, 39, 2);
INSERT INTO football.squad (idsquad, player_id, club_id, season_id) VALUES (711, 1989, 39, 2);
INSERT INTO football.squad (idsquad, player_id, club_id, season_id) VALUES (712, 1990, 39, 2);
INSERT INTO football.squad (idsquad, player_id, club_id, season_id) VALUES (713, 1991, 39, 2);
INSERT INTO football.squad (idsquad, player_id, club_id, season_id) VALUES (714, 1992, 39, 2);
INSERT INTO football.squad (idsquad, player_id, club_id, season_id) VALUES (715, 1993, 47, 2);
INSERT INTO football.squad (idsquad, player_id, club_id, season_id) VALUES (716, 1994, 47, 2);
INSERT INTO football.squad (idsquad, player_id, club_id, season_id) VALUES (717, 1995, 47, 2);
INSERT INTO football.squad (idsquad, player_id, club_id, season_id) VALUES (718, 1996, 47, 2);
INSERT INTO football.squad (idsquad, player_id, club_id, season_id) VALUES (719, 1997, 47, 2);
INSERT INTO football.squad (idsquad, player_id, club_id, season_id) VALUES (720, 1998, 47, 2);
INSERT INTO football.squad (idsquad, player_id, club_id, season_id) VALUES (721, 1999, 47, 2);
INSERT INTO football.squad (idsquad, player_id, club_id, season_id) VALUES (722, 2000, 47, 2);
INSERT INTO football.squad (idsquad, player_id, club_id, season_id) VALUES (723, 2001, 47, 2);
INSERT INTO football.squad (idsquad, player_id, club_id, season_id) VALUES (724, 2002, 47, 2);
INSERT INTO football.squad (idsquad, player_id, club_id, season_id) VALUES (725, 2003, 47, 2);
INSERT INTO football.squad (idsquad, player_id, club_id, season_id) VALUES (726, 2004, 47, 2);
INSERT INTO football.squad (idsquad, player_id, club_id, season_id) VALUES (727, 2005, 47, 2);
INSERT INTO football.squad (idsquad, player_id, club_id, season_id) VALUES (728, 2006, 47, 2);
INSERT INTO football.squad (idsquad, player_id, club_id, season_id) VALUES (729, 2007, 47, 2);
INSERT INTO football.squad (idsquad, player_id, club_id, season_id) VALUES (730, 2008, 47, 2);
INSERT INTO football.squad (idsquad, player_id, club_id, season_id) VALUES (731, 2009, 47, 2);
INSERT INTO football.squad (idsquad, player_id, club_id, season_id) VALUES (732, 2010, 47, 2);
INSERT INTO football.squad (idsquad, player_id, club_id, season_id) VALUES (733, 2011, 47, 2);
INSERT INTO football.squad (idsquad, player_id, club_id, season_id) VALUES (734, 2012, 47, 2);
INSERT INTO football.squad (idsquad, player_id, club_id, season_id) VALUES (735, 2013, 47, 2);
INSERT INTO football.squad (idsquad, player_id, club_id, season_id) VALUES (736, 2014, 47, 2);
INSERT INTO football.squad (idsquad, player_id, club_id, season_id) VALUES (737, 2015, 47, 2);
INSERT INTO football.squad (idsquad, player_id, club_id, season_id) VALUES (738, 2016, 47, 2);
INSERT INTO football.squad (idsquad, player_id, club_id, season_id) VALUES (739, 2017, 47, 2);
INSERT INTO football.squad (idsquad, player_id, club_id, season_id) VALUES (740, 2018, 47, 2);
INSERT INTO football.squad (idsquad, player_id, club_id, season_id) VALUES (741, 2019, 47, 2);
INSERT INTO football.squad (idsquad, player_id, club_id, season_id) VALUES (742, 2020, 47, 2);
INSERT INTO football.squad (idsquad, player_id, club_id, season_id) VALUES (743, 2021, 47, 2);
INSERT INTO football.squad (idsquad, player_id, club_id, season_id) VALUES (744, 2022, 47, 2);
INSERT INTO football.squad (idsquad, player_id, club_id, season_id) VALUES (745, 2023, 49, 2);
INSERT INTO football.squad (idsquad, player_id, club_id, season_id) VALUES (746, 2024, 49, 2);
INSERT INTO football.squad (idsquad, player_id, club_id, season_id) VALUES (747, 2025, 49, 2);
INSERT INTO football.squad (idsquad, player_id, club_id, season_id) VALUES (748, 2026, 49, 2);
INSERT INTO football.squad (idsquad, player_id, club_id, season_id) VALUES (749, 2027, 49, 2);
INSERT INTO football.squad (idsquad, player_id, club_id, season_id) VALUES (750, 2028, 49, 2);
INSERT INTO football.squad (idsquad, player_id, club_id, season_id) VALUES (751, 2029, 49, 2);
INSERT INTO football.squad (idsquad, player_id, club_id, season_id) VALUES (752, 2030, 49, 2);
INSERT INTO football.squad (idsquad, player_id, club_id, season_id) VALUES (753, 2031, 49, 2);
INSERT INTO football.squad (idsquad, player_id, club_id, season_id) VALUES (754, 2032, 49, 2);
INSERT INTO football.squad (idsquad, player_id, club_id, season_id) VALUES (755, 2033, 49, 2);
INSERT INTO football.squad (idsquad, player_id, club_id, season_id) VALUES (756, 2034, 49, 2);
INSERT INTO football.squad (idsquad, player_id, club_id, season_id) VALUES (757, 2035, 49, 2);
INSERT INTO football.squad (idsquad, player_id, club_id, season_id) VALUES (758, 2036, 49, 2);
INSERT INTO football.squad (idsquad, player_id, club_id, season_id) VALUES (759, 2037, 49, 2);
INSERT INTO football.squad (idsquad, player_id, club_id, season_id) VALUES (760, 2038, 49, 2);
INSERT INTO football.squad (idsquad, player_id, club_id, season_id) VALUES (761, 2039, 49, 2);
INSERT INTO football.squad (idsquad, player_id, club_id, season_id) VALUES (762, 2040, 49, 2);
INSERT INTO football.squad (idsquad, player_id, club_id, season_id) VALUES (763, 2041, 49, 2);
INSERT INTO football.squad (idsquad, player_id, club_id, season_id) VALUES (764, 2042, 49, 2);
INSERT INTO football.squad (idsquad, player_id, club_id, season_id) VALUES (765, 2043, 49, 2);
INSERT INTO football.squad (idsquad, player_id, club_id, season_id) VALUES (766, 2044, 49, 2);
INSERT INTO football.squad (idsquad, player_id, club_id, season_id) VALUES (767, 2045, 49, 2);
INSERT INTO football.squad (idsquad, player_id, club_id, season_id) VALUES (768, 2046, 49, 2);
INSERT INTO football.squad (idsquad, player_id, club_id, season_id) VALUES (769, 2047, 49, 2);
INSERT INTO football.squad (idsquad, player_id, club_id, season_id) VALUES (770, 2048, 49, 2);
INSERT INTO football.squad (idsquad, player_id, club_id, season_id) VALUES (771, 2049, 49, 2);
INSERT INTO football.squad (idsquad, player_id, club_id, season_id) VALUES (772, 2050, 49, 2);
INSERT INTO football.squad (idsquad, player_id, club_id, season_id) VALUES (773, 2051, 49, 2);
INSERT INTO football.squad (idsquad, player_id, club_id, season_id) VALUES (774, 2052, 49, 2);
INSERT INTO football.squad (idsquad, player_id, club_id, season_id) VALUES (775, 2053, 49, 2);
INSERT INTO football.squad (idsquad, player_id, club_id, season_id) VALUES (776, 2054, 49, 2);
INSERT INTO football.squad (idsquad, player_id, club_id, season_id) VALUES (777, 2055, 49, 2);
INSERT INTO football.squad (idsquad, player_id, club_id, season_id) VALUES (778, 2056, 45, 2);
INSERT INTO football.squad (idsquad, player_id, club_id, season_id) VALUES (779, 2057, 45, 2);
INSERT INTO football.squad (idsquad, player_id, club_id, season_id) VALUES (780, 2058, 45, 2);
INSERT INTO football.squad (idsquad, player_id, club_id, season_id) VALUES (781, 2059, 45, 2);
INSERT INTO football.squad (idsquad, player_id, club_id, season_id) VALUES (782, 2060, 45, 2);
INSERT INTO football.squad (idsquad, player_id, club_id, season_id) VALUES (783, 2061, 45, 2);
INSERT INTO football.squad (idsquad, player_id, club_id, season_id) VALUES (784, 2062, 45, 2);
INSERT INTO football.squad (idsquad, player_id, club_id, season_id) VALUES (785, 2063, 45, 2);
INSERT INTO football.squad (idsquad, player_id, club_id, season_id) VALUES (786, 2064, 45, 2);
INSERT INTO football.squad (idsquad, player_id, club_id, season_id) VALUES (787, 2065, 45, 2);
INSERT INTO football.squad (idsquad, player_id, club_id, season_id) VALUES (788, 2066, 45, 2);
INSERT INTO football.squad (idsquad, player_id, club_id, season_id) VALUES (789, 2067, 45, 2);
INSERT INTO football.squad (idsquad, player_id, club_id, season_id) VALUES (790, 2068, 45, 2);
INSERT INTO football.squad (idsquad, player_id, club_id, season_id) VALUES (791, 2069, 45, 2);
INSERT INTO football.squad (idsquad, player_id, club_id, season_id) VALUES (792, 2070, 45, 2);
INSERT INTO football.squad (idsquad, player_id, club_id, season_id) VALUES (793, 2071, 45, 2);
INSERT INTO football.squad (idsquad, player_id, club_id, season_id) VALUES (794, 2072, 45, 2);
INSERT INTO football.squad (idsquad, player_id, club_id, season_id) VALUES (795, 2073, 45, 2);
INSERT INTO football.squad (idsquad, player_id, club_id, season_id) VALUES (796, 2074, 45, 2);
INSERT INTO football.squad (idsquad, player_id, club_id, season_id) VALUES (797, 2075, 45, 2);
INSERT INTO football.squad (idsquad, player_id, club_id, season_id) VALUES (798, 2076, 45, 2);
INSERT INTO football.squad (idsquad, player_id, club_id, season_id) VALUES (799, 2077, 45, 2);
INSERT INTO football.squad (idsquad, player_id, club_id, season_id) VALUES (800, 2078, 45, 2);
INSERT INTO football.squad (idsquad, player_id, club_id, season_id) VALUES (801, 2079, 45, 2);
INSERT INTO football.squad (idsquad, player_id, club_id, season_id) VALUES (802, 2080, 45, 2);
INSERT INTO football.squad (idsquad, player_id, club_id, season_id) VALUES (803, 2081, 45, 2);
INSERT INTO football.squad (idsquad, player_id, club_id, season_id) VALUES (804, 2082, 45, 2);
INSERT INTO football.squad (idsquad, player_id, club_id, season_id) VALUES (805, 2083, 45, 2);
INSERT INTO football.squad (idsquad, player_id, club_id, season_id) VALUES (806, 2084, 45, 2);
INSERT INTO football.squad (idsquad, player_id, club_id, season_id) VALUES (807, 2085, 45, 2);
INSERT INTO football.squad (idsquad, player_id, club_id, season_id) VALUES (808, 2086, 45, 2);
INSERT INTO football.squad (idsquad, player_id, club_id, season_id) VALUES (809, 2087, 45, 2);
INSERT INTO football.squad (idsquad, player_id, club_id, season_id) VALUES (810, 2088, 45, 2);
INSERT INTO football.squad (idsquad, player_id, club_id, season_id) VALUES (811, 2089, 45, 2);
INSERT INTO football.squad (idsquad, player_id, club_id, season_id) VALUES (812, 2090, 45, 2);
INSERT INTO football.squad (idsquad, player_id, club_id, season_id) VALUES (813, 2091, 45, 2);
INSERT INTO football.squad (idsquad, player_id, club_id, season_id) VALUES (814, 2092, 48, 2);
INSERT INTO football.squad (idsquad, player_id, club_id, season_id) VALUES (815, 2093, 48, 2);
INSERT INTO football.squad (idsquad, player_id, club_id, season_id) VALUES (816, 2094, 48, 2);
INSERT INTO football.squad (idsquad, player_id, club_id, season_id) VALUES (817, 2095, 48, 2);
INSERT INTO football.squad (idsquad, player_id, club_id, season_id) VALUES (818, 2096, 48, 2);
INSERT INTO football.squad (idsquad, player_id, club_id, season_id) VALUES (819, 2097, 48, 2);
INSERT INTO football.squad (idsquad, player_id, club_id, season_id) VALUES (820, 2098, 48, 2);
INSERT INTO football.squad (idsquad, player_id, club_id, season_id) VALUES (821, 2099, 48, 2);
INSERT INTO football.squad (idsquad, player_id, club_id, season_id) VALUES (822, 2100, 48, 2);
INSERT INTO football.squad (idsquad, player_id, club_id, season_id) VALUES (823, 2101, 48, 2);
INSERT INTO football.squad (idsquad, player_id, club_id, season_id) VALUES (824, 2102, 48, 2);
INSERT INTO football.squad (idsquad, player_id, club_id, season_id) VALUES (825, 2103, 48, 2);
INSERT INTO football.squad (idsquad, player_id, club_id, season_id) VALUES (826, 2104, 48, 2);
INSERT INTO football.squad (idsquad, player_id, club_id, season_id) VALUES (827, 2105, 48, 2);
INSERT INTO football.squad (idsquad, player_id, club_id, season_id) VALUES (828, 2106, 48, 2);
INSERT INTO football.squad (idsquad, player_id, club_id, season_id) VALUES (829, 2107, 48, 2);
INSERT INTO football.squad (idsquad, player_id, club_id, season_id) VALUES (830, 2108, 48, 2);
INSERT INTO football.squad (idsquad, player_id, club_id, season_id) VALUES (831, 2109, 48, 2);
INSERT INTO football.squad (idsquad, player_id, club_id, season_id) VALUES (832, 2110, 48, 2);
INSERT INTO football.squad (idsquad, player_id, club_id, season_id) VALUES (833, 2111, 48, 2);
INSERT INTO football.squad (idsquad, player_id, club_id, season_id) VALUES (834, 2112, 48, 2);
INSERT INTO football.squad (idsquad, player_id, club_id, season_id) VALUES (835, 2113, 48, 2);
INSERT INTO football.squad (idsquad, player_id, club_id, season_id) VALUES (836, 2114, 48, 2);
INSERT INTO football.squad (idsquad, player_id, club_id, season_id) VALUES (837, 2115, 48, 2);
INSERT INTO football.squad (idsquad, player_id, club_id, season_id) VALUES (838, 2116, 48, 2);
INSERT INTO football.squad (idsquad, player_id, club_id, season_id) VALUES (839, 2117, 48, 2);
INSERT INTO football.squad (idsquad, player_id, club_id, season_id) VALUES (840, 2118, 48, 2);
INSERT INTO football.squad (idsquad, player_id, club_id, season_id) VALUES (841, 2119, 48, 2);
INSERT INTO football.squad (idsquad, player_id, club_id, season_id) VALUES (842, 2120, 48, 2);
INSERT INTO football.squad (idsquad, player_id, club_id, season_id) VALUES (843, 2121, 48, 2);
INSERT INTO football.squad (idsquad, player_id, club_id, season_id) VALUES (844, 2122, 48, 2);
INSERT INTO football.squad (idsquad, player_id, club_id, season_id) VALUES (845, 2123, 48, 2);
INSERT INTO football.squad (idsquad, player_id, club_id, season_id) VALUES (846, 2124, 48, 2);
INSERT INTO football.squad (idsquad, player_id, club_id, season_id) VALUES (847, 2125, 48, 2);
INSERT INTO football.squad (idsquad, player_id, club_id, season_id) VALUES (848, 2126, 48, 2);
INSERT INTO football.squad (idsquad, player_id, club_id, season_id) VALUES (849, 2127, 48, 2);
INSERT INTO football.squad (idsquad, player_id, club_id, season_id) VALUES (850, 2128, 30, 2);
INSERT INTO football.squad (idsquad, player_id, club_id, season_id) VALUES (851, 2129, 30, 2);
INSERT INTO football.squad (idsquad, player_id, club_id, season_id) VALUES (852, 2130, 30, 2);
INSERT INTO football.squad (idsquad, player_id, club_id, season_id) VALUES (853, 2131, 30, 2);
INSERT INTO football.squad (idsquad, player_id, club_id, season_id) VALUES (854, 2132, 30, 2);
INSERT INTO football.squad (idsquad, player_id, club_id, season_id) VALUES (855, 2133, 30, 2);
INSERT INTO football.squad (idsquad, player_id, club_id, season_id) VALUES (856, 2134, 30, 2);
INSERT INTO football.squad (idsquad, player_id, club_id, season_id) VALUES (857, 2135, 30, 2);
INSERT INTO football.squad (idsquad, player_id, club_id, season_id) VALUES (858, 2136, 30, 2);
INSERT INTO football.squad (idsquad, player_id, club_id, season_id) VALUES (859, 2137, 30, 2);
INSERT INTO football.squad (idsquad, player_id, club_id, season_id) VALUES (860, 2138, 30, 2);
INSERT INTO football.squad (idsquad, player_id, club_id, season_id) VALUES (861, 2139, 30, 2);
INSERT INTO football.squad (idsquad, player_id, club_id, season_id) VALUES (862, 2140, 30, 2);
INSERT INTO football.squad (idsquad, player_id, club_id, season_id) VALUES (863, 2141, 30, 2);
INSERT INTO football.squad (idsquad, player_id, club_id, season_id) VALUES (864, 2142, 30, 2);
INSERT INTO football.squad (idsquad, player_id, club_id, season_id) VALUES (865, 2143, 30, 2);
INSERT INTO football.squad (idsquad, player_id, club_id, season_id) VALUES (866, 2144, 30, 2);
INSERT INTO football.squad (idsquad, player_id, club_id, season_id) VALUES (867, 2145, 30, 2);
INSERT INTO football.squad (idsquad, player_id, club_id, season_id) VALUES (868, 2146, 30, 2);
INSERT INTO football.squad (idsquad, player_id, club_id, season_id) VALUES (869, 2147, 30, 2);
INSERT INTO football.squad (idsquad, player_id, club_id, season_id) VALUES (870, 2148, 30, 2);
INSERT INTO football.squad (idsquad, player_id, club_id, season_id) VALUES (871, 2149, 30, 2);
INSERT INTO football.squad (idsquad, player_id, club_id, season_id) VALUES (872, 2150, 30, 2);
INSERT INTO football.squad (idsquad, player_id, club_id, season_id) VALUES (873, 2151, 30, 2);
INSERT INTO football.squad (idsquad, player_id, club_id, season_id) VALUES (874, 2152, 30, 2);
INSERT INTO football.squad (idsquad, player_id, club_id, season_id) VALUES (875, 2153, 30, 2);
INSERT INTO football.squad (idsquad, player_id, club_id, season_id) VALUES (876, 2154, 30, 2);
INSERT INTO football.squad (idsquad, player_id, club_id, season_id) VALUES (877, 2155, 30, 2);
INSERT INTO football.squad (idsquad, player_id, club_id, season_id) VALUES (878, 2156, 30, 2);
INSERT INTO football.squad (idsquad, player_id, club_id, season_id) VALUES (879, 2157, 30, 2);
INSERT INTO football.squad (idsquad, player_id, club_id, season_id) VALUES (880, 2158, 30, 2);
INSERT INTO football.squad (idsquad, player_id, club_id, season_id) VALUES (881, 2159, 30, 2);
INSERT INTO football.squad (idsquad, player_id, club_id, season_id) VALUES (882, 2160, 30, 2);
INSERT INTO football.squad (idsquad, player_id, club_id, season_id) VALUES (883, 2161, 30, 2);
INSERT INTO football.squad (idsquad, player_id, club_id, season_id) VALUES (884, 2162, 30, 2);
INSERT INTO football.squad (idsquad, player_id, club_id, season_id) VALUES (885, 2163, 30, 2);
INSERT INTO football.squad (idsquad, player_id, club_id, season_id) VALUES (886, 2164, 30, 2);
INSERT INTO football.squad (idsquad, player_id, club_id, season_id) VALUES (887, 2165, 30, 2);
INSERT INTO football.squad (idsquad, player_id, club_id, season_id) VALUES (888, 2166, 30, 2);
INSERT INTO football.squad (idsquad, player_id, club_id, season_id) VALUES (889, 2167, 30, 2);

create table game
(
    idgame     int auto_increment
        primary key,
    home       int not null,
    away       int not null,
    season_id  int not null,
    referee_id int not null,
    score_home int not null,
    score_away int not null,
    score      int not null,
    constraint game_away_has_club
        foreign key (away) references club (idclub),
    constraint game_has_referee
        foreign key (referee_id) references referee (idreferee),
    constraint game_has_season
        foreign key (season_id) references season (idseason),
    constraint game_home_has_club
        foreign key (home) references club (idclub)
)
    charset = utf8;

INSERT INTO football.game (idgame, home, away, season_id, referee_id, score_home, score_away, score) VALUES (1, 1, 2, 1, 1, 0, 0, 0);
INSERT INTO football.game (idgame, home, away, season_id, referee_id, score_home, score_away, score) VALUES (2, 1, 3, 1, 2, 2, 1, 1);
INSERT INTO football.game (idgame, home, away, season_id, referee_id, score_home, score_away, score) VALUES (3, 1, 4, 1, 3, 0, 1, 2);
INSERT INTO football.game (idgame, home, away, season_id, referee_id, score_home, score_away, score) VALUES (4, 1, 5, 1, 4, 1, 1, 0);
INSERT INTO football.game (idgame, home, away, season_id, referee_id, score_home, score_away, score) VALUES (5, 1, 6, 1, 5, 2, 0, 1);
INSERT INTO football.game (idgame, home, away, season_id, referee_id, score_home, score_away, score) VALUES (6, 1, 7, 1, 6, 1, 2, 2);
INSERT INTO football.game (idgame, home, away, season_id, referee_id, score_home, score_away, score) VALUES (7, 1, 8, 1, 7, 2, 2, 0);
INSERT INTO football.game (idgame, home, away, season_id, referee_id, score_home, score_away, score) VALUES (8, 1, 9, 1, 8, 3, 2, 1);
INSERT INTO football.game (idgame, home, away, season_id, referee_id, score_home, score_away, score) VALUES (9, 1, 10, 1, 9, 2, 3, 2);
INSERT INTO football.game (idgame, home, away, season_id, referee_id, score_home, score_away, score) VALUES (10, 1, 11, 1, 10, 3, 3, 0);
INSERT INTO football.game (idgame, home, away, season_id, referee_id, score_home, score_away, score) VALUES (11, 1, 12, 1, 11, 0, 0, 1);
INSERT INTO football.game (idgame, home, away, season_id, referee_id, score_home, score_away, score) VALUES (12, 1, 13, 1, 12, 0, 1, 2);
INSERT INTO football.game (idgame, home, away, season_id, referee_id, score_home, score_away, score) VALUES (13, 1, 14, 1, 13, 4, 4, 0);
INSERT INTO football.game (idgame, home, away, season_id, referee_id, score_home, score_away, score) VALUES (14, 1, 15, 1, 14, 2, 0, 1);
INSERT INTO football.game (idgame, home, away, season_id, referee_id, score_home, score_away, score) VALUES (15, 1, 16, 1, 15, 1, 2, 2);
INSERT INTO football.game (idgame, home, away, season_id, referee_id, score_home, score_away, score) VALUES (16, 1, 17, 1, 16, 0, 0, 0);
INSERT INTO football.game (idgame, home, away, season_id, referee_id, score_home, score_away, score) VALUES (17, 1, 18, 1, 17, 3, 2, 1);
INSERT INTO football.game (idgame, home, away, season_id, referee_id, score_home, score_away, score) VALUES (18, 1, 19, 1, 18, 2, 3, 2);
INSERT INTO football.game (idgame, home, away, season_id, referee_id, score_home, score_away, score) VALUES (19, 1, 20, 1, 19, 1, 1, 0);
INSERT INTO football.game (idgame, home, away, season_id, referee_id, score_home, score_away, score) VALUES (20, 2, 1, 1, 20, 2, 1, 1);
INSERT INTO football.game (idgame, home, away, season_id, referee_id, score_home, score_away, score) VALUES (21, 2, 3, 1, 1, 1, 2, 2);
INSERT INTO football.game (idgame, home, away, season_id, referee_id, score_home, score_away, score) VALUES (22, 2, 4, 1, 2, 2, 2, 0);
INSERT INTO football.game (idgame, home, away, season_id, referee_id, score_home, score_away, score) VALUES (23, 2, 5, 1, 3, 3, 1, 1);
INSERT INTO football.game (idgame, home, away, season_id, referee_id, score_home, score_away, score) VALUES (24, 2, 6, 1, 4, 1, 3, 2);
INSERT INTO football.game (idgame, home, away, season_id, referee_id, score_home, score_away, score) VALUES (25, 2, 7, 1, 5, 3, 3, 0);
INSERT INTO football.game (idgame, home, away, season_id, referee_id, score_home, score_away, score) VALUES (26, 2, 8, 1, 6, 2, 1, 1);
INSERT INTO football.game (idgame, home, away, season_id, referee_id, score_home, score_away, score) VALUES (27, 2, 9, 1, 7, 0, 1, 2);
INSERT INTO football.game (idgame, home, away, season_id, referee_id, score_home, score_away, score) VALUES (28, 2, 10, 1, 8, 4, 4, 0);
INSERT INTO football.game (idgame, home, away, season_id, referee_id, score_home, score_away, score) VALUES (29, 2, 11, 1, 9, 3, 1, 1);
INSERT INTO football.game (idgame, home, away, season_id, referee_id, score_home, score_away, score) VALUES (30, 2, 12, 1, 10, 1, 2, 2);
INSERT INTO football.game (idgame, home, away, season_id, referee_id, score_home, score_away, score) VALUES (31, 2, 13, 1, 11, 1, 1, 0);
INSERT INTO football.game (idgame, home, away, season_id, referee_id, score_home, score_away, score) VALUES (32, 2, 14, 1, 12, 1, 0, 1);
INSERT INTO football.game (idgame, home, away, season_id, referee_id, score_home, score_away, score) VALUES (33, 2, 15, 1, 13, 2, 3, 2);
INSERT INTO football.game (idgame, home, away, season_id, referee_id, score_home, score_away, score) VALUES (34, 2, 16, 1, 14, 2, 2, 0);
INSERT INTO football.game (idgame, home, away, season_id, referee_id, score_home, score_away, score) VALUES (35, 2, 17, 1, 15, 2, 0, 1);
INSERT INTO football.game (idgame, home, away, season_id, referee_id, score_home, score_away, score) VALUES (36, 2, 18, 1, 16, 0, 1, 2);
INSERT INTO football.game (idgame, home, away, season_id, referee_id, score_home, score_away, score) VALUES (37, 2, 19, 1, 17, 3, 3, 0);
INSERT INTO football.game (idgame, home, away, season_id, referee_id, score_home, score_away, score) VALUES (38, 2, 20, 1, 18, 3, 1, 1);
INSERT INTO football.game (idgame, home, away, season_id, referee_id, score_home, score_away, score) VALUES (39, 3, 1, 1, 19, 0, 2, 2);
INSERT INTO football.game (idgame, home, away, season_id, referee_id, score_home, score_away, score) VALUES (40, 3, 2, 1, 20, 4, 4, 0);
INSERT INTO football.game (idgame, home, away, season_id, referee_id, score_home, score_away, score) VALUES (41, 3, 4, 1, 1, 1, 0, 1);
INSERT INTO football.game (idgame, home, away, season_id, referee_id, score_home, score_away, score) VALUES (42, 3, 5, 1, 2, 0, 3, 2);
INSERT INTO football.game (idgame, home, away, season_id, referee_id, score_home, score_away, score) VALUES (43, 3, 6, 1, 3, 0, 0, 0);
INSERT INTO football.game (idgame, home, away, season_id, referee_id, score_home, score_away, score) VALUES (44, 3, 7, 1, 4, 2, 1, 1);
INSERT INTO football.game (idgame, home, away, season_id, referee_id, score_home, score_away, score) VALUES (45, 3, 8, 1, 5, 0, 1, 2);
INSERT INTO football.game (idgame, home, away, season_id, referee_id, score_home, score_away, score) VALUES (46, 3, 9, 1, 6, 1, 1, 0);
INSERT INTO football.game (idgame, home, away, season_id, referee_id, score_home, score_away, score) VALUES (47, 3, 10, 1, 7, 3, 2, 1);
INSERT INTO football.game (idgame, home, away, season_id, referee_id, score_home, score_away, score) VALUES (48, 3, 11, 1, 8, 0, 2, 2);
INSERT INTO football.game (idgame, home, away, season_id, referee_id, score_home, score_away, score) VALUES (49, 3, 12, 1, 9, 2, 2, 0);
INSERT INTO football.game (idgame, home, away, season_id, referee_id, score_home, score_away, score) VALUES (50, 3, 13, 1, 10, 1, 0, 1);
INSERT INTO football.game (idgame, home, away, season_id, referee_id, score_home, score_away, score) VALUES (51, 3, 14, 1, 11, 2, 3, 2);
INSERT INTO football.game (idgame, home, away, season_id, referee_id, score_home, score_away, score) VALUES (52, 3, 15, 1, 12, 3, 3, 0);
INSERT INTO football.game (idgame, home, away, season_id, referee_id, score_home, score_away, score) VALUES (53, 3, 16, 1, 13, 2, 1, 1);
INSERT INTO football.game (idgame, home, away, season_id, referee_id, score_home, score_away, score) VALUES (54, 3, 17, 1, 14, 0, 1, 2);
INSERT INTO football.game (idgame, home, away, season_id, referee_id, score_home, score_away, score) VALUES (55, 3, 18, 1, 15, 4, 4, 0);
INSERT INTO football.game (idgame, home, away, season_id, referee_id, score_home, score_away, score) VALUES (56, 3, 19, 1, 16, 3, 2, 1);
INSERT INTO football.game (idgame, home, away, season_id, referee_id, score_home, score_away, score) VALUES (57, 3, 20, 1, 17, 0, 2, 2);
INSERT INTO football.game (idgame, home, away, season_id, referee_id, score_home, score_away, score) VALUES (58, 4, 1, 1, 18, 0, 0, 0);
INSERT INTO football.game (idgame, home, away, season_id, referee_id, score_home, score_away, score) VALUES (59, 4, 2, 1, 19, 1, 0, 1);
INSERT INTO football.game (idgame, home, away, season_id, referee_id, score_home, score_away, score) VALUES (60, 4, 3, 1, 20, 1, 3, 2);
INSERT INTO football.game (idgame, home, away, season_id, referee_id, score_home, score_away, score) VALUES (61, 4, 5, 1, 1, 1, 1, 0);
INSERT INTO football.game (idgame, home, away, season_id, referee_id, score_home, score_away, score) VALUES (62, 4, 6, 1, 2, 2, 1, 1);
INSERT INTO football.game (idgame, home, away, season_id, referee_id, score_home, score_away, score) VALUES (63, 4, 7, 1, 3, 0, 1, 2);
INSERT INTO football.game (idgame, home, away, season_id, referee_id, score_home, score_away, score) VALUES (64, 4, 8, 1, 4, 2, 2, 0);
INSERT INTO football.game (idgame, home, away, season_id, referee_id, score_home, score_away, score) VALUES (65, 4, 9, 1, 5, 3, 1, 1);
INSERT INTO football.game (idgame, home, away, season_id, referee_id, score_home, score_away, score) VALUES (66, 4, 10, 1, 6, 0, 2, 2);
INSERT INTO football.game (idgame, home, away, season_id, referee_id, score_home, score_away, score) VALUES (67, 4, 11, 1, 7, 3, 3, 0);
INSERT INTO football.game (idgame, home, away, season_id, referee_id, score_home, score_away, score) VALUES (68, 4, 12, 1, 8, 1, 0, 1);
INSERT INTO football.game (idgame, home, away, season_id, referee_id, score_home, score_away, score) VALUES (69, 4, 13, 1, 9, 2, 3, 2);
INSERT INTO football.game (idgame, home, away, season_id, referee_id, score_home, score_away, score) VALUES (70, 4, 14, 1, 10, 4, 4, 0);
INSERT INTO football.game (idgame, home, away, season_id, referee_id, score_home, score_away, score) VALUES (71, 4, 15, 1, 11, 2, 1, 1);
INSERT INTO football.game (idgame, home, away, season_id, referee_id, score_home, score_away, score) VALUES (72, 4, 16, 1, 12, 0, 1, 2);
INSERT INTO football.game (idgame, home, away, season_id, referee_id, score_home, score_away, score) VALUES (73, 4, 17, 1, 13, 0, 0, 0);
INSERT INTO football.game (idgame, home, away, season_id, referee_id, score_home, score_away, score) VALUES (74, 4, 18, 1, 14, 3, 1, 1);
INSERT INTO football.game (idgame, home, away, season_id, referee_id, score_home, score_away, score) VALUES (75, 4, 19, 1, 15, 0, 2, 2);
INSERT INTO football.game (idgame, home, away, season_id, referee_id, score_home, score_away, score) VALUES (76, 4, 20, 1, 16, 1, 1, 0);
INSERT INTO football.game (idgame, home, away, season_id, referee_id, score_home, score_away, score) VALUES (77, 5, 1, 1, 17, 1, 0, 1);
INSERT INTO football.game (idgame, home, away, season_id, referee_id, score_home, score_away, score) VALUES (78, 5, 2, 1, 18, 0, 3, 2);
INSERT INTO football.game (idgame, home, away, season_id, referee_id, score_home, score_away, score) VALUES (79, 5, 3, 1, 19, 2, 2, 0);
INSERT INTO football.game (idgame, home, away, season_id, referee_id, score_home, score_away, score) VALUES (80, 5, 4, 1, 20, 2, 1, 1);
INSERT INTO football.game (idgame, home, away, season_id, referee_id, score_home, score_away, score) VALUES (81, 5, 6, 1, 1, 0, 1, 2);
INSERT INTO football.game (idgame, home, away, season_id, referee_id, score_home, score_away, score) VALUES (82, 5, 7, 1, 2, 3, 3, 0);
INSERT INTO football.game (idgame, home, away, season_id, referee_id, score_home, score_away, score) VALUES (83, 5, 8, 1, 3, 3, 1, 1);
INSERT INTO football.game (idgame, home, away, season_id, referee_id, score_home, score_away, score) VALUES (84, 5, 9, 1, 4, 4, 4, 0);
INSERT INTO football.game (idgame, home, away, season_id, referee_id, score_home, score_away, score) VALUES (85, 5, 10, 1, 5, 1, 0, 1);
INSERT INTO football.game (idgame, home, away, season_id, referee_id, score_home, score_away, score) VALUES (86, 5, 11, 1, 6, 1, 2, 2);
INSERT INTO football.game (idgame, home, away, season_id, referee_id, score_home, score_away, score) VALUES (87, 5, 12, 1, 7, 0, 0, 0);
INSERT INTO football.game (idgame, home, away, season_id, referee_id, score_home, score_away, score) VALUES (88, 5, 13, 1, 8, 2, 1, 1);
INSERT INTO football.game (idgame, home, away, season_id, referee_id, score_home, score_away, score) VALUES (89, 5, 14, 1, 9, 0, 3, 2);
INSERT INTO football.game (idgame, home, away, season_id, referee_id, score_home, score_away, score) VALUES (90, 5, 15, 1, 10, 1, 1, 0);
INSERT INTO football.game (idgame, home, away, season_id, referee_id, score_home, score_away, score) VALUES (91, 5, 16, 1, 11, 3, 1, 1);
INSERT INTO football.game (idgame, home, away, season_id, referee_id, score_home, score_away, score) VALUES (92, 5, 17, 1, 12, 0, 1, 2);
INSERT INTO football.game (idgame, home, away, season_id, referee_id, score_home, score_away, score) VALUES (93, 5, 18, 1, 13, 2, 2, 0);
INSERT INTO football.game (idgame, home, away, season_id, referee_id, score_home, score_away, score) VALUES (94, 5, 19, 1, 14, 4, 0, 1);
INSERT INTO football.game (idgame, home, away, season_id, referee_id, score_home, score_away, score) VALUES (95, 5, 20, 1, 15, 1, 2, 2);
INSERT INTO football.game (idgame, home, away, season_id, referee_id, score_home, score_away, score) VALUES (96, 6, 1, 1, 16, 3, 3, 0);
INSERT INTO football.game (idgame, home, away, season_id, referee_id, score_home, score_away, score) VALUES (97, 6, 2, 1, 17, 2, 1, 1);
INSERT INTO football.game (idgame, home, away, season_id, referee_id, score_home, score_away, score) VALUES (98, 6, 3, 1, 18, 1, 3, 2);
INSERT INTO football.game (idgame, home, away, season_id, referee_id, score_home, score_away, score) VALUES (99, 6, 4, 1, 19, 4, 4, 0);
INSERT INTO football.game (idgame, home, away, season_id, referee_id, score_home, score_away, score) VALUES (100, 6, 5, 1, 20, 3, 2, 1);
INSERT INTO football.game (idgame, home, away, season_id, referee_id, score_home, score_away, score) VALUES (101, 6, 7, 1, 1, 0, 1, 2);
INSERT INTO football.game (idgame, home, away, season_id, referee_id, score_home, score_away, score) VALUES (102, 6, 8, 1, 2, 0, 0, 0);
INSERT INTO football.game (idgame, home, away, season_id, referee_id, score_home, score_away, score) VALUES (103, 6, 9, 1, 3, 1, 0, 1);
INSERT INTO football.game (idgame, home, away, season_id, referee_id, score_home, score_away, score) VALUES (104, 6, 10, 1, 4, 0, 2, 2);
INSERT INTO football.game (idgame, home, away, season_id, referee_id, score_home, score_away, score) VALUES (105, 6, 11, 1, 5, 1, 1, 0);
INSERT INTO football.game (idgame, home, away, season_id, referee_id, score_home, score_away, score) VALUES (106, 6, 12, 1, 6, 2, 1, 1);
INSERT INTO football.game (idgame, home, away, season_id, referee_id, score_home, score_away, score) VALUES (107, 6, 13, 1, 7, 2, 3, 2);
INSERT INTO football.game (idgame, home, away, season_id, referee_id, score_home, score_away, score) VALUES (108, 6, 14, 1, 8, 2, 2, 0);
INSERT INTO football.game (idgame, home, away, season_id, referee_id, score_home, score_away, score) VALUES (109, 6, 15, 1, 9, 3, 2, 1);
INSERT INTO football.game (idgame, home, away, season_id, referee_id, score_home, score_away, score) VALUES (110, 6, 16, 1, 10, 0, 1, 2);
INSERT INTO football.game (idgame, home, away, season_id, referee_id, score_home, score_away, score) VALUES (111, 6, 17, 1, 11, 3, 3, 0);
INSERT INTO football.game (idgame, home, away, season_id, referee_id, score_home, score_away, score) VALUES (112, 6, 18, 1, 12, 1, 0, 1);
INSERT INTO football.game (idgame, home, away, season_id, referee_id, score_home, score_away, score) VALUES (113, 6, 19, 1, 13, 1, 2, 2);
INSERT INTO football.game (idgame, home, away, season_id, referee_id, score_home, score_away, score) VALUES (114, 6, 20, 1, 14, 4, 4, 0);
INSERT INTO football.game (idgame, home, away, season_id, referee_id, score_home, score_away, score) VALUES (115, 7, 1, 1, 15, 2, 1, 1);
INSERT INTO football.game (idgame, home, away, season_id, referee_id, score_home, score_away, score) VALUES (116, 7, 2, 1, 16, 1, 3, 2);
INSERT INTO football.game (idgame, home, away, season_id, referee_id, score_home, score_away, score) VALUES (117, 7, 3, 1, 17, 0, 0, 0);
INSERT INTO football.game (idgame, home, away, season_id, referee_id, score_home, score_away, score) VALUES (118, 7, 4, 1, 18, 3, 1, 1);
INSERT INTO football.game (idgame, home, away, season_id, referee_id, score_home, score_away, score) VALUES (119, 7, 5, 1, 19, 0, 1, 2);
INSERT INTO football.game (idgame, home, away, season_id, referee_id, score_home, score_away, score) VALUES (120, 7, 6, 1, 20, 1, 1, 0);
INSERT INTO football.game (idgame, home, away, season_id, referee_id, score_home, score_away, score) VALUES (121, 7, 8, 1, 1, 1, 0, 1);
INSERT INTO football.game (idgame, home, away, season_id, referee_id, score_home, score_away, score) VALUES (122, 7, 9, 1, 2, 0, 2, 2);
INSERT INTO football.game (idgame, home, away, season_id, referee_id, score_home, score_away, score) VALUES (123, 7, 10, 1, 3, 2, 2, 0);
INSERT INTO football.game (idgame, home, away, season_id, referee_id, score_home, score_away, score) VALUES (124, 7, 11, 1, 4, 2, 1, 1);
INSERT INTO football.game (idgame, home, away, season_id, referee_id, score_home, score_away, score) VALUES (125, 7, 12, 1, 5, 2, 3, 2);
INSERT INTO football.game (idgame, home, away, season_id, referee_id, score_home, score_away, score) VALUES (126, 7, 13, 1, 6, 3, 3, 0);
INSERT INTO football.game (idgame, home, away, season_id, referee_id, score_home, score_away, score) VALUES (127, 7, 14, 1, 7, 3, 0, 1);
INSERT INTO football.game (idgame, home, away, season_id, referee_id, score_home, score_away, score) VALUES (128, 7, 15, 1, 8, 0, 1, 2);
INSERT INTO football.game (idgame, home, away, season_id, referee_id, score_home, score_away, score) VALUES (129, 7, 16, 1, 9, 4, 4, 0);
INSERT INTO football.game (idgame, home, away, season_id, referee_id, score_home, score_away, score) VALUES (130, 7, 17, 1, 10, 1, 0, 1);
INSERT INTO football.game (idgame, home, away, season_id, referee_id, score_home, score_away, score) VALUES (131, 7, 18, 1, 11, 0, 2, 2);
INSERT INTO football.game (idgame, home, away, season_id, referee_id, score_home, score_away, score) VALUES (132, 7, 19, 1, 12, 0, 0, 0);
INSERT INTO football.game (idgame, home, away, season_id, referee_id, score_home, score_away, score) VALUES (133, 7, 20, 1, 13, 2, 1, 1);
INSERT INTO football.game (idgame, home, away, season_id, referee_id, score_home, score_away, score) VALUES (134, 8, 1, 1, 14, 1, 3, 2);
INSERT INTO football.game (idgame, home, away, season_id, referee_id, score_home, score_away, score) VALUES (135, 8, 2, 1, 15, 1, 1, 0);
INSERT INTO football.game (idgame, home, away, season_id, referee_id, score_home, score_away, score) VALUES (136, 8, 3, 1, 16, 3, 1, 1);
INSERT INTO football.game (idgame, home, away, season_id, referee_id, score_home, score_away, score) VALUES (137, 8, 4, 1, 17, 0, 1, 2);
INSERT INTO football.game (idgame, home, away, season_id, referee_id, score_home, score_away, score) VALUES (138, 8, 5, 1, 18, 2, 2, 0);
INSERT INTO football.game (idgame, home, away, season_id, referee_id, score_home, score_away, score) VALUES (139, 8, 6, 1, 19, 1, 0, 1);
INSERT INTO football.game (idgame, home, away, season_id, referee_id, score_home, score_away, score) VALUES (140, 8, 7, 1, 20, 0, 2, 2);
INSERT INTO football.game (idgame, home, away, season_id, referee_id, score_home, score_away, score) VALUES (141, 8, 9, 1, 1, 3, 3, 0);
INSERT INTO football.game (idgame, home, away, season_id, referee_id, score_home, score_away, score) VALUES (142, 8, 10, 1, 2, 2, 0, 1);
INSERT INTO football.game (idgame, home, away, season_id, referee_id, score_home, score_away, score) VALUES (143, 8, 11, 1, 3, 1, 3, 2);
INSERT INTO football.game (idgame, home, away, season_id, referee_id, score_home, score_away, score) VALUES (144, 8, 12, 1, 4, 4, 4, 0);
INSERT INTO football.game (idgame, home, away, season_id, referee_id, score_home, score_away, score) VALUES (145, 8, 13, 1, 5, 3, 1, 1);
INSERT INTO football.game (idgame, home, away, season_id, referee_id, score_home, score_away, score) VALUES (146, 8, 14, 1, 6, 0, 1, 2);
INSERT INTO football.game (idgame, home, away, season_id, referee_id, score_home, score_away, score) VALUES (147, 8, 15, 1, 7, 0, 0, 0);
INSERT INTO football.game (idgame, home, away, season_id, referee_id, score_home, score_away, score) VALUES (148, 8, 16, 1, 8, 1, 0, 1);
INSERT INTO football.game (idgame, home, away, season_id, referee_id, score_home, score_away, score) VALUES (149, 8, 17, 1, 9, 1, 2, 2);
INSERT INTO football.game (idgame, home, away, season_id, referee_id, score_home, score_away, score) VALUES (150, 8, 18, 1, 10, 1, 1, 0);
INSERT INTO football.game (idgame, home, away, season_id, referee_id, score_home, score_away, score) VALUES (151, 8, 19, 1, 11, 2, 0, 1);
INSERT INTO football.game (idgame, home, away, season_id, referee_id, score_home, score_away, score) VALUES (152, 8, 20, 1, 12, 0, 3, 2);
INSERT INTO football.game (idgame, home, away, season_id, referee_id, score_home, score_away, score) VALUES (153, 9, 1, 1, 13, 2, 2, 0);
INSERT INTO football.game (idgame, home, away, season_id, referee_id, score_home, score_away, score) VALUES (154, 9, 2, 1, 14, 3, 1, 1);
INSERT INTO football.game (idgame, home, away, season_id, referee_id, score_home, score_away, score) VALUES (155, 9, 3, 1, 15, 0, 1, 2);
INSERT INTO football.game (idgame, home, away, season_id, referee_id, score_home, score_away, score) VALUES (156, 9, 4, 1, 16, 3, 3, 0);
INSERT INTO football.game (idgame, home, away, season_id, referee_id, score_home, score_away, score) VALUES (157, 9, 5, 1, 17, 1, 0, 1);
INSERT INTO football.game (idgame, home, away, season_id, referee_id, score_home, score_away, score) VALUES (158, 9, 6, 1, 18, 1, 2, 2);
INSERT INTO football.game (idgame, home, away, season_id, referee_id, score_home, score_away, score) VALUES (159, 9, 7, 1, 19, 4, 4, 0);
INSERT INTO football.game (idgame, home, away, season_id, referee_id, score_home, score_away, score) VALUES (160, 9, 8, 1, 20, 2, 1, 1);
INSERT INTO football.game (idgame, home, away, season_id, referee_id, score_home, score_away, score) VALUES (161, 9, 10, 1, 1, 2, 3, 2);
INSERT INTO football.game (idgame, home, away, season_id, referee_id, score_home, score_away, score) VALUES (162, 9, 11, 1, 2, 0, 0, 0);
INSERT INTO football.game (idgame, home, away, season_id, referee_id, score_home, score_away, score) VALUES (163, 9, 12, 1, 3, 3, 1, 1);
INSERT INTO football.game (idgame, home, away, season_id, referee_id, score_home, score_away, score) VALUES (164, 9, 13, 1, 4, 0, 1, 2);
INSERT INTO football.game (idgame, home, away, season_id, referee_id, score_home, score_away, score) VALUES (165, 9, 14, 1, 5, 1, 1, 0);
INSERT INTO football.game (idgame, home, away, season_id, referee_id, score_home, score_away, score) VALUES (166, 9, 15, 1, 6, 1, 0, 1);
INSERT INTO football.game (idgame, home, away, season_id, referee_id, score_home, score_away, score) VALUES (167, 9, 16, 1, 7, 1, 2, 2);
INSERT INTO football.game (idgame, home, away, season_id, referee_id, score_home, score_away, score) VALUES (168, 9, 17, 1, 8, 2, 2, 0);
INSERT INTO football.game (idgame, home, away, season_id, referee_id, score_home, score_away, score) VALUES (169, 9, 18, 1, 9, 2, 0, 1);
INSERT INTO football.game (idgame, home, away, season_id, referee_id, score_home, score_away, score) VALUES (170, 9, 19, 1, 10, 2, 3, 2);
INSERT INTO football.game (idgame, home, away, season_id, referee_id, score_home, score_away, score) VALUES (171, 9, 20, 1, 11, 3, 3, 0);
INSERT INTO football.game (idgame, home, away, season_id, referee_id, score_home, score_away, score) VALUES (172, 10, 1, 1, 12, 3, 2, 1);
INSERT INTO football.game (idgame, home, away, season_id, referee_id, score_home, score_away, score) VALUES (173, 10, 2, 1, 13, 1, 1, 2);
INSERT INTO football.game (idgame, home, away, season_id, referee_id, score_home, score_away, score) VALUES (174, 10, 3, 1, 14, 0, 2, 2);
INSERT INTO football.game (idgame, home, away, season_id, referee_id, score_home, score_away, score) VALUES (175, 10, 4, 1, 15, 1, 3, 2);
INSERT INTO football.game (idgame, home, away, season_id, referee_id, score_home, score_away, score) VALUES (176, 10, 5, 1, 16, 1, 1, 1);
INSERT INTO football.game (idgame, home, away, season_id, referee_id, score_home, score_away, score) VALUES (177, 10, 6, 1, 17, 2, 0, 1);
INSERT INTO football.game (idgame, home, away, season_id, referee_id, score_home, score_away, score) VALUES (178, 10, 7, 1, 18, 3, 2, 1);
INSERT INTO football.game (idgame, home, away, season_id, referee_id, score_home, score_away, score) VALUES (179, 10, 8, 1, 19, 2, 2, 0);
INSERT INTO football.game (idgame, home, away, season_id, referee_id, score_home, score_away, score) VALUES (180, 10, 9, 1, 20, 3, 3, 0);
INSERT INTO football.game (idgame, home, away, season_id, referee_id, score_home, score_away, score) VALUES (181, 10, 11, 1, 1, 1, 1, 0);
INSERT INTO football.game (idgame, home, away, season_id, referee_id, score_home, score_away, score) VALUES (182, 10, 12, 1, 2, 2, 1, 2);
INSERT INTO football.game (idgame, home, away, season_id, referee_id, score_home, score_away, score) VALUES (183, 10, 13, 1, 3, 3, 2, 2);
INSERT INTO football.game (idgame, home, away, season_id, referee_id, score_home, score_away, score) VALUES (184, 10, 14, 1, 4, 0, 3, 2);
INSERT INTO football.game (idgame, home, away, season_id, referee_id, score_home, score_away, score) VALUES (185, 10, 15, 1, 5, 2, 2, 0);
INSERT INTO football.game (idgame, home, away, season_id, referee_id, score_home, score_away, score) VALUES (186, 10, 16, 1, 6, 3, 3, 0);
INSERT INTO football.game (idgame, home, away, season_id, referee_id, score_home, score_away, score) VALUES (187, 10, 17, 1, 7, 1, 1, 0);
INSERT INTO football.game (idgame, home, away, season_id, referee_id, score_home, score_away, score) VALUES (188, 10, 18, 1, 8, 1, 0, 1);
INSERT INTO football.game (idgame, home, away, season_id, referee_id, score_home, score_away, score) VALUES (189, 10, 19, 1, 9, 2, 1, 1);
INSERT INTO football.game (idgame, home, away, season_id, referee_id, score_home, score_away, score) VALUES (190, 10, 20, 1, 10, 3, 2, 1);
INSERT INTO football.game (idgame, home, away, season_id, referee_id, score_home, score_away, score) VALUES (191, 11, 1, 1, 11, 0, 4, 2);
INSERT INTO football.game (idgame, home, away, season_id, referee_id, score_home, score_away, score) VALUES (192, 11, 2, 1, 12, 2, 2, 0);
INSERT INTO football.game (idgame, home, away, season_id, referee_id, score_home, score_away, score) VALUES (193, 11, 3, 1, 13, 3, 1, 1);
INSERT INTO football.game (idgame, home, away, season_id, referee_id, score_home, score_away, score) VALUES (194, 11, 4, 1, 14, 2, 3, 2);
INSERT INTO football.game (idgame, home, away, season_id, referee_id, score_home, score_away, score) VALUES (195, 11, 5, 1, 15, 2, 1, 1);
INSERT INTO football.game (idgame, home, away, season_id, referee_id, score_home, score_away, score) VALUES (196, 11, 6, 1, 16, 3, 3, 0);
INSERT INTO football.game (idgame, home, away, season_id, referee_id, score_home, score_away, score) VALUES (197, 11, 7, 1, 17, 2, 1, 2);
INSERT INTO football.game (idgame, home, away, season_id, referee_id, score_home, score_away, score) VALUES (198, 11, 8, 1, 18, 1, 0, 1);
INSERT INTO football.game (idgame, home, away, season_id, referee_id, score_home, score_away, score) VALUES (199, 11, 9, 1, 19, 1, 1, 0);
INSERT INTO football.game (idgame, home, away, season_id, referee_id, score_home, score_away, score) VALUES (200, 11, 10, 1, 20, 3, 2, 1);
INSERT INTO football.game (idgame, home, away, season_id, referee_id, score_home, score_away, score) VALUES (201, 11, 12, 1, 1, 0, 2, 2);
INSERT INTO football.game (idgame, home, away, season_id, referee_id, score_home, score_away, score) VALUES (202, 11, 13, 1, 2, 2, 2, 0);
INSERT INTO football.game (idgame, home, away, season_id, referee_id, score_home, score_away, score) VALUES (203, 11, 14, 1, 3, 1, 0, 1);
INSERT INTO football.game (idgame, home, away, season_id, referee_id, score_home, score_away, score) VALUES (204, 11, 15, 1, 4, 2, 4, 2);
INSERT INTO football.game (idgame, home, away, season_id, referee_id, score_home, score_away, score) VALUES (205, 11, 16, 1, 5, 2, 1, 1);
INSERT INTO football.game (idgame, home, away, season_id, referee_id, score_home, score_away, score) VALUES (206, 11, 17, 1, 6, 3, 3, 0);
INSERT INTO football.game (idgame, home, away, season_id, referee_id, score_home, score_away, score) VALUES (207, 11, 18, 1, 7, 1, 3, 2);
INSERT INTO football.game (idgame, home, away, season_id, referee_id, score_home, score_away, score) VALUES (208, 11, 19, 1, 8, 3, 1, 1);
INSERT INTO football.game (idgame, home, away, season_id, referee_id, score_home, score_away, score) VALUES (209, 11, 20, 1, 9, 1, 1, 0);
INSERT INTO football.game (idgame, home, away, season_id, referee_id, score_home, score_away, score) VALUES (210, 12, 1, 1, 10, 0, 2, 2);
INSERT INTO football.game (idgame, home, away, season_id, referee_id, score_home, score_away, score) VALUES (211, 12, 2, 1, 11, 1, 0, 1);
INSERT INTO football.game (idgame, home, away, season_id, referee_id, score_home, score_away, score) VALUES (212, 12, 3, 1, 12, 2, 2, 0);
INSERT INTO football.game (idgame, home, away, season_id, referee_id, score_home, score_away, score) VALUES (213, 12, 4, 1, 13, 2, 4, 2);
INSERT INTO football.game (idgame, home, away, season_id, referee_id, score_home, score_away, score) VALUES (214, 12, 5, 1, 14, 2, 1, 1);
INSERT INTO football.game (idgame, home, away, season_id, referee_id, score_home, score_away, score) VALUES (215, 12, 6, 1, 15, 3, 3, 0);
INSERT INTO football.game (idgame, home, away, season_id, referee_id, score_home, score_away, score) VALUES (216, 12, 7, 1, 16, 1, 2, 2);
INSERT INTO football.game (idgame, home, away, season_id, referee_id, score_home, score_away, score) VALUES (217, 12, 8, 1, 17, 3, 1, 1);
INSERT INTO football.game (idgame, home, away, season_id, referee_id, score_home, score_away, score) VALUES (218, 12, 9, 1, 18, 1, 1, 0);
INSERT INTO football.game (idgame, home, away, season_id, referee_id, score_home, score_away, score) VALUES (219, 12, 10, 1, 19, 0, 2, 2);
INSERT INTO football.game (idgame, home, away, season_id, referee_id, score_home, score_away, score) VALUES (220, 12, 11, 1, 20, 1, 0, 1);
INSERT INTO football.game (idgame, home, away, season_id, referee_id, score_home, score_away, score) VALUES (221, 12, 13, 1, 1, 2, 2, 0);
INSERT INTO football.game (idgame, home, away, season_id, referee_id, score_home, score_away, score) VALUES (222, 12, 14, 1, 2, 2, 3, 2);
INSERT INTO football.game (idgame, home, away, season_id, referee_id, score_home, score_away, score) VALUES (223, 12, 15, 1, 3, 2, 1, 1);
INSERT INTO football.game (idgame, home, away, season_id, referee_id, score_home, score_away, score) VALUES (224, 12, 16, 1, 4, 3, 3, 0);
INSERT INTO football.game (idgame, home, away, season_id, referee_id, score_home, score_away, score) VALUES (225, 12, 17, 1, 5, 0, 2, 2);
INSERT INTO football.game (idgame, home, away, season_id, referee_id, score_home, score_away, score) VALUES (226, 12, 18, 1, 6, 3, 1, 1);
INSERT INTO football.game (idgame, home, away, season_id, referee_id, score_home, score_away, score) VALUES (227, 12, 19, 1, 7, 1, 1, 0);
INSERT INTO football.game (idgame, home, away, season_id, referee_id, score_home, score_away, score) VALUES (228, 12, 20, 1, 8, 1, 3, 2);
INSERT INTO football.game (idgame, home, away, season_id, referee_id, score_home, score_away, score) VALUES (229, 13, 1, 1, 9, 1, 0, 1);
INSERT INTO football.game (idgame, home, away, season_id, referee_id, score_home, score_away, score) VALUES (230, 13, 2, 1, 10, 2, 2, 0);
INSERT INTO football.game (idgame, home, away, season_id, referee_id, score_home, score_away, score) VALUES (231, 13, 3, 1, 11, 2, 3, 2);
INSERT INTO football.game (idgame, home, away, season_id, referee_id, score_home, score_away, score) VALUES (232, 13, 4, 1, 12, 2, 0, 1);
INSERT INTO football.game (idgame, home, away, season_id, referee_id, score_home, score_away, score) VALUES (233, 13, 5, 1, 13, 3, 3, 0);
INSERT INTO football.game (idgame, home, away, season_id, referee_id, score_home, score_away, score) VALUES (234, 13, 6, 1, 14, 0, 1, 2);
INSERT INTO football.game (idgame, home, away, season_id, referee_id, score_home, score_away, score) VALUES (235, 13, 7, 1, 15, 3, 2, 1);
INSERT INTO football.game (idgame, home, away, season_id, referee_id, score_home, score_away, score) VALUES (236, 13, 8, 1, 16, 1, 1, 0);
INSERT INTO football.game (idgame, home, away, season_id, referee_id, score_home, score_away, score) VALUES (237, 13, 9, 1, 17, 1, 2, 2);
INSERT INTO football.game (idgame, home, away, season_id, referee_id, score_home, score_away, score) VALUES (238, 13, 10, 1, 18, 1, 0, 1);
INSERT INTO football.game (idgame, home, away, season_id, referee_id, score_home, score_away, score) VALUES (239, 13, 11, 1, 19, 2, 2, 0);
INSERT INTO football.game (idgame, home, away, season_id, referee_id, score_home, score_away, score) VALUES (240, 13, 12, 1, 20, 2, 3, 2);
INSERT INTO football.game (idgame, home, away, season_id, referee_id, score_home, score_away, score) VALUES (241, 13, 14, 1, 1, 2, 1, 1);
INSERT INTO football.game (idgame, home, away, season_id, referee_id, score_home, score_away, score) VALUES (242, 13, 15, 1, 2, 3, 3, 0);
INSERT INTO football.game (idgame, home, away, season_id, referee_id, score_home, score_away, score) VALUES (243, 13, 16, 1, 3, 0, 2, 2);
INSERT INTO football.game (idgame, home, away, season_id, referee_id, score_home, score_away, score) VALUES (244, 13, 17, 1, 4, 3, 2, 1);
INSERT INTO football.game (idgame, home, away, season_id, referee_id, score_home, score_away, score) VALUES (245, 13, 18, 1, 5, 1, 1, 0);
INSERT INTO football.game (idgame, home, away, season_id, referee_id, score_home, score_away, score) VALUES (246, 13, 19, 1, 6, 1, 3, 2);
INSERT INTO football.game (idgame, home, away, season_id, referee_id, score_home, score_away, score) VALUES (247, 13, 20, 1, 7, 1, 0, 1);
INSERT INTO football.game (idgame, home, away, season_id, referee_id, score_home, score_away, score) VALUES (248, 14, 1, 1, 8, 2, 2, 0);
INSERT INTO football.game (idgame, home, away, season_id, referee_id, score_home, score_away, score) VALUES (249, 14, 2, 1, 9, 0, 1, 2);
INSERT INTO football.game (idgame, home, away, season_id, referee_id, score_home, score_away, score) VALUES (250, 14, 3, 1, 10, 2, 1, 1);
INSERT INTO football.game (idgame, home, away, season_id, referee_id, score_home, score_away, score) VALUES (251, 14, 4, 1, 11, 3, 3, 0);
INSERT INTO football.game (idgame, home, away, season_id, referee_id, score_home, score_away, score) VALUES (252, 14, 5, 1, 12, 1, 2, 2);
INSERT INTO football.game (idgame, home, away, season_id, referee_id, score_home, score_away, score) VALUES (253, 14, 6, 1, 13, 3, 2, 1);
INSERT INTO football.game (idgame, home, away, season_id, referee_id, score_home, score_away, score) VALUES (254, 14, 7, 1, 14, 4, 4, 0);
INSERT INTO football.game (idgame, home, away, season_id, referee_id, score_home, score_away, score) VALUES (255, 14, 8, 1, 15, 2, 3, 2);
INSERT INTO football.game (idgame, home, away, season_id, referee_id, score_home, score_away, score) VALUES (256, 14, 9, 1, 16, 4, 3, 1);
INSERT INTO football.game (idgame, home, away, season_id, referee_id, score_home, score_away, score) VALUES (257, 14, 10, 1, 17, 0, 0, 0);
INSERT INTO football.game (idgame, home, away, season_id, referee_id, score_home, score_away, score) VALUES (258, 14, 11, 1, 18, 3, 4, 2);
INSERT INTO football.game (idgame, home, away, season_id, referee_id, score_home, score_away, score) VALUES (259, 14, 12, 1, 19, 1, 0, 1);
INSERT INTO football.game (idgame, home, away, season_id, referee_id, score_home, score_away, score) VALUES (260, 14, 13, 1, 20, 1, 1, 0);
INSERT INTO football.game (idgame, home, away, season_id, referee_id, score_home, score_away, score) VALUES (261, 14, 15, 1, 1, 0, 1, 2);
INSERT INTO football.game (idgame, home, away, season_id, referee_id, score_home, score_away, score) VALUES (262, 14, 16, 1, 2, 2, 1, 1);
INSERT INTO football.game (idgame, home, away, season_id, referee_id, score_home, score_away, score) VALUES (263, 14, 17, 1, 3, 2, 2, 0);
INSERT INTO football.game (idgame, home, away, season_id, referee_id, score_home, score_away, score) VALUES (264, 14, 18, 1, 4, 1, 2, 2);
INSERT INTO football.game (idgame, home, away, season_id, referee_id, score_home, score_away, score) VALUES (265, 14, 19, 1, 5, 3, 2, 1);
INSERT INTO football.game (idgame, home, away, season_id, referee_id, score_home, score_away, score) VALUES (266, 14, 20, 1, 6, 3, 3, 0);
INSERT INTO football.game (idgame, home, away, season_id, referee_id, score_home, score_away, score) VALUES (267, 15, 1, 1, 7, 2, 3, 2);
INSERT INTO football.game (idgame, home, away, season_id, referee_id, score_home, score_away, score) VALUES (268, 15, 2, 1, 8, 4, 3, 1);
INSERT INTO football.game (idgame, home, away, season_id, referee_id, score_home, score_away, score) VALUES (269, 15, 3, 1, 9, 4, 4, 0);
INSERT INTO football.game (idgame, home, away, season_id, referee_id, score_home, score_away, score) VALUES (270, 15, 4, 1, 10, 3, 4, 2);
INSERT INTO football.game (idgame, home, away, season_id, referee_id, score_home, score_away, score) VALUES (271, 15, 5, 1, 11, 1, 0, 1);
INSERT INTO football.game (idgame, home, away, season_id, referee_id, score_home, score_away, score) VALUES (272, 15, 6, 1, 12, 0, 0, 0);
INSERT INTO football.game (idgame, home, away, season_id, referee_id, score_home, score_away, score) VALUES (273, 15, 7, 1, 13, 0, 1, 2);
INSERT INTO football.game (idgame, home, away, season_id, referee_id, score_home, score_away, score) VALUES (274, 15, 8, 1, 14, 2, 1, 1);
INSERT INTO football.game (idgame, home, away, season_id, referee_id, score_home, score_away, score) VALUES (275, 15, 9, 1, 15, 1, 1, 0);
INSERT INTO football.game (idgame, home, away, season_id, referee_id, score_home, score_away, score) VALUES (276, 15, 10, 1, 16, 1, 2, 2);
INSERT INTO football.game (idgame, home, away, season_id, referee_id, score_home, score_away, score) VALUES (277, 15, 11, 1, 17, 3, 2, 1);
INSERT INTO football.game (idgame, home, away, season_id, referee_id, score_home, score_away, score) VALUES (278, 15, 12, 1, 18, 2, 2, 0);
INSERT INTO football.game (idgame, home, away, season_id, referee_id, score_home, score_away, score) VALUES (279, 15, 13, 1, 19, 2, 3, 2);
INSERT INTO football.game (idgame, home, away, season_id, referee_id, score_home, score_away, score) VALUES (280, 15, 14, 1, 20, 4, 3, 1);
INSERT INTO football.game (idgame, home, away, season_id, referee_id, score_home, score_away, score) VALUES (281, 15, 16, 1, 1, 3, 3, 0);
INSERT INTO football.game (idgame, home, away, season_id, referee_id, score_home, score_away, score) VALUES (282, 15, 17, 1, 2, 3, 4, 2);
INSERT INTO football.game (idgame, home, away, season_id, referee_id, score_home, score_away, score) VALUES (283, 15, 18, 1, 3, 1, 0, 1);
INSERT INTO football.game (idgame, home, away, season_id, referee_id, score_home, score_away, score) VALUES (284, 15, 19, 1, 4, 4, 4, 0);
INSERT INTO football.game (idgame, home, away, season_id, referee_id, score_home, score_away, score) VALUES (285, 15, 20, 1, 5, 0, 1, 2);
INSERT INTO football.game (idgame, home, away, season_id, referee_id, score_home, score_away, score) VALUES (286, 16, 1, 1, 6, 2, 1, 1);
INSERT INTO football.game (idgame, home, away, season_id, referee_id, score_home, score_away, score) VALUES (287, 16, 2, 1, 7, 0, 0, 0);
INSERT INTO football.game (idgame, home, away, season_id, referee_id, score_home, score_away, score) VALUES (288, 16, 3, 1, 8, 1, 2, 2);
INSERT INTO football.game (idgame, home, away, season_id, referee_id, score_home, score_away, score) VALUES (289, 16, 4, 1, 9, 3, 2, 1);
INSERT INTO football.game (idgame, home, away, season_id, referee_id, score_home, score_away, score) VALUES (290, 16, 5, 1, 10, 1, 1, 0);
INSERT INTO football.game (idgame, home, away, season_id, referee_id, score_home, score_away, score) VALUES (291, 16, 6, 1, 11, 2, 3, 2);
INSERT INTO football.game (idgame, home, away, season_id, referee_id, score_home, score_away, score) VALUES (292, 16, 7, 1, 12, 4, 3, 1);
INSERT INTO football.game (idgame, home, away, season_id, referee_id, score_home, score_away, score) VALUES (293, 16, 8, 1, 13, 2, 2, 0);
INSERT INTO football.game (idgame, home, away, season_id, referee_id, score_home, score_away, score) VALUES (294, 16, 9, 1, 14, 3, 4, 2);
INSERT INTO football.game (idgame, home, away, season_id, referee_id, score_home, score_away, score) VALUES (295, 16, 10, 1, 15, 1, 0, 1);
INSERT INTO football.game (idgame, home, away, season_id, referee_id, score_home, score_away, score) VALUES (296, 16, 11, 1, 16, 3, 3, 0);
INSERT INTO football.game (idgame, home, away, season_id, referee_id, score_home, score_away, score) VALUES (297, 16, 12, 1, 17, 0, 1, 2);
INSERT INTO football.game (idgame, home, away, season_id, referee_id, score_home, score_away, score) VALUES (298, 16, 13, 1, 18, 2, 1, 1);
INSERT INTO football.game (idgame, home, away, season_id, referee_id, score_home, score_away, score) VALUES (299, 16, 14, 1, 19, 4, 4, 0);
INSERT INTO football.game (idgame, home, away, season_id, referee_id, score_home, score_away, score) VALUES (300, 16, 15, 1, 20, 1, 2, 2);
INSERT INTO football.game (idgame, home, away, season_id, referee_id, score_home, score_away, score) VALUES (301, 16, 17, 1, 1, 3, 2, 1);
INSERT INTO football.game (idgame, home, away, season_id, referee_id, score_home, score_away, score) VALUES (302, 16, 18, 1, 2, 0, 0, 0);
INSERT INTO football.game (idgame, home, away, season_id, referee_id, score_home, score_away, score) VALUES (303, 16, 19, 1, 3, 2, 3, 2);
INSERT INTO football.game (idgame, home, away, season_id, referee_id, score_home, score_away, score) VALUES (304, 16, 20, 1, 4, 4, 3, 1);
INSERT INTO football.game (idgame, home, away, season_id, referee_id, score_home, score_away, score) VALUES (305, 17, 1, 1, 5, 1, 1, 0);
INSERT INTO football.game (idgame, home, away, season_id, referee_id, score_home, score_away, score) VALUES (306, 17, 2, 1, 6, 3, 4, 2);
INSERT INTO football.game (idgame, home, away, season_id, referee_id, score_home, score_away, score) VALUES (307, 17, 3, 1, 7, 1, 0, 1);
INSERT INTO football.game (idgame, home, away, season_id, referee_id, score_home, score_away, score) VALUES (308, 17, 4, 1, 8, 2, 2, 0);
INSERT INTO football.game (idgame, home, away, season_id, referee_id, score_home, score_away, score) VALUES (309, 17, 5, 1, 9, 0, 1, 2);
INSERT INTO football.game (idgame, home, away, season_id, referee_id, score_home, score_away, score) VALUES (310, 17, 6, 1, 10, 2, 1, 1);
INSERT INTO football.game (idgame, home, away, season_id, referee_id, score_home, score_away, score) VALUES (311, 17, 7, 1, 11, 3, 3, 0);
INSERT INTO football.game (idgame, home, away, season_id, referee_id, score_home, score_away, score) VALUES (312, 17, 8, 1, 12, 1, 2, 2);
INSERT INTO football.game (idgame, home, away, season_id, referee_id, score_home, score_away, score) VALUES (313, 17, 9, 1, 13, 3, 2, 1);
INSERT INTO football.game (idgame, home, away, season_id, referee_id, score_home, score_away, score) VALUES (314, 17, 10, 1, 14, 4, 4, 0);
INSERT INTO football.game (idgame, home, away, season_id, referee_id, score_home, score_away, score) VALUES (315, 17, 11, 1, 15, 2, 3, 2);
INSERT INTO football.game (idgame, home, away, season_id, referee_id, score_home, score_away, score) VALUES (316, 17, 12, 1, 16, 4, 3, 1);
INSERT INTO football.game (idgame, home, away, season_id, referee_id, score_home, score_away, score) VALUES (317, 17, 13, 1, 17, 0, 0, 0);
INSERT INTO football.game (idgame, home, away, season_id, referee_id, score_home, score_away, score) VALUES (318, 17, 14, 1, 18, 3, 4, 2);
INSERT INTO football.game (idgame, home, away, season_id, referee_id, score_home, score_away, score) VALUES (319, 17, 15, 1, 19, 1, 0, 1);
INSERT INTO football.game (idgame, home, away, season_id, referee_id, score_home, score_away, score) VALUES (320, 17, 16, 1, 20, 1, 1, 0);
INSERT INTO football.game (idgame, home, away, season_id, referee_id, score_home, score_away, score) VALUES (321, 17, 18, 1, 1, 0, 1, 2);
INSERT INTO football.game (idgame, home, away, season_id, referee_id, score_home, score_away, score) VALUES (322, 17, 19, 1, 2, 2, 1, 1);
INSERT INTO football.game (idgame, home, away, season_id, referee_id, score_home, score_away, score) VALUES (323, 17, 20, 1, 3, 2, 2, 0);
INSERT INTO football.game (idgame, home, away, season_id, referee_id, score_home, score_away, score) VALUES (324, 18, 1, 1, 4, 1, 2, 2);
INSERT INTO football.game (idgame, home, away, season_id, referee_id, score_home, score_away, score) VALUES (325, 18, 2, 1, 5, 3, 2, 1);
INSERT INTO football.game (idgame, home, away, season_id, referee_id, score_home, score_away, score) VALUES (326, 18, 3, 1, 6, 3, 3, 0);
INSERT INTO football.game (idgame, home, away, season_id, referee_id, score_home, score_away, score) VALUES (327, 18, 4, 1, 7, 2, 3, 2);
INSERT INTO football.game (idgame, home, away, season_id, referee_id, score_home, score_away, score) VALUES (328, 18, 5, 1, 8, 4, 3, 1);
INSERT INTO football.game (idgame, home, away, season_id, referee_id, score_home, score_away, score) VALUES (329, 18, 6, 1, 9, 4, 4, 0);
INSERT INTO football.game (idgame, home, away, season_id, referee_id, score_home, score_away, score) VALUES (330, 18, 7, 1, 10, 3, 4, 2);
INSERT INTO football.game (idgame, home, away, season_id, referee_id, score_home, score_away, score) VALUES (331, 18, 8, 1, 11, 1, 0, 1);
INSERT INTO football.game (idgame, home, away, season_id, referee_id, score_home, score_away, score) VALUES (332, 18, 9, 1, 12, 0, 0, 0);
INSERT INTO football.game (idgame, home, away, season_id, referee_id, score_home, score_away, score) VALUES (333, 18, 10, 1, 13, 0, 1, 2);
INSERT INTO football.game (idgame, home, away, season_id, referee_id, score_home, score_away, score) VALUES (334, 18, 11, 1, 14, 2, 1, 1);
INSERT INTO football.game (idgame, home, away, season_id, referee_id, score_home, score_away, score) VALUES (335, 18, 12, 1, 15, 1, 1, 0);
INSERT INTO football.game (idgame, home, away, season_id, referee_id, score_home, score_away, score) VALUES (336, 18, 13, 1, 16, 1, 2, 2);
INSERT INTO football.game (idgame, home, away, season_id, referee_id, score_home, score_away, score) VALUES (337, 18, 14, 1, 17, 3, 2, 1);
INSERT INTO football.game (idgame, home, away, season_id, referee_id, score_home, score_away, score) VALUES (338, 18, 15, 1, 18, 2, 2, 0);
INSERT INTO football.game (idgame, home, away, season_id, referee_id, score_home, score_away, score) VALUES (339, 18, 16, 1, 19, 2, 3, 2);
INSERT INTO football.game (idgame, home, away, season_id, referee_id, score_home, score_away, score) VALUES (340, 18, 17, 1, 20, 4, 3, 1);
INSERT INTO football.game (idgame, home, away, season_id, referee_id, score_home, score_away, score) VALUES (341, 18, 19, 1, 1, 3, 3, 0);
INSERT INTO football.game (idgame, home, away, season_id, referee_id, score_home, score_away, score) VALUES (342, 18, 20, 1, 2, 3, 4, 2);
INSERT INTO football.game (idgame, home, away, season_id, referee_id, score_home, score_away, score) VALUES (343, 19, 1, 1, 3, 1, 0, 1);
INSERT INTO football.game (idgame, home, away, season_id, referee_id, score_home, score_away, score) VALUES (344, 19, 2, 1, 4, 4, 4, 0);
INSERT INTO football.game (idgame, home, away, season_id, referee_id, score_home, score_away, score) VALUES (345, 19, 3, 1, 5, 0, 1, 2);
INSERT INTO football.game (idgame, home, away, season_id, referee_id, score_home, score_away, score) VALUES (346, 19, 4, 1, 6, 2, 1, 1);
INSERT INTO football.game (idgame, home, away, season_id, referee_id, score_home, score_away, score) VALUES (347, 19, 5, 1, 7, 0, 0, 0);
INSERT INTO football.game (idgame, home, away, season_id, referee_id, score_home, score_away, score) VALUES (348, 19, 6, 1, 8, 1, 2, 2);
INSERT INTO football.game (idgame, home, away, season_id, referee_id, score_home, score_away, score) VALUES (349, 19, 7, 1, 9, 3, 2, 1);
INSERT INTO football.game (idgame, home, away, season_id, referee_id, score_home, score_away, score) VALUES (350, 19, 8, 1, 10, 1, 1, 0);
INSERT INTO football.game (idgame, home, away, season_id, referee_id, score_home, score_away, score) VALUES (351, 19, 9, 1, 11, 2, 3, 2);
INSERT INTO football.game (idgame, home, away, season_id, referee_id, score_home, score_away, score) VALUES (352, 19, 10, 1, 13, 1, 3, 1);
INSERT INTO football.game (idgame, home, away, season_id, referee_id, score_home, score_away, score) VALUES (353, 19, 11, 1, 14, 2, 2, 0);
INSERT INTO football.game (idgame, home, away, season_id, referee_id, score_home, score_away, score) VALUES (354, 19, 12, 1, 15, 3, 4, 2);
INSERT INTO football.game (idgame, home, away, season_id, referee_id, score_home, score_away, score) VALUES (355, 19, 13, 1, 16, 4, 0, 1);
INSERT INTO football.game (idgame, home, away, season_id, referee_id, score_home, score_away, score) VALUES (356, 19, 14, 1, 17, 3, 3, 0);
INSERT INTO football.game (idgame, home, away, season_id, referee_id, score_home, score_away, score) VALUES (357, 19, 15, 1, 18, 0, 1, 2);
INSERT INTO football.game (idgame, home, away, season_id, referee_id, score_home, score_away, score) VALUES (358, 19, 16, 1, 19, 1, 1, 1);
INSERT INTO football.game (idgame, home, away, season_id, referee_id, score_home, score_away, score) VALUES (359, 19, 17, 1, 20, 4, 4, 0);
INSERT INTO football.game (idgame, home, away, season_id, referee_id, score_home, score_away, score) VALUES (360, 19, 18, 1, 1, 1, 2, 2);
INSERT INTO football.game (idgame, home, away, season_id, referee_id, score_home, score_away, score) VALUES (361, 19, 20, 1, 2, 2, 1, 1);
INSERT INTO football.game (idgame, home, away, season_id, referee_id, score_home, score_away, score) VALUES (362, 20, 1, 1, 3, 0, 0, 0);
INSERT INTO football.game (idgame, home, away, season_id, referee_id, score_home, score_away, score) VALUES (363, 20, 2, 1, 4, 2, 3, 2);
INSERT INTO football.game (idgame, home, away, season_id, referee_id, score_home, score_away, score) VALUES (364, 20, 3, 1, 5, 3, 2, 1);
INSERT INTO football.game (idgame, home, away, season_id, referee_id, score_home, score_away, score) VALUES (365, 20, 4, 1, 6, 1, 1, 0);
INSERT INTO football.game (idgame, home, away, season_id, referee_id, score_home, score_away, score) VALUES (366, 20, 5, 1, 7, 3, 4, 2);
INSERT INTO football.game (idgame, home, away, season_id, referee_id, score_home, score_away, score) VALUES (367, 20, 6, 1, 8, 4, 3, 1);
INSERT INTO football.game (idgame, home, away, season_id, referee_id, score_home, score_away, score) VALUES (368, 20, 7, 1, 9, 2, 2, 0);
INSERT INTO football.game (idgame, home, away, season_id, referee_id, score_home, score_away, score) VALUES (369, 20, 8, 1, 10, 0, 1, 2);
INSERT INTO football.game (idgame, home, away, season_id, referee_id, score_home, score_away, score) VALUES (370, 20, 9, 1, 11, 1, 0, 1);
INSERT INTO football.game (idgame, home, away, season_id, referee_id, score_home, score_away, score) VALUES (371, 20, 10, 1, 12, 3, 3, 0);
INSERT INTO football.game (idgame, home, away, season_id, referee_id, score_home, score_away, score) VALUES (372, 20, 11, 1, 13, 1, 2, 2);
INSERT INTO football.game (idgame, home, away, season_id, referee_id, score_home, score_away, score) VALUES (373, 20, 12, 1, 14, 2, 1, 1);
INSERT INTO football.game (idgame, home, away, season_id, referee_id, score_home, score_away, score) VALUES (374, 20, 13, 1, 15, 4, 4, 0);
INSERT INTO football.game (idgame, home, away, season_id, referee_id, score_home, score_away, score) VALUES (375, 20, 14, 1, 16, 2, 3, 2);
INSERT INTO football.game (idgame, home, away, season_id, referee_id, score_home, score_away, score) VALUES (376, 20, 15, 1, 17, 3, 2, 1);
INSERT INTO football.game (idgame, home, away, season_id, referee_id, score_home, score_away, score) VALUES (377, 20, 16, 1, 18, 0, 0, 0);
INSERT INTO football.game (idgame, home, away, season_id, referee_id, score_home, score_away, score) VALUES (378, 20, 17, 1, 19, 3, 4, 2);
INSERT INTO football.game (idgame, home, away, season_id, referee_id, score_home, score_away, score) VALUES (379, 20, 18, 1, 20, 4, 1, 1);
INSERT INTO football.game (idgame, home, away, season_id, referee_id, score_home, score_away, score) VALUES (380, 20, 19, 1, 1, 1, 1, 0);
INSERT INTO football.game (idgame, home, away, season_id, referee_id, score_home, score_away, score) VALUES (381, 43, 21, 2, 32, 3, 1, 1);
INSERT INTO football.game (idgame, home, away, season_id, referee_id, score_home, score_away, score) VALUES (382, 43, 22, 2, 21, 0, 1, 2);
INSERT INTO football.game (idgame, home, away, season_id, referee_id, score_home, score_away, score) VALUES (383, 43, 23, 2, 31, 0, 2, 2);
INSERT INTO football.game (idgame, home, away, season_id, referee_id, score_home, score_away, score) VALUES (384, 43, 44, 2, 22, 2, 1, 1);
INSERT INTO football.game (idgame, home, away, season_id, referee_id, score_home, score_away, score) VALUES (385, 43, 45, 2, 21, 1, 0, 1);
INSERT INTO football.game (idgame, home, away, season_id, referee_id, score_home, score_away, score) VALUES (386, 43, 46, 2, 35, 1, 2, 2);
INSERT INTO football.game (idgame, home, away, season_id, referee_id, score_home, score_away, score) VALUES (387, 43, 25, 2, 37, 1, 0, 1);
INSERT INTO football.game (idgame, home, away, season_id, referee_id, score_home, score_away, score) VALUES (388, 43, 26, 2, 37, 2, 0, 1);
INSERT INTO football.game (idgame, home, away, season_id, referee_id, score_home, score_away, score) VALUES (389, 43, 47, 2, 38, 1, 2, 2);
INSERT INTO football.game (idgame, home, away, season_id, referee_id, score_home, score_away, score) VALUES (390, 43, 49, 2, 28, 2, 2, 0);
INSERT INTO football.game (idgame, home, away, season_id, referee_id, score_home, score_away, score) VALUES (391, 43, 28, 2, 24, 1, 0, 1);
INSERT INTO football.game (idgame, home, away, season_id, referee_id, score_home, score_away, score) VALUES (392, 43, 30, 2, 25, 1, 0, 1);
INSERT INTO football.game (idgame, home, away, season_id, referee_id, score_home, score_away, score) VALUES (393, 43, 24, 2, 27, 1, 3, 2);
INSERT INTO football.game (idgame, home, away, season_id, referee_id, score_home, score_away, score) VALUES (394, 43, 34, 2, 22, 1, 2, 2);
INSERT INTO football.game (idgame, home, away, season_id, referee_id, score_home, score_away, score) VALUES (395, 43, 35, 2, 33, 0, 2, 2);
INSERT INTO football.game (idgame, home, away, season_id, referee_id, score_home, score_away, score) VALUES (396, 43, 36, 2, 26, 1, 0, 1);
INSERT INTO football.game (idgame, home, away, season_id, referee_id, score_home, score_away, score) VALUES (397, 43, 38, 2, 38, 1, 2, 2);
INSERT INTO football.game (idgame, home, away, season_id, referee_id, score_home, score_away, score) VALUES (398, 43, 39, 2, 22, 0, 3, 2);
INSERT INTO football.game (idgame, home, away, season_id, referee_id, score_home, score_away, score) VALUES (399, 21, 43, 2, 38, 2, 0, 1);
INSERT INTO football.game (idgame, home, away, season_id, referee_id, score_home, score_away, score) VALUES (400, 21, 22, 2, 34, 1, 2, 2);
INSERT INTO football.game (idgame, home, away, season_id, referee_id, score_home, score_away, score) VALUES (401, 21, 23, 2, 36, 0, 2, 2);
INSERT INTO football.game (idgame, home, away, season_id, referee_id, score_home, score_away, score) VALUES (402, 21, 44, 2, 29, 1, 1, 0);
INSERT INTO football.game (idgame, home, away, season_id, referee_id, score_home, score_away, score) VALUES (403, 21, 45, 2, 37, 2, 3, 2);
INSERT INTO football.game (idgame, home, away, season_id, referee_id, score_home, score_away, score) VALUES (404, 21, 46, 2, 28, 1, 1, 0);
INSERT INTO football.game (idgame, home, away, season_id, referee_id, score_home, score_away, score) VALUES (405, 21, 25, 2, 29, 0, 1, 2);
INSERT INTO football.game (idgame, home, away, season_id, referee_id, score_home, score_away, score) VALUES (406, 21, 26, 2, 21, 0, 0, 0);
INSERT INTO football.game (idgame, home, away, season_id, referee_id, score_home, score_away, score) VALUES (407, 21, 47, 2, 28, 2, 0, 1);
INSERT INTO football.game (idgame, home, away, season_id, referee_id, score_home, score_away, score) VALUES (408, 21, 49, 2, 30, 2, 0, 1);
INSERT INTO football.game (idgame, home, away, season_id, referee_id, score_home, score_away, score) VALUES (409, 21, 28, 2, 30, 1, 3, 2);
INSERT INTO football.game (idgame, home, away, season_id, referee_id, score_home, score_away, score) VALUES (410, 21, 30, 2, 34, 2, 1, 1);
INSERT INTO football.game (idgame, home, away, season_id, referee_id, score_home, score_away, score) VALUES (411, 21, 24, 2, 28, 2, 0, 1);
INSERT INTO football.game (idgame, home, away, season_id, referee_id, score_home, score_away, score) VALUES (412, 21, 34, 2, 36, 0, 0, 0);
INSERT INTO football.game (idgame, home, away, season_id, referee_id, score_home, score_away, score) VALUES (413, 21, 35, 2, 21, 0, 0, 0);
INSERT INTO football.game (idgame, home, away, season_id, referee_id, score_home, score_away, score) VALUES (414, 21, 36, 2, 38, 1, 0, 1);
INSERT INTO football.game (idgame, home, away, season_id, referee_id, score_home, score_away, score) VALUES (415, 21, 38, 2, 31, 1, 1, 0);
INSERT INTO football.game (idgame, home, away, season_id, referee_id, score_home, score_away, score) VALUES (416, 21, 39, 2, 39, 1, 1, 0);
INSERT INTO football.game (idgame, home, away, season_id, referee_id, score_home, score_away, score) VALUES (417, 22, 43, 2, 32, 1, 0, 1);
INSERT INTO football.game (idgame, home, away, season_id, referee_id, score_home, score_away, score) VALUES (418, 22, 21, 2, 40, 2, 0, 1);
INSERT INTO football.game (idgame, home, away, season_id, referee_id, score_home, score_away, score) VALUES (419, 22, 23, 2, 24, 1, 1, 0);
INSERT INTO football.game (idgame, home, away, season_id, referee_id, score_home, score_away, score) VALUES (420, 22, 44, 2, 28, 3, 0, 1);
INSERT INTO football.game (idgame, home, away, season_id, referee_id, score_home, score_away, score) VALUES (421, 22, 45, 2, 37, 1, 0, 1);
INSERT INTO football.game (idgame, home, away, season_id, referee_id, score_home, score_away, score) VALUES (422, 22, 46, 2, 29, 2, 2, 0);
INSERT INTO football.game (idgame, home, away, season_id, referee_id, score_home, score_away, score) VALUES (423, 22, 25, 2, 27, 0, 2, 2);
INSERT INTO football.game (idgame, home, away, season_id, referee_id, score_home, score_away, score) VALUES (424, 22, 26, 2, 21, 2, 0, 1);
INSERT INTO football.game (idgame, home, away, season_id, referee_id, score_home, score_away, score) VALUES (425, 22, 47, 2, 29, 1, 1, 0);
INSERT INTO football.game (idgame, home, away, season_id, referee_id, score_home, score_away, score) VALUES (426, 22, 49, 2, 38, 4, 0, 1);
INSERT INTO football.game (idgame, home, away, season_id, referee_id, score_home, score_away, score) VALUES (427, 22, 28, 2, 27, 3, 0, 1);
INSERT INTO football.game (idgame, home, away, season_id, referee_id, score_home, score_away, score) VALUES (428, 22, 30, 2, 35, 1, 0, 1);
INSERT INTO football.game (idgame, home, away, season_id, referee_id, score_home, score_away, score) VALUES (429, 22, 24, 2, 22, 0, 0, 0);
INSERT INTO football.game (idgame, home, away, season_id, referee_id, score_home, score_away, score) VALUES (430, 22, 34, 2, 21, 0, 0, 0);
INSERT INTO football.game (idgame, home, away, season_id, referee_id, score_home, score_away, score) VALUES (431, 22, 35, 2, 30, 2, 1, 1);
INSERT INTO football.game (idgame, home, away, season_id, referee_id, score_home, score_away, score) VALUES (432, 22, 36, 2, 24, 2, 0, 1);
INSERT INTO football.game (idgame, home, away, season_id, referee_id, score_home, score_away, score) VALUES (433, 22, 38, 2, 26, 1, 0, 1);
INSERT INTO football.game (idgame, home, away, season_id, referee_id, score_home, score_away, score) VALUES (434, 22, 39, 2, 27, 1, 1, 0);
INSERT INTO football.game (idgame, home, away, season_id, referee_id, score_home, score_away, score) VALUES (435, 23, 43, 2, 31, 2, 1, 1);
INSERT INTO football.game (idgame, home, away, season_id, referee_id, score_home, score_away, score) VALUES (436, 23, 21, 2, 24, 2, 0, 1);
INSERT INTO football.game (idgame, home, away, season_id, referee_id, score_home, score_away, score) VALUES (437, 23, 22, 2, 35, 1, 0, 1);
INSERT INTO football.game (idgame, home, away, season_id, referee_id, score_home, score_away, score) VALUES (438, 23, 44, 2, 36, 2, 2, 0);
INSERT INTO football.game (idgame, home, away, season_id, referee_id, score_home, score_away, score) VALUES (439, 23, 45, 2, 37, 4, 0, 1);
INSERT INTO football.game (idgame, home, away, season_id, referee_id, score_home, score_away, score) VALUES (440, 23, 46, 2, 22, 6, 1, 1);
INSERT INTO football.game (idgame, home, away, season_id, referee_id, score_home, score_away, score) VALUES (441, 23, 25, 2, 23, 5, 0, 1);
INSERT INTO football.game (idgame, home, away, season_id, referee_id, score_home, score_away, score) VALUES (442, 23, 26, 2, 29, 0, 0, 0);
INSERT INTO football.game (idgame, home, away, season_id, referee_id, score_home, score_away, score) VALUES (443, 23, 47, 2, 22, 6, 1, 1);
INSERT INTO football.game (idgame, home, away, season_id, referee_id, score_home, score_away, score) VALUES (444, 23, 49, 2, 39, 3, 1, 1);
INSERT INTO football.game (idgame, home, away, season_id, referee_id, score_home, score_away, score) VALUES (445, 23, 28, 2, 24, 3, 0, 1);
INSERT INTO football.game (idgame, home, away, season_id, referee_id, score_home, score_away, score) VALUES (446, 23, 30, 2, 36, 2, 0, 1);
INSERT INTO football.game (idgame, home, away, season_id, referee_id, score_home, score_away, score) VALUES (447, 23, 24, 2, 35, 2, 0, 1);
INSERT INTO football.game (idgame, home, away, season_id, referee_id, score_home, score_away, score) VALUES (448, 23, 34, 2, 22, 2, 2, 0);
INSERT INTO football.game (idgame, home, away, season_id, referee_id, score_home, score_away, score) VALUES (449, 23, 35, 2, 25, 1, 0, 1);
INSERT INTO football.game (idgame, home, away, season_id, referee_id, score_home, score_away, score) VALUES (450, 23, 36, 2, 28, 2, 1, 1);
INSERT INTO football.game (idgame, home, away, season_id, referee_id, score_home, score_away, score) VALUES (451, 23, 38, 2, 21, 2, 1, 1);
INSERT INTO football.game (idgame, home, away, season_id, referee_id, score_home, score_away, score) VALUES (452, 23, 39, 2, 31, 5, 1, 1);
INSERT INTO football.game (idgame, home, away, season_id, referee_id, score_home, score_away, score) VALUES (453, 44, 43, 2, 23, 1, 0, 1);
INSERT INTO football.game (idgame, home, away, season_id, referee_id, score_home, score_away, score) VALUES (454, 44, 21, 2, 24, 3, 1, 1);
INSERT INTO football.game (idgame, home, away, season_id, referee_id, score_home, score_away, score) VALUES (455, 44, 22, 2, 29, 0, 1, 2);
INSERT INTO football.game (idgame, home, away, season_id, referee_id, score_home, score_away, score) VALUES (456, 44, 23, 2, 21, 2, 2, 0);
INSERT INTO football.game (idgame, home, away, season_id, referee_id, score_home, score_away, score) VALUES (457, 44, 45, 2, 37, 1, 1, 0);
INSERT INTO football.game (idgame, home, away, season_id, referee_id, score_home, score_away, score) VALUES (458, 44, 46, 2, 24, 2, 0, 1);
INSERT INTO football.game (idgame, home, away, season_id, referee_id, score_home, score_away, score) VALUES (459, 44, 25, 2, 27, 2, 2, 0);
INSERT INTO football.game (idgame, home, away, season_id, referee_id, score_home, score_away, score) VALUES (460, 44, 26, 2, 28, 1, 1, 0);
INSERT INTO football.game (idgame, home, away, season_id, referee_id, score_home, score_away, score) VALUES (461, 44, 47, 2, 28, 3, 3, 0);
INSERT INTO football.game (idgame, home, away, season_id, referee_id, score_home, score_away, score) VALUES (462, 44, 49, 2, 32, 1, 0, 1);
INSERT INTO football.game (idgame, home, away, season_id, referee_id, score_home, score_away, score) VALUES (463, 44, 28, 2, 38, 4, 2, 1);
INSERT INTO football.game (idgame, home, away, season_id, referee_id, score_home, score_away, score) VALUES (464, 44, 30, 2, 34, 0, 0, 0);
INSERT INTO football.game (idgame, home, away, season_id, referee_id, score_home, score_away, score) VALUES (465, 44, 24, 2, 21, 3, 2, 1);
INSERT INTO football.game (idgame, home, away, season_id, referee_id, score_home, score_away, score) VALUES (466, 44, 34, 2, 37, 2, 2, 0);
INSERT INTO football.game (idgame, home, away, season_id, referee_id, score_home, score_away, score) VALUES (467, 44, 35, 2, 25, 2, 3, 2);
INSERT INTO football.game (idgame, home, away, season_id, referee_id, score_home, score_away, score) VALUES (468, 44, 36, 2, 36, 4, 0, 1);
INSERT INTO football.game (idgame, home, away, season_id, referee_id, score_home, score_away, score) VALUES (469, 44, 38, 2, 22, 1, 1, 0);
INSERT INTO football.game (idgame, home, away, season_id, referee_id, score_home, score_away, score) VALUES (470, 44, 39, 2, 28, 0, 1, 2);
INSERT INTO football.game (idgame, home, away, season_id, referee_id, score_home, score_away, score) VALUES (471, 45, 43, 2, 40, 1, 0, 1);
INSERT INTO football.game (idgame, home, away, season_id, referee_id, score_home, score_away, score) VALUES (472, 45, 21, 2, 25, 2, 2, 0);
INSERT INTO football.game (idgame, home, away, season_id, referee_id, score_home, score_away, score) VALUES (473, 45, 22, 2, 31, 0, 1, 2);
INSERT INTO football.game (idgame, home, away, season_id, referee_id, score_home, score_away, score) VALUES (474, 45, 23, 2, 30, 2, 4, 2);
INSERT INTO football.game (idgame, home, away, season_id, referee_id, score_home, score_away, score) VALUES (475, 45, 44, 2, 29, 1, 3, 2);
INSERT INTO football.game (idgame, home, away, season_id, referee_id, score_home, score_away, score) VALUES (476, 45, 46, 2, 24, 1, 1, 0);
INSERT INTO football.game (idgame, home, away, season_id, referee_id, score_home, score_away, score) VALUES (477, 45, 25, 2, 39, 0, 0, 0);
INSERT INTO football.game (idgame, home, away, season_id, referee_id, score_home, score_away, score) VALUES (478, 45, 26, 2, 25, 2, 1, 1);
INSERT INTO football.game (idgame, home, away, season_id, referee_id, score_home, score_away, score) VALUES (479, 45, 47, 2, 40, 1, 2, 2);
INSERT INTO football.game (idgame, home, away, season_id, referee_id, score_home, score_away, score) VALUES (480, 45, 49, 2, 32, 1, 0, 1);
INSERT INTO football.game (idgame, home, away, season_id, referee_id, score_home, score_away, score) VALUES (481, 45, 28, 2, 26, 2, 2, 0);
INSERT INTO football.game (idgame, home, away, season_id, referee_id, score_home, score_away, score) VALUES (482, 45, 30, 2, 35, 3, 2, 1);
INSERT INTO football.game (idgame, home, away, season_id, referee_id, score_home, score_away, score) VALUES (483, 45, 24, 2, 22, 0, 1, 2);
INSERT INTO football.game (idgame, home, away, season_id, referee_id, score_home, score_away, score) VALUES (484, 45, 34, 2, 27, 0, 3, 2);
INSERT INTO football.game (idgame, home, away, season_id, referee_id, score_home, score_away, score) VALUES (485, 45, 35, 2, 29, 2, 4, 2);
INSERT INTO football.game (idgame, home, away, season_id, referee_id, score_home, score_away, score) VALUES (486, 45, 36, 2, 25, 0, 0, 0);
INSERT INTO football.game (idgame, home, away, season_id, referee_id, score_home, score_away, score) VALUES (487, 45, 38, 2, 39, 1, 2, 2);
INSERT INTO football.game (idgame, home, away, season_id, referee_id, score_home, score_away, score) VALUES (488, 45, 39, 2, 27, 2, 4, 2);
INSERT INTO football.game (idgame, home, away, season_id, referee_id, score_home, score_away, score) VALUES (489, 46, 43, 2, 29, 0, 1, 2);
INSERT INTO football.game (idgame, home, away, season_id, referee_id, score_home, score_away, score) VALUES (490, 46, 21, 2, 30, 0, 1, 2);
INSERT INTO football.game (idgame, home, away, season_id, referee_id, score_home, score_away, score) VALUES (491, 46, 22, 2, 25, 0, 1, 2);
INSERT INTO football.game (idgame, home, away, season_id, referee_id, score_home, score_away, score) VALUES (492, 46, 23, 2, 37, 0, 2, 2);
INSERT INTO football.game (idgame, home, away, season_id, referee_id, score_home, score_away, score) VALUES (493, 46, 44, 2, 40, 0, 4, 2);
INSERT INTO football.game (idgame, home, away, season_id, referee_id, score_home, score_away, score) VALUES (494, 46, 45, 2, 25, 0, 0, 0);
INSERT INTO football.game (idgame, home, away, season_id, referee_id, score_home, score_away, score) VALUES (495, 46, 25, 2, 35, 3, 1, 1);
INSERT INTO football.game (idgame, home, away, season_id, referee_id, score_home, score_away, score) VALUES (496, 46, 26, 2, 35, 0, 1, 2);
INSERT INTO football.game (idgame, home, away, season_id, referee_id, score_home, score_away, score) VALUES (497, 46, 47, 2, 29, 4, 1, 1);
INSERT INTO football.game (idgame, home, away, season_id, referee_id, score_home, score_away, score) VALUES (498, 46, 49, 2, 25, 1, 0, 1);
INSERT INTO football.game (idgame, home, away, season_id, referee_id, score_home, score_away, score) VALUES (499, 46, 28, 2, 34, 2, 2, 0);
INSERT INTO football.game (idgame, home, away, season_id, referee_id, score_home, score_away, score) VALUES (500, 46, 30, 2, 23, 1, 1, 0);
INSERT INTO football.game (idgame, home, away, season_id, referee_id, score_home, score_away, score) VALUES (501, 46, 24, 2, 28, 5, 0, 1);
INSERT INTO football.game (idgame, home, away, season_id, referee_id, score_home, score_away, score) VALUES (502, 46, 34, 2, 31, 1, 2, 2);
INSERT INTO football.game (idgame, home, away, season_id, referee_id, score_home, score_away, score) VALUES (503, 46, 35, 2, 32, 0, 0, 0);
INSERT INTO football.game (idgame, home, away, season_id, referee_id, score_home, score_away, score) VALUES (504, 46, 36, 2, 28, 5, 1, 1);
INSERT INTO football.game (idgame, home, away, season_id, referee_id, score_home, score_away, score) VALUES (505, 46, 38, 2, 32, 2, 1, 1);
INSERT INTO football.game (idgame, home, away, season_id, referee_id, score_home, score_away, score) VALUES (506, 46, 39, 2, 38, 1, 0, 1);
INSERT INTO football.game (idgame, home, away, season_id, referee_id, score_home, score_away, score) VALUES (507, 25, 43, 2, 34, 0, 0, 0);
INSERT INTO football.game (idgame, home, away, season_id, referee_id, score_home, score_away, score) VALUES (508, 25, 21, 2, 28, 1, 1, 0);
INSERT INTO football.game (idgame, home, away, season_id, referee_id, score_home, score_away, score) VALUES (509, 25, 22, 2, 37, 1, 0, 1);
INSERT INTO football.game (idgame, home, away, season_id, referee_id, score_home, score_away, score) VALUES (510, 25, 23, 2, 39, 1, 1, 0);
INSERT INTO football.game (idgame, home, away, season_id, referee_id, score_home, score_away, score) VALUES (511, 25, 44, 2, 22, 2, 1, 1);
INSERT INTO football.game (idgame, home, away, season_id, referee_id, score_home, score_away, score) VALUES (512, 25, 45, 2, 25, 4, 1, 1);
INSERT INTO football.game (idgame, home, away, season_id, referee_id, score_home, score_away, score) VALUES (513, 25, 46, 2, 26, 0, 1, 2);
INSERT INTO football.game (idgame, home, away, season_id, referee_id, score_home, score_away, score) VALUES (514, 25, 26, 2, 38, 1, 0, 1);
INSERT INTO football.game (idgame, home, away, season_id, referee_id, score_home, score_away, score) VALUES (515, 25, 47, 2, 24, 0, 1, 2);
INSERT INTO football.game (idgame, home, away, season_id, referee_id, score_home, score_away, score) VALUES (516, 25, 49, 2, 31, 0, 1, 2);
INSERT INTO football.game (idgame, home, away, season_id, referee_id, score_home, score_away, score) VALUES (517, 25, 28, 2, 23, 0, 0, 0);
INSERT INTO football.game (idgame, home, away, season_id, referee_id, score_home, score_away, score) VALUES (518, 25, 30, 2, 24, 4, 1, 1);
INSERT INTO football.game (idgame, home, away, season_id, referee_id, score_home, score_away, score) VALUES (519, 25, 24, 2, 27, 1, 0, 1);
INSERT INTO football.game (idgame, home, away, season_id, referee_id, score_home, score_away, score) VALUES (520, 25, 34, 2, 30, 1, 0, 1);
INSERT INTO football.game (idgame, home, away, season_id, referee_id, score_home, score_away, score) VALUES (521, 25, 35, 2, 37, 2, 1, 1);
INSERT INTO football.game (idgame, home, away, season_id, referee_id, score_home, score_away, score) VALUES (522, 25, 36, 2, 40, 0, 3, 2);
INSERT INTO football.game (idgame, home, away, season_id, referee_id, score_home, score_away, score) VALUES (523, 25, 38, 2, 40, 0, 2, 2);
INSERT INTO football.game (idgame, home, away, season_id, referee_id, score_home, score_away, score) VALUES (524, 25, 39, 2, 23, 1, 1, 0);
INSERT INTO football.game (idgame, home, away, season_id, referee_id, score_home, score_away, score) VALUES (525, 26, 43, 2, 33, 4, 1, 1);
INSERT INTO football.game (idgame, home, away, season_id, referee_id, score_home, score_away, score) VALUES (526, 26, 21, 2, 33, 2, 2, 0);
INSERT INTO football.game (idgame, home, away, season_id, referee_id, score_home, score_away, score) VALUES (527, 26, 22, 2, 31, 0, 1, 2);
INSERT INTO football.game (idgame, home, away, season_id, referee_id, score_home, score_away, score) VALUES (528, 26, 23, 2, 34, 1, 2, 2);
INSERT INTO football.game (idgame, home, away, season_id, referee_id, score_home, score_away, score) VALUES (529, 26, 44, 2, 37, 3, 0, 1);
INSERT INTO football.game (idgame, home, away, season_id, referee_id, score_home, score_away, score) VALUES (530, 26, 45, 2, 22, 3, 0, 1);
INSERT INTO football.game (idgame, home, away, season_id, referee_id, score_home, score_away, score) VALUES (531, 26, 46, 2, 34, 0, 0, 0);
INSERT INTO football.game (idgame, home, away, season_id, referee_id, score_home, score_away, score) VALUES (532, 26, 25, 2, 39, 1, 0, 1);
INSERT INTO football.game (idgame, home, away, season_id, referee_id, score_home, score_away, score) VALUES (533, 26, 47, 2, 31, 1, 1, 0);
INSERT INTO football.game (idgame, home, away, season_id, referee_id, score_home, score_away, score) VALUES (534, 26, 49, 2, 40, 0, 0, 0);
INSERT INTO football.game (idgame, home, away, season_id, referee_id, score_home, score_away, score) VALUES (535, 26, 28, 2, 32, 0, 1, 2);
INSERT INTO football.game (idgame, home, away, season_id, referee_id, score_home, score_away, score) VALUES (536, 26, 30, 2, 38, 1, 0, 1);
INSERT INTO football.game (idgame, home, away, season_id, referee_id, score_home, score_away, score) VALUES (537, 26, 24, 2, 21, 0, 1, 2);
INSERT INTO football.game (idgame, home, away, season_id, referee_id, score_home, score_away, score) VALUES (538, 26, 34, 2, 21, 1, 2, 2);
INSERT INTO football.game (idgame, home, away, season_id, referee_id, score_home, score_away, score) VALUES (539, 26, 35, 2, 34, 2, 1, 1);
INSERT INTO football.game (idgame, home, away, season_id, referee_id, score_home, score_away, score) VALUES (540, 26, 36, 2, 27, 0, 1, 2);
INSERT INTO football.game (idgame, home, away, season_id, referee_id, score_home, score_away, score) VALUES (541, 26, 38, 2, 30, 1, 0, 1);
INSERT INTO football.game (idgame, home, away, season_id, referee_id, score_home, score_away, score) VALUES (542, 26, 39, 2, 39, 4, 0, 1);
INSERT INTO football.game (idgame, home, away, season_id, referee_id, score_home, score_away, score) VALUES (543, 47, 43, 2, 34, 2, 3, 2);
INSERT INTO football.game (idgame, home, away, season_id, referee_id, score_home, score_away, score) VALUES (544, 47, 21, 2, 22, 2, 0, 1);
INSERT INTO football.game (idgame, home, away, season_id, referee_id, score_home, score_away, score) VALUES (545, 47, 22, 2, 21, 2, 2, 0);
INSERT INTO football.game (idgame, home, away, season_id, referee_id, score_home, score_away, score) VALUES (546, 47, 23, 2, 36, 0, 3, 2);
INSERT INTO football.game (idgame, home, away, season_id, referee_id, score_home, score_away, score) VALUES (547, 47, 44, 2, 37, 1, 0, 1);
INSERT INTO football.game (idgame, home, away, season_id, referee_id, score_home, score_away, score) VALUES (548, 47, 45, 2, 21, 2, 0, 1);
INSERT INTO football.game (idgame, home, away, season_id, referee_id, score_home, score_away, score) VALUES (549, 47, 46, 2, 21, 1, 4, 2);
INSERT INTO football.game (idgame, home, away, season_id, referee_id, score_home, score_away, score) VALUES (550, 47, 25, 2, 34, 0, 2, 2);
INSERT INTO football.game (idgame, home, away, season_id, referee_id, score_home, score_away, score) VALUES (551, 47, 26, 2, 21, 1, 0, 1);
INSERT INTO football.game (idgame, home, away, season_id, referee_id, score_home, score_away, score) VALUES (552, 47, 49, 2, 25, 3, 0, 1);
INSERT INTO football.game (idgame, home, away, season_id, referee_id, score_home, score_away, score) VALUES (553, 47, 28, 2, 26, 1, 1, 0);
INSERT INTO football.game (idgame, home, away, season_id, referee_id, score_home, score_away, score) VALUES (554, 47, 30, 2, 34, 1, 0, 1);
INSERT INTO football.game (idgame, home, away, season_id, referee_id, score_home, score_away, score) VALUES (555, 47, 24, 2, 34, 0, 1, 2);
INSERT INTO football.game (idgame, home, away, season_id, referee_id, score_home, score_away, score) VALUES (556, 47, 34, 2, 32, 2, 1, 1);
INSERT INTO football.game (idgame, home, away, season_id, referee_id, score_home, score_away, score) VALUES (557, 47, 35, 2, 29, 1, 1, 0);
INSERT INTO football.game (idgame, home, away, season_id, referee_id, score_home, score_away, score) VALUES (558, 47, 36, 2, 31, 0, 1, 2);
INSERT INTO football.game (idgame, home, away, season_id, referee_id, score_home, score_away, score) VALUES (559, 47, 38, 2, 21, 0, 1, 2);
INSERT INTO football.game (idgame, home, away, season_id, referee_id, score_home, score_away, score) VALUES (560, 47, 39, 2, 27, 1, 2, 2);
INSERT INTO football.game (idgame, home, away, season_id, referee_id, score_home, score_away, score) VALUES (561, 49, 43, 2, 34, 1, 0, 1);
INSERT INTO football.game (idgame, home, away, season_id, referee_id, score_home, score_away, score) VALUES (562, 49, 21, 2, 28, 1, 0, 1);
INSERT INTO football.game (idgame, home, away, season_id, referee_id, score_home, score_away, score) VALUES (563, 49, 22, 2, 26, 0, 0, 0);
INSERT INTO football.game (idgame, home, away, season_id, referee_id, score_home, score_away, score) VALUES (564, 49, 23, 2, 34, 0, 3, 2);
INSERT INTO football.game (idgame, home, away, season_id, referee_id, score_home, score_away, score) VALUES (565, 49, 44, 2, 29, 1, 0, 1);
INSERT INTO football.game (idgame, home, away, season_id, referee_id, score_home, score_away, score) VALUES (566, 49, 45, 2, 36, 0, 0, 0);
INSERT INTO football.game (idgame, home, away, season_id, referee_id, score_home, score_away, score) VALUES (567, 49, 46, 2, 30, 0, 1, 2);
INSERT INTO football.game (idgame, home, away, season_id, referee_id, score_home, score_away, score) VALUES (568, 49, 25, 2, 35, 3, 2, 1);
INSERT INTO football.game (idgame, home, away, season_id, referee_id, score_home, score_away, score) VALUES (569, 49, 26, 2, 33, 1, 2, 2);
INSERT INTO football.game (idgame, home, away, season_id, referee_id, score_home, score_away, score) VALUES (570, 49, 47, 2, 23, 0, 0, 0);
INSERT INTO football.game (idgame, home, away, season_id, referee_id, score_home, score_away, score) VALUES (571, 49, 28, 2, 33, 0, 3, 2);
INSERT INTO football.game (idgame, home, away, season_id, referee_id, score_home, score_away, score) VALUES (572, 49, 30, 2, 22, 2, 0, 1);
INSERT INTO football.game (idgame, home, away, season_id, referee_id, score_home, score_away, score) VALUES (573, 49, 24, 2, 33, 3, 2, 1);
INSERT INTO football.game (idgame, home, away, season_id, referee_id, score_home, score_away, score) VALUES (574, 49, 34, 2, 35, 1, 3, 2);
INSERT INTO football.game (idgame, home, away, season_id, referee_id, score_home, score_away, score) VALUES (575, 49, 35, 2, 26, 1, 0, 1);
INSERT INTO football.game (idgame, home, away, season_id, referee_id, score_home, score_away, score) VALUES (576, 49, 36, 2, 24, 2, 1, 1);
INSERT INTO football.game (idgame, home, away, season_id, referee_id, score_home, score_away, score) VALUES (577, 49, 38, 2, 37, 0, 1, 2);
INSERT INTO football.game (idgame, home, away, season_id, referee_id, score_home, score_away, score) VALUES (578, 49, 39, 2, 26, 3, 1, 1);
INSERT INTO football.game (idgame, home, away, season_id, referee_id, score_home, score_away, score) VALUES (579, 28, 43, 2, 25, 0, 2, 2);
INSERT INTO football.game (idgame, home, away, season_id, referee_id, score_home, score_away, score) VALUES (580, 28, 21, 2, 23, 1, 2, 2);
INSERT INTO football.game (idgame, home, away, season_id, referee_id, score_home, score_away, score) VALUES (581, 28, 22, 2, 40, 0, 5, 2);
INSERT INTO football.game (idgame, home, away, season_id, referee_id, score_home, score_away, score) VALUES (582, 28, 23, 2, 24, 5, 4, 1);
INSERT INTO football.game (idgame, home, away, season_id, referee_id, score_home, score_away, score) VALUES (583, 28, 44, 2, 26, 0, 1, 2);
INSERT INTO football.game (idgame, home, away, season_id, referee_id, score_home, score_away, score) VALUES (584, 28, 45, 2, 40, 2, 2, 0);
INSERT INTO football.game (idgame, home, away, season_id, referee_id, score_home, score_away, score) VALUES (585, 28, 46, 2, 28, 2, 1, 1);
INSERT INTO football.game (idgame, home, away, season_id, referee_id, score_home, score_away, score) VALUES (586, 28, 25, 2, 39, 1, 1, 0);
INSERT INTO football.game (idgame, home, away, season_id, referee_id, score_home, score_away, score) VALUES (587, 28, 26, 2, 38, 1, 1, 0);
INSERT INTO football.game (idgame, home, away, season_id, referee_id, score_home, score_away, score) VALUES (588, 28, 47, 2, 33, 1, 2, 2);
INSERT INTO football.game (idgame, home, away, season_id, referee_id, score_home, score_away, score) VALUES (589, 28, 49, 2, 33, 0, 0, 0);
INSERT INTO football.game (idgame, home, away, season_id, referee_id, score_home, score_away, score) VALUES (590, 28, 30, 2, 31, 1, 0, 1);
INSERT INTO football.game (idgame, home, away, season_id, referee_id, score_home, score_away, score) VALUES (591, 28, 24, 2, 31, 0, 2, 2);
INSERT INTO football.game (idgame, home, away, season_id, referee_id, score_home, score_away, score) VALUES (592, 28, 34, 2, 21, 2, 2, 0);
INSERT INTO football.game (idgame, home, away, season_id, referee_id, score_home, score_away, score) VALUES (593, 28, 35, 2, 39, 3, 0, 1);
INSERT INTO football.game (idgame, home, away, season_id, referee_id, score_home, score_away, score) VALUES (594, 28, 36, 2, 22, 2, 1, 1);
INSERT INTO football.game (idgame, home, away, season_id, referee_id, score_home, score_away, score) VALUES (595, 28, 38, 2, 29, 1, 1, 0);
INSERT INTO football.game (idgame, home, away, season_id, referee_id, score_home, score_away, score) VALUES (596, 28, 39, 2, 22, 1, 0, 1);
INSERT INTO football.game (idgame, home, away, season_id, referee_id, score_home, score_away, score) VALUES (597, 30, 43, 2, 40, 0, 3, 2);
INSERT INTO football.game (idgame, home, away, season_id, referee_id, score_home, score_away, score) VALUES (598, 30, 21, 2, 23, 3, 3, 0);
INSERT INTO football.game (idgame, home, away, season_id, referee_id, score_home, score_away, score) VALUES (599, 30, 22, 2, 33, 0, 1, 2);
INSERT INTO football.game (idgame, home, away, season_id, referee_id, score_home, score_away, score) VALUES (600, 30, 23, 2, 23, 0, 2, 2);
INSERT INTO football.game (idgame, home, away, season_id, referee_id, score_home, score_away, score) VALUES (601, 30, 44, 2, 21, 2, 1, 1);
INSERT INTO football.game (idgame, home, away, season_id, referee_id, score_home, score_away, score) VALUES (602, 30, 45, 2, 40, 3, 2, 1);
INSERT INTO football.game (idgame, home, away, season_id, referee_id, score_home, score_away, score) VALUES (603, 30, 46, 2, 28, 0, 1, 2);
INSERT INTO football.game (idgame, home, away, season_id, referee_id, score_home, score_away, score) VALUES (604, 30, 25, 2, 37, 0, 1, 2);
INSERT INTO football.game (idgame, home, away, season_id, referee_id, score_home, score_away, score) VALUES (605, 30, 26, 2, 37, 0, 1, 2);
INSERT INTO football.game (idgame, home, away, season_id, referee_id, score_home, score_away, score) VALUES (606, 30, 47, 2, 36, 0, 0, 0);
INSERT INTO football.game (idgame, home, away, season_id, referee_id, score_home, score_away, score) VALUES (607, 30, 49, 2, 39, 0, 2, 2);
INSERT INTO football.game (idgame, home, away, season_id, referee_id, score_home, score_away, score) VALUES (608, 30, 28, 2, 27, 0, 0, 0);
INSERT INTO football.game (idgame, home, away, season_id, referee_id, score_home, score_away, score) VALUES (609, 30, 24, 2, 24, 0, 2, 2);
INSERT INTO football.game (idgame, home, away, season_id, referee_id, score_home, score_away, score) VALUES (610, 30, 34, 2, 38, 1, 2, 2);
INSERT INTO football.game (idgame, home, away, season_id, referee_id, score_home, score_away, score) VALUES (611, 30, 35, 2, 35, 2, 0, 1);
INSERT INTO football.game (idgame, home, away, season_id, referee_id, score_home, score_away, score) VALUES (612, 30, 36, 2, 21, 0, 1, 2);
INSERT INTO football.game (idgame, home, away, season_id, referee_id, score_home, score_away, score) VALUES (613, 30, 38, 2, 26, 1, 2, 2);
INSERT INTO football.game (idgame, home, away, season_id, referee_id, score_home, score_away, score) VALUES (614, 30, 39, 2, 28, 1, 0, 1);
INSERT INTO football.game (idgame, home, away, season_id, referee_id, score_home, score_away, score) VALUES (615, 24, 43, 2, 35, 2, 0, 1);
INSERT INTO football.game (idgame, home, away, season_id, referee_id, score_home, score_away, score) VALUES (616, 24, 21, 2, 30, 0, 2, 2);
INSERT INTO football.game (idgame, home, away, season_id, referee_id, score_home, score_away, score) VALUES (617, 24, 22, 2, 33, 0, 1, 2);
INSERT INTO football.game (idgame, home, away, season_id, referee_id, score_home, score_away, score) VALUES (618, 24, 23, 2, 25, 0, 5, 2);
INSERT INTO football.game (idgame, home, away, season_id, referee_id, score_home, score_away, score) VALUES (619, 24, 44, 2, 35, 2, 1, 1);
INSERT INTO football.game (idgame, home, away, season_id, referee_id, score_home, score_away, score) VALUES (620, 24, 45, 2, 31, 2, 1, 1);
INSERT INTO football.game (idgame, home, away, season_id, referee_id, score_home, score_away, score) VALUES (621, 24, 46, 2, 40, 2, 0, 1);
INSERT INTO football.game (idgame, home, away, season_id, referee_id, score_home, score_away, score) VALUES (622, 24, 25, 2, 21, 3, 0, 1);
INSERT INTO football.game (idgame, home, away, season_id, referee_id, score_home, score_away, score) VALUES (623, 24, 26, 2, 31, 2, 2, 0);
INSERT INTO football.game (idgame, home, away, season_id, referee_id, score_home, score_away, score) VALUES (624, 24, 47, 2, 24, 2, 2, 0);
INSERT INTO football.game (idgame, home, away, season_id, referee_id, score_home, score_away, score) VALUES (625, 24, 49, 2, 29, 3, 2, 1);
INSERT INTO football.game (idgame, home, away, season_id, referee_id, score_home, score_away, score) VALUES (626, 24, 28, 2, 36, 4, 0, 1);
INSERT INTO football.game (idgame, home, away, season_id, referee_id, score_home, score_away, score) VALUES (627, 24, 30, 2, 32, 2, 1, 1);
INSERT INTO football.game (idgame, home, away, season_id, referee_id, score_home, score_away, score) VALUES (628, 24, 34, 2, 23, 3, 5, 2);
INSERT INTO football.game (idgame, home, away, season_id, referee_id, score_home, score_away, score) VALUES (629, 24, 35, 2, 26, 0, 0, 0);
INSERT INTO football.game (idgame, home, away, season_id, referee_id, score_home, score_away, score) VALUES (630, 24, 36, 2, 22, 2, 2, 0);
INSERT INTO football.game (idgame, home, away, season_id, referee_id, score_home, score_away, score) VALUES (631, 24, 38, 2, 39, 3, 6, 2);
INSERT INTO football.game (idgame, home, away, season_id, referee_id, score_home, score_away, score) VALUES (632, 24, 39, 2, 25, 2, 1, 1);
INSERT INTO football.game (idgame, home, away, season_id, referee_id, score_home, score_away, score) VALUES (633, 34, 43, 2, 30, 4, 0, 1);
INSERT INTO football.game (idgame, home, away, season_id, referee_id, score_home, score_away, score) VALUES (634, 34, 21, 2, 27, 1, 1, 0);
INSERT INTO football.game (idgame, home, away, season_id, referee_id, score_home, score_away, score) VALUES (635, 34, 22, 2, 28, 1, 1, 0);
INSERT INTO football.game (idgame, home, away, season_id, referee_id, score_home, score_away, score) VALUES (636, 34, 23, 2, 24, 0, 3, 2);
INSERT INTO football.game (idgame, home, away, season_id, referee_id, score_home, score_away, score) VALUES (637, 34, 44, 2, 26, 6, 0, 1);
INSERT INTO football.game (idgame, home, away, season_id, referee_id, score_home, score_away, score) VALUES (638, 34, 45, 2, 39, 7, 1, 1);
INSERT INTO football.game (idgame, home, away, season_id, referee_id, score_home, score_away, score) VALUES (639, 34, 46, 2, 34, 3, 0, 1);
INSERT INTO football.game (idgame, home, away, season_id, referee_id, score_home, score_away, score) VALUES (640, 34, 25, 2, 36, 2, 0, 1);
INSERT INTO football.game (idgame, home, away, season_id, referee_id, score_home, score_away, score) VALUES (641, 34, 26, 2, 38, 3, 1, 1);
INSERT INTO football.game (idgame, home, away, season_id, referee_id, score_home, score_away, score) VALUES (642, 34, 47, 2, 37, 6, 3, 1);
INSERT INTO football.game (idgame, home, away, season_id, referee_id, score_home, score_away, score) VALUES (643, 34, 49, 2, 36, 2, 1, 1);
INSERT INTO football.game (idgame, home, away, season_id, referee_id, score_home, score_away, score) VALUES (644, 34, 28, 2, 37, 1, 1, 0);
INSERT INTO football.game (idgame, home, away, season_id, referee_id, score_home, score_away, score) VALUES (645, 34, 30, 2, 21, 3, 2, 1);
INSERT INTO football.game (idgame, home, away, season_id, referee_id, score_home, score_away, score) VALUES (646, 34, 24, 2, 28, 0, 1, 2);
INSERT INTO football.game (idgame, home, away, season_id, referee_id, score_home, score_away, score) VALUES (647, 34, 35, 2, 23, 5, 2, 1);
INSERT INTO football.game (idgame, home, away, season_id, referee_id, score_home, score_away, score) VALUES (648, 34, 36, 2, 28, 5, 0, 1);
INSERT INTO football.game (idgame, home, away, season_id, referee_id, score_home, score_away, score) VALUES (649, 34, 38, 2, 39, 2, 2, 0);
INSERT INTO football.game (idgame, home, away, season_id, referee_id, score_home, score_away, score) VALUES (650, 34, 39, 2, 27, 0, 1, 2);
INSERT INTO football.game (idgame, home, away, season_id, referee_id, score_home, score_away, score) VALUES (651, 35, 43, 2, 31, 2, 1, 1);
INSERT INTO football.game (idgame, home, away, season_id, referee_id, score_home, score_away, score) VALUES (652, 35, 21, 2, 34, 3, 1, 1);
INSERT INTO football.game (idgame, home, away, season_id, referee_id, score_home, score_away, score) VALUES (653, 35, 22, 2, 30, 3, 0, 1);
INSERT INTO football.game (idgame, home, away, season_id, referee_id, score_home, score_away, score) VALUES (654, 35, 23, 2, 37, 2, 4, 2);
INSERT INTO football.game (idgame, home, away, season_id, referee_id, score_home, score_away, score) VALUES (655, 35, 44, 2, 40, 1, 2, 2);
INSERT INTO football.game (idgame, home, away, season_id, referee_id, score_home, score_away, score) VALUES (656, 35, 45, 2, 30, 5, 0, 1);
INSERT INTO football.game (idgame, home, away, season_id, referee_id, score_home, score_away, score) VALUES (657, 35, 46, 2, 25, 3, 1, 1);
INSERT INTO football.game (idgame, home, away, season_id, referee_id, score_home, score_away, score) VALUES (658, 35, 25, 2, 30, 1, 1, 0);
INSERT INTO football.game (idgame, home, away, season_id, referee_id, score_home, score_away, score) VALUES (659, 35, 26, 2, 34, 1, 2, 2);
INSERT INTO football.game (idgame, home, away, season_id, referee_id, score_home, score_away, score) VALUES (660, 35, 47, 2, 24, 5, 0, 1);
INSERT INTO football.game (idgame, home, away, season_id, referee_id, score_home, score_away, score) VALUES (661, 35, 49, 2, 30, 3, 2, 1);
INSERT INTO football.game (idgame, home, away, season_id, referee_id, score_home, score_away, score) VALUES (662, 35, 28, 2, 23, 3, 0, 1);
INSERT INTO football.game (idgame, home, away, season_id, referee_id, score_home, score_away, score) VALUES (663, 35, 30, 2, 23, 0, 2, 2);
INSERT INTO football.game (idgame, home, away, season_id, referee_id, score_home, score_away, score) VALUES (664, 35, 24, 2, 40, 4, 4, 0);
INSERT INTO football.game (idgame, home, away, season_id, referee_id, score_home, score_away, score) VALUES (665, 35, 34, 2, 40, 1, 3, 2);
INSERT INTO football.game (idgame, home, away, season_id, referee_id, score_home, score_away, score) VALUES (666, 35, 36, 2, 39, 3, 1, 1);
INSERT INTO football.game (idgame, home, away, season_id, referee_id, score_home, score_away, score) VALUES (667, 35, 38, 2, 28, 2, 3, 2);
INSERT INTO football.game (idgame, home, away, season_id, referee_id, score_home, score_away, score) VALUES (668, 35, 39, 2, 37, 3, 0, 1);
INSERT INTO football.game (idgame, home, away, season_id, referee_id, score_home, score_away, score) VALUES (669, 36, 43, 2, 40, 1, 0, 1);
INSERT INTO football.game (idgame, home, away, season_id, referee_id, score_home, score_away, score) VALUES (670, 36, 21, 2, 34, 2, 0, 1);
INSERT INTO football.game (idgame, home, away, season_id, referee_id, score_home, score_away, score) VALUES (671, 36, 22, 2, 32, 2, 5, 2);
INSERT INTO football.game (idgame, home, away, season_id, referee_id, score_home, score_away, score) VALUES (672, 36, 23, 2, 21, 2, 2, 0);
INSERT INTO football.game (idgame, home, away, season_id, referee_id, score_home, score_away, score) VALUES (673, 36, 44, 2, 25, 2, 1, 1);
INSERT INTO football.game (idgame, home, away, season_id, referee_id, score_home, score_away, score) VALUES (674, 36, 45, 2, 33, 2, 0, 1);
INSERT INTO football.game (idgame, home, away, season_id, referee_id, score_home, score_away, score) VALUES (675, 36, 46, 2, 31, 3, 0, 1);
INSERT INTO football.game (idgame, home, away, season_id, referee_id, score_home, score_away, score) VALUES (676, 36, 25, 2, 33, 1, 1, 0);
INSERT INTO football.game (idgame, home, away, season_id, referee_id, score_home, score_away, score) VALUES (677, 36, 26, 2, 31, 1, 1, 0);
INSERT INTO football.game (idgame, home, away, season_id, referee_id, score_home, score_away, score) VALUES (678, 36, 47, 2, 28, 1, 0, 1);
INSERT INTO football.game (idgame, home, away, season_id, referee_id, score_home, score_away, score) VALUES (679, 36, 49, 2, 26, 2, 1, 1);
INSERT INTO football.game (idgame, home, away, season_id, referee_id, score_home, score_away, score) VALUES (680, 36, 28, 2, 38, 0, 0, 0);
INSERT INTO football.game (idgame, home, away, season_id, referee_id, score_home, score_away, score) VALUES (681, 36, 30, 2, 25, 2, 0, 1);
INSERT INTO football.game (idgame, home, away, season_id, referee_id, score_home, score_away, score) VALUES (682, 36, 24, 2, 34, 3, 5, 2);
INSERT INTO football.game (idgame, home, away, season_id, referee_id, score_home, score_away, score) VALUES (683, 36, 34, 2, 37, 3, 2, 1);
INSERT INTO football.game (idgame, home, away, season_id, referee_id, score_home, score_away, score) VALUES (684, 36, 35, 2, 25, 1, 0, 1);
INSERT INTO football.game (idgame, home, away, season_id, referee_id, score_home, score_away, score) VALUES (685, 36, 38, 2, 34, 0, 2, 2);
INSERT INTO football.game (idgame, home, away, season_id, referee_id, score_home, score_away, score) VALUES (686, 36, 39, 2, 39, 2, 2, 0);
INSERT INTO football.game (idgame, home, away, season_id, referee_id, score_home, score_away, score) VALUES (687, 38, 43, 2, 36, 3, 1, 1);
INSERT INTO football.game (idgame, home, away, season_id, referee_id, score_home, score_away, score) VALUES (688, 38, 21, 2, 32, 3, 2, 1);
INSERT INTO football.game (idgame, home, away, season_id, referee_id, score_home, score_away, score) VALUES (689, 38, 22, 2, 29, 0, 0, 0);
INSERT INTO football.game (idgame, home, away, season_id, referee_id, score_home, score_away, score) VALUES (690, 38, 23, 2, 32, 1, 1, 0);
INSERT INTO football.game (idgame, home, away, season_id, referee_id, score_home, score_away, score) VALUES (691, 38, 44, 2, 37, 2, 1, 1);
INSERT INTO football.game (idgame, home, away, season_id, referee_id, score_home, score_away, score) VALUES (692, 38, 45, 2, 29, 2, 1, 1);
INSERT INTO football.game (idgame, home, away, season_id, referee_id, score_home, score_away, score) VALUES (693, 38, 46, 2, 35, 0, 0, 0);
INSERT INTO football.game (idgame, home, away, season_id, referee_id, score_home, score_away, score) VALUES (694, 38, 25, 2, 32, 1, 0, 1);
INSERT INTO football.game (idgame, home, away, season_id, referee_id, score_home, score_away, score) VALUES (695, 38, 26, 2, 29, 1, 2, 2);
INSERT INTO football.game (idgame, home, away, season_id, referee_id, score_home, score_away, score) VALUES (696, 38, 47, 2, 22, 2, 1, 1);
INSERT INTO football.game (idgame, home, away, season_id, referee_id, score_home, score_away, score) VALUES (697, 38, 49, 2, 34, 3, 0, 1);
INSERT INTO football.game (idgame, home, away, season_id, referee_id, score_home, score_away, score) VALUES (698, 38, 28, 2, 26, 3, 1, 1);
INSERT INTO football.game (idgame, home, away, season_id, referee_id, score_home, score_away, score) VALUES (699, 38, 30, 2, 37, 5, 0, 1);
INSERT INTO football.game (idgame, home, away, season_id, referee_id, score_home, score_away, score) VALUES (700, 38, 24, 2, 38, 2, 0, 1);
INSERT INTO football.game (idgame, home, away, season_id, referee_id, score_home, score_away, score) VALUES (701, 38, 34, 2, 32, 1, 4, 2);
INSERT INTO football.game (idgame, home, away, season_id, referee_id, score_home, score_away, score) VALUES (702, 38, 35, 2, 25, 2, 1, 1);
INSERT INTO football.game (idgame, home, away, season_id, referee_id, score_home, score_away, score) VALUES (703, 38, 36, 2, 24, 4, 0, 1);
INSERT INTO football.game (idgame, home, away, season_id, referee_id, score_home, score_away, score) VALUES (704, 38, 39, 2, 37, 0, 1, 2);
INSERT INTO football.game (idgame, home, away, season_id, referee_id, score_home, score_away, score) VALUES (705, 39, 43, 2, 37, 1, 2, 2);
INSERT INTO football.game (idgame, home, away, season_id, referee_id, score_home, score_away, score) VALUES (706, 39, 21, 2, 30, 1, 3, 2);
INSERT INTO football.game (idgame, home, away, season_id, referee_id, score_home, score_away, score) VALUES (707, 39, 22, 2, 40, 2, 1, 1);
INSERT INTO football.game (idgame, home, away, season_id, referee_id, score_home, score_away, score) VALUES (708, 39, 23, 2, 28, 0, 2, 2);
INSERT INTO football.game (idgame, home, away, season_id, referee_id, score_home, score_away, score) VALUES (709, 39, 44, 2, 32, 4, 1, 1);
INSERT INTO football.game (idgame, home, away, season_id, referee_id, score_home, score_away, score) VALUES (710, 39, 45, 2, 34, 1, 1, 0);
INSERT INTO football.game (idgame, home, away, season_id, referee_id, score_home, score_away, score) VALUES (711, 39, 46, 2, 31, 3, 0, 1);
INSERT INTO football.game (idgame, home, away, season_id, referee_id, score_home, score_away, score) VALUES (712, 39, 25, 2, 32, 0, 0, 0);
INSERT INTO football.game (idgame, home, away, season_id, referee_id, score_home, score_away, score) VALUES (713, 39, 26, 2, 30, 1, 0, 1);
INSERT INTO football.game (idgame, home, away, season_id, referee_id, score_home, score_away, score) VALUES (714, 39, 47, 2, 22, 0, 2, 2);
INSERT INTO football.game (idgame, home, away, season_id, referee_id, score_home, score_away, score) VALUES (715, 39, 49, 2, 38, 2, 1, 1);
INSERT INTO football.game (idgame, home, away, season_id, referee_id, score_home, score_away, score) VALUES (716, 39, 28, 2, 24, 2, 1, 1);
INSERT INTO football.game (idgame, home, away, season_id, referee_id, score_home, score_away, score) VALUES (717, 39, 30, 2, 26, 2, 0, 1);
INSERT INTO football.game (idgame, home, away, season_id, referee_id, score_home, score_away, score) VALUES (718, 39, 24, 2, 35, 3, 1, 1);
INSERT INTO football.game (idgame, home, away, season_id, referee_id, score_home, score_away, score) VALUES (719, 39, 34, 2, 32, 2, 2, 0);
INSERT INTO football.game (idgame, home, away, season_id, referee_id, score_home, score_away, score) VALUES (720, 39, 35, 2, 26, 4, 2, 1);
INSERT INTO football.game (idgame, home, away, season_id, referee_id, score_home, score_away, score) VALUES (721, 39, 36, 2, 37, 2, 3, 2);
INSERT INTO football.game (idgame, home, away, season_id, referee_id, score_home, score_away, score) VALUES (722, 39, 38, 2, 30, 1, 0, 1);